#,Name,Image,Type,Source,Season,Reorderable,Buy Price (Bells),Buy Price (Medals),Sell Price (Re-Tail),Sell Price (Nooklings),Sell Price (Leila),HHA Base Points,Series,HHA Theme Challenge,When HHA Lucky,Color 1,Color 2,Fashion,Gender,Category,Catalog Keyword,Name (1.0),Name (English EU),Name (Japanese),Name (Spanish NA),Name (Spanish EU),Name (French NA),Name (French EU),Name (German),Name (Italian),Name (Korean),Version Added,Hex ID (1.0),Hex ID (1.4),Hex ID [Wall] (1.4),Model Filename,New To Series,Name (GCN),Name (WW),Name (CF),Name (NH),Name (HHD),Name (PC)
001,24-hour-shop uniform,,T-Shirt,DLC,-,No,-,-,711,568,35,300,-,-,-,purple,purple,official,Unisex,Manufactured,,-,-,セブンイレブンのせいふく,uniforme tienda,uniforme tienda,t-shirt épicerie,t-shirt épicerie,Supermarktkittel,maglietta bottega,어느 편의점 유니폼,1.0,259F,25EC,3625,tops_seven,Yes,,,-,,,-
002,A tee,,T-Shirt,Able Sisters,-,Yes,370,-,92,73,4,3,-,Toy Shop,-,blue,white,basic,Unisex,Manufactured,,-,-,エースのふく,camiseta A,camiseta A,t-shirt A,t-shirt A,A-Shirt,maglietta A,에이스 옷,1.0,2466,24B3,34EC,tops_mark_a,Yes,,,-,,,A tee
003,acid-washed jacket,,Shirt,GracieGrace,-,No,"5,600",-,"1,400",-,70,251,-,-,-,gray,blue,rock 'n' roll,Unisex,-,,-,-,ケミカルデニムジャケット,chaqueta desteñida,chaqueta desteñida,veste délavée,veste délavée,Bleichjeansjacke,giacca sbiadita,물빠진 데님 재킷,1.0,256A,25B7,35F0,tops_denim_chemi,Yes,,,-,,,acid-washed jacket
004,after-school jacket,,Shirt,Able Sisters,-,Yes,420,-,105,84,5,3,-,-,-,black,red,rock 'n' roll,Male,-,,-,-,ヤンチャながくせいふく,chaqueta abierta,chaqueta abierta,veste décontractée,veste décontractée,Rowdy-Schuljacke,giacca aperta,불량한 학생복,1.0,2561,25AE,35E7,tops_gakuran_open,Yes,,,-,,,after-school jacket
005,airy tee,,T-Shirt,Able Sisters,-,Yes,420,-,105,84,5,3,-,-,-,pink,pink,modern,Female,Plaid,,-,-,くみおびのふく,camiseta parches,camiseta parches,t-shirt aéré,t-shirt aéré,Edelshirt,maglietta treccia,화사한 옷,1.0,24E5,2532,356B,tops_kimiobi,Yes,,,-,,,-
006,amethyst shirt,,Shirt,Able Sisters,Fall,Yes,420,-,105,84,5,3,-,-,-,blue,pink,ornate,Unisex,Nature,,-,-,アメジストなふくL,jersey amatista,jersey amatista,pull nébuleux,pull nébuleux,Amethyst-Pulli,maglia ametista,자수정 옷 L,1.0,25C9,2616,364F,tops_amethyst,No,,,amethyst shirt,,,-
007,amethyst tank,,Tank Top,Able Sisters,Fall,Yes,360,-,90,72,4,3,-,-,-,blue,pink,ornate,Unisex,Nature,,amethyst tee,-,アメジストなふく,top amatista,top amatista,débardeur nébuleux,débardeur nébuleux,Amethyst-Top,canotta ametista,자수정 옷 N,1.0,24E1,252E,3567,tops_amethyst,Yes,,,-,,,amethyst tank
008,aqua polka tank,,Tank Top,Able Sisters,Summer,Yes,280,-,70,56,3,3,-,-,-,aqua,white,basic,Unisex,Dotted,,-,-,あおみずたまのふくN,top aqua,top aqua,débardeur pois cyan,débardeur pois cyan,Tüpfeltop,canotta blu a pois,하늘색 물방울 옷 N,1.0,25E6,2633,366C,tops_dot_blu,Yes,,,-,,,-
009,aqua polka tee,,T-Shirt,Able Sisters,-,Yes,360,-,90,72,4,3,-,Trendy,-,aqua,white,basic,Unisex,Dotted,,-,-,あおいみずたまのふく,camiseta aqua,camiseta aqua,t-shirt pois cyan,t-shirt pois cyan,Tüpfelshirt,maglietta blu a pois,하늘색 물방울 옷,1.0,24A0,24ED,3526,tops_dot_blu,Yes,,,-,,,aqua polka tee
010,arctic-camo shirt,,Shirt,Able Sisters,Winter,Yes,420,-,105,84,5,3,-,-,-,gray,gray,rock 'n' roll,Unisex,Nature,,-,-,かんれいめいさいふくL,jersey polar,jersey polar,pull motif glace,pull motif glace,Arktik-Pulli,maglia mimetica blu,흐릿한 밀리터리 상의 L,1.0,25B1,25FE,3637,tops_camo_cold,Yes,,,-,,,arctic-camo shirt
011,arctic-camo tee,,T-Shirt,Able Sisters,Winter,Yes,320,-,80,64,4,3,-,-,-,gray,gray,rock 'n' roll,Unisex,Nature,,-,-,かんれいめいさいふく,camiseta polar,camiseta polar,t-shirt motif glace,t-shirt motif glace,Arktik-Shirt,maglietta mimet. blu,흐릿한 밀리터리 상의,1.0,24ED,253A,3573,tops_camo_cold,Yes,,,-,,,arctic-camo tee
012,argyle knit shirt,,Shirt,Able Sisters,Spring,Yes,460,-,115,92,5,3,-,-,-,green,colorful,iconic,Unisex,Nature,,-,-,トラッドなニット,jersey rombos,jersey pijo,pull écossais vert,pull écossais vert,Argyle-Pulli,maglione a rombi,전통적인 니트,1.0,24C4,2511,354A,tops_knit_trad,Yes,,,-,,,argyle knit shirt
013,armor suit,,Shirt,Able Sisters,-,Yes,400,-,100,80,5,3,knight,Antique / Quirky,-,gray,gray,historical,Male,Argyle,,-,-,てつのかっちゅう,coraza,coraza,cuirasse de plates,cuirasse de plates,Silberrüstungshemd,armatura,철갑옷,1.0,252E,257B,35B4,tops_armor,No,,,armor suit,,,armor suit
014,aurora knit shirt,,Shirt,Able Sisters,Winter,Yes,380,-,95,76,4,3,-,-,-,white,colorful,cute,Unisex,Nature,,-,-,レインボーなニット,jersey psicodélico,jersey psicodélico,pull boréal,pull boréal,Wellenpulli,maglione aurora,무지개 니트,1.0,24C1,250E,3547,tops_knit_rainbow,Yes,,,-,,,aurora knit shirt
015,bad plaid shirt,,Shirt,Able Sisters,-,Yes,420,-,105,84,5,3,-,-,-,purple,yellow,iconic,Unisex,Plaid,,-,-,ふかいタータンのふくL,jersey cuadrados,jersey cuadrados,pull tartan mauve,pull tartan mauve,Cool-Pulli,maglia porpora,굵은 타탄 옷 L,1.0,25AF,25FC,3635,tops_tartan_deep,No,,,bad plaid shirt,,,-
016,bad plaid tee,,T-Shirt,Able Sisters,-,Yes,420,-,105,84,5,3,-,-,-,purple,yellow,iconic,Unisex,Plaid,,-,-,ふかいタータンのふく,camiseta cuadrados,camiseta cuadrados,t-shirt tartan mauve,t-shirt tartan mauve,Cool-Shirt,maglietta porpora,굵은 타탄 옷,1.0,24B2,24FF,3538,tops_tartan_deep,Yes,,,-,,,bad plaid tee
017,barber tee,,T-Shirt,Able Sisters,-,Yes,640,-,160,128,8,3,-,-,-,red,blue,flashy,Unisex,V-Striped,,-,-,バーバーなふく,camiseta tricolor,camiseta tricolor,t-shirt barbier,t-shirt barbier,Friseurshirt,maglietta barbiere,이발소무늬 옷,1.0,24AA,24F7,3530,tops_barber,Yes,,,-,,,barber tee
018,baseball shirt,,Shirt,Able Sisters,-,Yes,320,-,80,64,4,3,-,-,-,white,red,sporty,Male,Nature,,-,-,やきゅうのふく,jersey béisbol,jersey béisbol,pull baseball,pull baseball,Baseballtrikot,maglia baseball,야구복,1.0,2532,257F,35B8,tops_baseball,No,,,baseball shirt,,,-
019,basketball tank,,Tank Top,Able Sisters,Summer,Yes,420,-,105,84,5,3,-,-,-,black,yellow,sporty,Male,Manufactured,,-,-,バスケシャツ,top básquet,top básquet,débardeur basketball,débardeur basketball,Basketballtrikot,canotta basket,농구복 상의,1.0,256E,25BB,35F4,tops_basket,Yes,,,-,,,-
020,BB tee,,T-Shirt,Able Sisters,-,Yes,350,-,87,69,4,3,-,-,-,black,white,rock 'n' roll,Male,Manufactured,,-,-,BBのふく,camiseta BB,camiseta BB,t-shirt BB,t-shirt BB,BB-Shirt,maglietta BB,BB 옷,1.0,2459,24A6,34DF,tops_bb,Yes,,,-,,,BB tee
021,beaded shirt,,Shirt,Able Sisters,-,Yes,420,-,105,84,5,3,-,-,-,black,purple,ornate,Unisex,-,,-,-,ラメいりのふく,jersey cuentas,jersey cuentas,pull lamé,pull lamé,Paillettenpulli,maglia perlata,펄 들어간 옷,1.0,2522,256F,35A8,tops_lame,No,,,beaded shirt,,,-
022,beaded tank,,Tank Top,Able Sisters,Summer,Yes,280,-,70,56,3,3,-,-,-,black,purple,cute,Unisex,-,,-,-,ラメいりのふくN,top cuentas,top cuentas,débardeur lamé,débardeur lamé,Paillettentop,canotta perlata,펄 들어간 옷 N,1.0,25F3,2640,3679,tops_lame,Yes,,,-,,,-
023,bear costume,,Shirt,Able Sisters,-,Yes,640,-,160,128,8,3,bear,-,-,brown,beige,cute,Unisex,Animal,,-,-,クマなふく,jersey oso,jersey oso,haut ours,haut ours,Bärenpulli,maglia orso,곰 의상,1.0,2526,2573,35AC,tops_cstm_bear,Yes,,,-,,,-
024,bear shirt,,Shirt,Able Sisters,-,Yes,420,-,105,84,5,3,-,-,-,green,brown,cute,Unisex,Animal,,-,-,クマのふくL,jersey osito,jersey osito,pull ours,pull ours,Teddy-Pulli,maglia orsetto,곰 옷 L,1.0,25DB,2628,3661,tops_anml_bear,No,,,bear shirt,,,-
025,bear tee,,T-Shirt,Able Sisters,-,Yes,390,-,97,77,4,3,-,-,-,green,brown,cute,Unisex,Animal,,-,-,クマのふく,camiseta osito,camiseta osito,t-shirt ours,t-shirt ours,Teddy-Shirt,maglietta orsetto,곰 옷,1.0,245C,24A9,34E2,tops_anml_bear,Yes,,,-,,,-
026,beatnik shirt,,Shirt,Able Sisters,Fall,Yes,420,-,105,84,5,3,-,-,-,red,black,sporty,Male,H-Striped,,-,-,くろあかラガーシャツL,jersey beatnik,jersey beatnik,pull beatnik,pull beatnik,Beatnik-Pulli,maglia hipster,검정빨강 럭비 셔츠 L,1.0,25D6,2623,365C,tops_border_redblk,No,,,beatnik shirt,,,beatnik shirt
027,beatnik tank,,Tank Top,Able Sisters,Summer,Yes,280,-,70,56,3,3,-,-,-,red,black,sporty,Male,H-Striped,,-,-,くろあかラガーシャツN,top beatnik,top beatnik,débardeur beatnik,débardeur beatnik,Beatnik-Top,canotta hipster,검정빨강 럭비 셔츠 N,1.0,2605,2652,368B,tops_border_redblk,Yes,,,-,,,-
028,beatnik tee,,T-Shirt,Able Sisters,Spring,Yes,360,-,90,72,4,3,-,-,-,red,black,sporty,Male,H-Striped,,-,-,くろあかラガーシャツ,camiseta beatnik,camiseta beatnik,t-shirt beatnik,t-shirt beatnik,Beatnik-Shirt,maglietta hipster,검정빨강 럭비 셔츠,1.0,2489,24D6,350F,tops_border_redblk,Yes,,,-,,,beatnik tee
029,beige emblem blazer,,Shirt,Able Sisters,Fall,Yes,420,-,105,84,5,3,-,-,-,beige,beige,official,Unisex,Manufactured,,-,-,ベージュのブレザー,americana marrón,americana marrón,blazer emblème beige,blazer emblème beige,Landhaus-Blazer,giacca divisa beige,베이지색 블레이저,1.0,2576,25C3,35FC,tops_blazer_brw,Yes,,,-,,,beige emblem blazer
030,beige knit shirt,,Shirt,Able Sisters,Winter,Yes,320,-,80,64,4,3,-,-,-,beige,beige,historical,Unisex,Nature,,-,-,ベージュのニット,jersey formal,jersey formal,pull beige,pull beige,Schurwolljacke,maglione ambra,베이지색 니트,1.0,24C7,2514,354D,tops_knit_beige,Yes,,,-,,,beige knit shirt
031,big bro's tee,,T-Shirt,Able Sisters,-,Yes,320,-,80,64,4,3,-,Toy Shop,-,red,white,sporty,Male,Manufactured,,-,-,おにいさんのふく,camiseta M,camiseta M,t-shirt Mario,t-shirt Mario,Mario-Shirt,maglietta fratellone,형 옷,1.0,246E,24BB,34F4,tops_nin_bigbros,Yes,,,-,,,-
032,big-dot tank,,Tank Top,Able Sisters,Summer,Yes,280,-,70,56,3,3,-,-,-,yellow,white,basic,Unisex,Dotted,,-,-,きいろみずたまのふくN,top miel,top miel,débard. pois orange,débard. pois orange,Eiscreme-Top,canotta gialla pois,노란색 물방울 옷 N,1.0,2606,2653,368C,tops_dot_ylw,Yes,,,-,,,-
033,big-dot tee,,T-Shirt,Able Sisters,-,Yes,340,-,85,68,4,3,-,Trendy,-,yellow,white,basic,Unisex,Dotted,,-,-,きいろみずたまのふく,camiseta miel,camiseta miel,t-shirt pois orange,t-shirt pois orange,Eiscreme-Shirt,maglietta gial. pois,노란색 물방울 옷,1.0,249F,24EC,3525,tops_dot_ylw,Yes,,,-,,,big-dot tee
034,big-star tee,,T-Shirt,Able Sisters,-,Yes,400,-,100,80,5,3,-,-,-,purple,yellow,basic,Unisex,Manufactured,,-,-,いちばんぼしのふく,camiseta estrellón,camiseta estrellón,t-shirt étoile,t-shirt étoile,Nachtshirt,maglietta stellona,큰별 옷,1.0,2464,24B1,34EA,tops_mark_star,Yes,,,-,,,big-star tee
035,black anchor tee,,T-Shirt,Inkwell's RV,-,No,-,-,200,-,10,300,-,-,-,black,black,sporty,Unisex,-,,-,-,ガチブラック,camiseta ancla negra,camiseta ancla negra,t-shirt ancre noir,t-shirt ancre noir,Schwarzanker-Shirt,t-shirt ancora nera,리얼 블랙 티,1.4,-,266E,36A7,tops_spl_ika,Yes,,,-,,,-
036,black flannel shirt,,Shirt,Able Sisters,-,Yes,420,-,105,84,5,3,-,-,-,black,blue,basic,Unisex,Nature,,-,-,くろいネルシャツ,camisa franela negra,camisa franela negra,pull flanelle gris,pull flanelle gris,Flanellhemd,camicia grunge grig.,검정 플란넬 셔츠,1.0,2559,25A6,35DF,tops_nelshirts_blk,Yes,,,-,,,-
037,black letter jacket,,Shirt,Able Sisters,Winter,Yes,420,-,105,84,5,3,-,-,-,black,black,rock 'n' roll,Male,Manufactured,,-,-,くろいスタジャン,cazadora negra,cazadora negra,veste collège grise,veste collège grise,Collegejacke „B“,giacca college nera,검정 스포츠 점퍼,1.0,2554,25A1,35DA,tops_stajan_blk,Yes,,,-,,,black letter jacket
038,black track jacket,,Shirt,Able Sisters,-,Yes,420,-,105,84,5,3,-,-,-,black,pink,sporty,Unisex,-,,-,-,スポーツジャージ,sudadera sport negra,sudadera sport negra,veste survêt grise,veste survêt grise,Aufwärmjacke,maglia tuta nera,스포츠 트레이닝복,1.0,2575,25C2,35FB,tops_jersey_sport,Yes,,,-,,,black track jacket
039,black-denim jacket,,Shirt,Able Sisters,-,Yes,420,-,105,84,5,3,-,-,-,black,black,basic,Unisex,-,,-,-,くろいデニムジャケット,cazadora denim negra,cazadora denim negra,veste en jean noire,veste en jean noire,Schwarzjeansjacke,giacca di jeans nera,검정 데님 재킷,1.0,256D,25BA,35F3,tops_denim_blk,Yes,,,-,,,black-denim jacket
040,blossom tee,,T-Shirt,Able Sisters,Spring,Yes,370,-,92,73,4,3,-,Rustic / Fairy Tale,-,pink,pink,cute,Female,Nature,,-,-,ピンクはながらのふく,camiseta rosácea,camiseta rosácea,t-shirt fleuri,t-shirt fleuri,Blütenshirt,maglietta fioritura,핑크 꽃무늬 옷,1.0,2582,25CF,3608,tops_flw_pnk,Yes,,,-,,,blossom tee
041,blue aloha tee,,T-Shirt,Souvenir Shop,Summer,No,-,15,187,149,9,99,-,-,-,blue,blue,iconic,Unisex,Nature,,-,-,あおのアロハ,camiseta aloha azul,camiseta aloha azul,chemise Hawaï bleue,chemise Hawaï bleue,Aloha-Shirt,camicia aloha blu,파란 알로하셔츠,1.0,250F,255C,3595,tops_aloha_blu,Yes,,,-,,,blue aloha tee
042,blue argyle shirt,,Shirt,GracieGrace,Winter,No,"6,200",-,"1,550",-,77,251,-,-,-,blue,gray,iconic,Male,Argyle,,-,-,あおアーガイルのふくL,jersey rombos azul,jersey pijo azul,pull écossais bleu,pull écossais bleu,Blau-Argyle-Pulli,maglia rombi blu,파란 아가일 옷 L,1.0,24B9,2506,353F,tops_argyle_blu,Yes,,,-,,,blue argyle shirt
043,blue argyle tee,,T-Shirt,GracieGrace,-,No,"5,800",-,"1,450",-,72,251,-,-,-,blue,gray,iconic,Male,Argyle,,-,-,あおアーガイルのふく,camiseta rombos azul,camiseta pija azul,t-shirt écos. bleu,t-shirt écos. bleu,Blau-Argyle-Shirt,maglietta rombi blu,파란 아가일 옷,1.0,24BA,2507,3540,tops_argyle_blu,Yes,,,-,,,blue argyle tee
044,blue diamond shirt,,Shirt,Able Sisters,-,Yes,370,-,92,73,4,3,-,-,-,purple,pink,modern,Unisex,Nature,,-,-,ブルータイルなふくL,jersey de noche,jersey de noche,pull jacquard,pull jacquard,80er-Pulli,maglia nera rombi,블루 타일 옷 L,1.0,2586,25D3,360C,tops_tile_blu,Yes,,,-,,,-
045,blue diamond tee,,T-Shirt,Able Sisters,-,Yes,370,-,92,73,4,3,-,Trendy,-,blue,pink,modern,Unisex,Nature,,-,-,ブルータイルなふく,camiseta de noche,camiseta de noche,t-shirt jacquard,t-shirt jacquard,80er-Shirt,maglietta nera rombi,블루 타일 옷,1.0,25A1,25EE,3627,tops_tile_blu,Yes,,,-,,,blue diamond tee
046,blue down jacket,,Shirt,Able Sisters,Winter,Yes,520,-,130,104,6,3,-,-,-,blue,blue,basic,Male,-,,-,-,あおいダウンジャケット,chaqueta azul,chaqueta azul,doudoune bleue,doudoune bleue,Blaubeerpulli,golfino blu,파란 다운 재킷,1.0,2520,256D,35A6,tops_down_blu,Yes,,,-,,,blue down jacket
047,blue flannel shirt,,Shirt,Able Sisters,-,Yes,420,-,105,84,5,3,-,-,-,blue,black,basic,Unisex,Plaid,,-,-,あおいネルシャツ,camisa franela azul,camisa franela azul,pull flanelle bleu,pull flanelle bleu,Holzhackerhemd,camicia grunge blu,파란 플란넬 셔츠,1.0,2558,25A5,35DE,tops_nelshirts_blu,Yes,,,-,,,blue flannel shirt
048,blue gym tee,,T-Shirt,Able Sisters,Summer,Yes,420,-,105,84,5,3,-,-,-,white,blue,sporty,Unisex,-,,-,-,あおいたいそうふく,camiseta sport azul,camiseta sport azul,t-shirt sport bleu,t-shirt sport bleu,Joggingshirt,maglietta sport blu,파란 체육복,1.0,2534,2581,35BA,tops_gym_blu,Yes,,,-,,,-
049,blue jacket,,Shirt,Able Sisters,-,Yes,420,-,105,84,5,3,-,-,-,blue,blue,sporty,Unisex,-,,-,-,ネイビーレインウェア,chubasquero azul,chubasquero azul,veste bleue,veste bleue,Regenjacke,giacca pioggia blu,파란 우비,1.0,257D,25CA,3603,tops_rainware_nvy,Yes,,,-,,,-
050,blue letter jacket,,Shirt,Able Sisters,Winter,Yes,420,-,105,84,5,3,-,-,-,blue,blue,rock 'n' roll,Male,Manufactured,,-,-,あおいスタジャン,cazadora azul,cazadora azul,veste collège bleue,veste collège bleue,Collegejacke „K“,giacca college blu,파란 스포츠 점퍼,1.0,2553,25A0,35D9,tops_stajan_blu,Yes,,,-,,,blue letter jacket
051,blue nurse's uniform,,T-Shirt,Able Sisters,-,Yes,640,-,160,128,8,3,-,-,-,aqua,aqua,official,Unisex,-,,-,-,あおいかんごしのふく,blusa auxiliar azul,bata auxiliar azul,blouse d'infirmier,blouse d'infirmier,Krankenhauskittel,blusa infermiera blu,푸른 간호사 옷,1.4,-,265E,3697,tops_nurse_blue,Yes,,,-,,,-
052,blue pj shirt,,Shirt,Able Sisters,-,Yes,240,-,60,48,3,3,-,-,-,aqua,aqua,basic,Male,V-Striped,,-,-,あおパジャマ,pijama azul,pijama azul,haut pyjama bleu,haut pyjama bleu,Jungen-Pyjamajacke,maglia pigiama blu,파란 파자마,1.0,258F,25DC,3615,tops_pajama_blu,Yes,,,-,,,-
053,blue plaid shirt,,Shirt,Able Sisters,Fall,Yes,420,-,105,84,5,3,-,-,-,blue,aqua,modern,Unisex,Plaid,,-,-,ブルーチェックのふくL,jersey tartán azul,jersey tartán azul,pull nappe bleu,pull nappe bleu,Angora-Pulli,maglia inverno,블루 체크무늬 옷 L,1.0,25DD,262A,3663,tops_check_blu,Yes,,,-,,,-
054,blue plaid tee,,T-Shirt,Able Sisters,Fall,Yes,360,-,90,72,4,3,-,-,-,blue,aqua,modern,Unisex,Plaid,,-,-,ブルーチェックのふく,camiseta tartán azul,camiseta tartán azul,t-shirt nappe bleu,t-shirt nappe bleu,Angora-Shirt,maglietta inverno,블루 체크무늬 옷,1.0,24AC,24F9,3532,tops_check_blu,Yes,,,-,,,-
055,blue ringmaster coat,,Shirt,GracieGrace,-,No,"5,600",-,"1,400",-,70,299,-,Antique / Fairy Tale,-,blue,blue,ornate,Unisex,-,,-,-,あおいきへいたいのふく,casaca circense azul,casaca circense azul,veste Loyal bleue,veste Loyal bleue,Zirkusdirektorjacke,giacca circo blu,파란 기병대 옷,1.0,2579,25C6,35FF,tops_versailles_blu,Yes,,,-,,,blue ringmaster coat
056,blue tartan shirt,,Shirt,Able Sisters,Fall,Yes,420,-,105,84,5,3,-,-,-,aqua,white,cute,Unisex,Plaid,,-,-,シアンタータンのふくL,jersey tartán día,jersey tartán día,pull tartan bleu,pull tartan bleu,Sittichpulli,maglia tartan blu,3색 타탄 옷 L,1.0,25D9,2626,365F,tops_tartan_blu,Yes,,,-,,,blue tartan shirt
057,blue tartan tee,,T-Shirt,Able Sisters,Summer,Yes,390,-,97,77,4,3,-,-,-,aqua,white,official,Unisex,Plaid,,-,-,シアンタータンのふく,camiseta tartán día,camiseta tartán día,t-shirt tartan bleu,t-shirt tartan bleu,Sittichshirt,maglietta tartan blu,3색 타탄 옷,1.0,2492,24DF,3518,tops_tartan_blu,Yes,,,-,,,blue tartan tee
058,blue tie-dye tank,,Tank Top,Able Sisters,Summer,Yes,280,-,70,56,3,3,-,-,-,aqua,white,basic,Unisex,Nature,,-,-,ブルーハワイなふくN,top hippy azul,top hippy azul,débardeur batik bleu,débardeur batik bleu,Meertop,canotta celeste,블루 하와이 옷 N,1.0,25FC,2649,3682,tops_img_bluhawaii,Yes,,,-,,,-
059,blue tie-dye tee,,T-Shirt,Able Sisters,Summer,Yes,380,-,95,76,4,3,-,-,-,aqua,white,basic,Unisex,Nature,,-,-,ブルーハワイなふく,camiseta hippy azul,camiseta hippy azul,t-shirt batik bleu,t-shirt batik bleu,Meershirt,maglietta celeste,블루 하와이 옷,1.0,247C,24C9,3502,tops_img_bluhawaii,Yes,,,-,,,blue tie-dye tee
060,blue track jacket,,Shirt,Able Sisters,-,Yes,420,-,105,84,5,3,-,-,-,blue,blue,sporty,Unisex,-,,-,-,あおジャージ,sudadera sport azul,sudadera sport azul,veste survêt bleue,veste survêt bleue,Läuferjacke,maglia tuta blu,파란 트레이닝복,1.0,2572,25BF,35F8,tops_jersey_blu,Yes,,,-,,,-
061,blue-bar shirt,,Shirt,Able Sisters,Fall,Yes,420,-,105,84,5,3,-,Trendy,-,blue,green,basic,Unisex,V-Striped,,-,-,しぶいたてじまのふくL,jersey rayas azul,jersey rayas azul,pull rayures bleu,pull rayures bleu,Gärtnerpulli,maglia barre blu,수수한 줄무늬 옷 L,1.0,25C5,2612,364B,tops_stripe_sibu,Yes,,,-,,,-
062,blue-bar tee,,T-Shirt,Able Sisters,Fall,Yes,380,-,95,76,4,3,-,Trendy,-,blue,green,basic,Unisex,V-Striped,,-,-,しぶいたてじまのふく,camiseta rayas azul,camiseta rayas azul,t-shirt rayures bleu,t-shirt rayures bleu,Gärtnershirt,maglietta barre blu,수수한 줄무늬 옷,1.0,24A1,24EE,3527,tops_stripe_sibu,Yes,,,-,,,blue-bar tee
063,blue-check shirt,,Shirt,Able Sisters,Winter,Yes,420,-,105,84,5,3,-,-,-,blue,white,basic,Unisex,Plaid,,-,-,あおチェックのふくL,jersey trapo azul,jersey trapo azul,pull carrés bleu,pull carrés bleu,Blauweiß-Pulli,maglia quadri blu,파란 체크무늬 옷 L,1.0,25BA,2607,3640,tops_check_bigblu,Yes,,,-,,,-
064,blue-check tee,,T-Shirt,Able Sisters,-,Yes,380,-,95,76,4,3,-,-,-,blue,white,basic,Unisex,Plaid,,-,-,あおチェックのふく,camiseta trapo azul,camiseta trapo azul,t-shirt carrés bleu,t-shirt carrés bleu,Blauweiß-Shirt,maglietta quadri blu,파란 체크무늬 옷,1.0,2481,24CE,3507,tops_check_bigblu,Yes,,,-,,,blue-check tee
065,blue-grid shirt,,Shirt,Able Sisters,Summer,Yes,420,-,105,84,5,3,-,-,-,white,aqua,basic,Unisex,Plaid,,-,-,みずいろこうしのふくL,jersey reja azul,jersey reja azul,pull grille bleu,pull grille bleu,Gitterpulli,maglia biancoblu,하늘색 체크무늬 옷 L,1.0,25AC,25F9,3632,tops_grid_blu,Yes,,,-,,,blue-grid shirt
066,blue-grid tee,,T-Shirt,Able Sisters,Summer,Yes,340,-,85,68,4,3,-,-,-,aqua,beige,basic,Unisex,Plaid,,-,-,みずいろこうしのふく,camiseta reja azul,camiseta reja azul,t-shirt grille bleu,t-shirt grille bleu,Gittershirt,maglietta biancoblu,하늘색 체크무늬 옷,1.0,2495,24E2,351B,tops_grid_blu,Yes,,,-,,,blue-grid tee
067,blue-stripe shirt,,Shirt,Able Sisters,Fall,Yes,340,-,85,68,4,3,-,-,-,blue,white,sporty,Unisex,H-Striped,,-,-,マリンボーダーのふくL,jersey playa azul,jersey playa azul,pull marin,pull marin,Matrosenpulli,maglia righe blu,마린 줄무늬 옷 L,1.0,248C,24D9,3512,tops_border_marine,Yes,,,-,,,blue-stripe shirt
068,blue-stripe tee,,T-Shirt,Able Sisters,Summer,Yes,340,-,85,68,4,3,-,-,-,blue,white,sporty,Unisex,H-Striped,,-,-,マリンボーダーのふく,camiseta playa azul,camiseta playa azul,t-shirt marin,t-shirt marin,Matrosenshirt,maglietta righe blu,마린 줄무늬 옷,1.0,248B,24D8,3511,tops_border_marine,Yes,,,-,,,blue-stripe tee
069,blue-zap suit,,Shirt,Able Sisters,-,Yes,640,-,160,128,8,3,blue superhero,Sci-Fi / Toy Shop,-,white,blue,sporty,Male,-,,-,-,ヒーロースーツB,superjersey azul,superjersey azul,pull de héros bleu,pull de héros bleu,Blauheldenpulli,maglia eroe blu,히어로 슈트 B,1.0,253F,258C,35C5,tops_hero_blu,Yes,,,-,,,-
070,bold-check tee,,T-Shirt,Able Sisters,-,Yes,360,-,90,72,4,3,-,Toy Shop,-,red,yellow,flashy,Unisex,Plaid,,-,-,めだつチェッカーのふく,camiseta torneo,camiseta torneo,t-shirt pavé,t-shirt pavé,Quadratshirt,maglietta quadroni,튀는 체스판무늬 옷,1.0,247E,24CB,3504,tops_checker_bold,Yes,,,-,,,bold-check tee
071,bone shirt,,Shirt,Able Sisters,-,Yes,280,-,70,56,3,3,-,Quirky,-,black,white,rock 'n' roll,Male,Nature,,-,-,ボーンなふく,jersey esqueleto,jersey esqueleto,pull os,pull os,Knochenpulli,maglia ossa,뼈다귀 옷,1.0,2514,2561,359A,tops_bone,No,,,bone shirt,,,bone shirt
072,bright tee,,T-Shirt,Able Sisters,Spring,Yes,320,-,80,64,4,3,-,-,-,green,yellow,basic,Unisex,Manufactured,,-,-,なんかよくみるふく,camiseta ameba,camiseta ameba,t-shirt amibe,t-shirt amibe,08/15-Shirt,maglietta fiore,흔해 빠진 옷,1.0,2465,24B2,34EB,tops_mark_bright,Yes,,,-,,,-
073,brown-bar shirt,,Shirt,GracieGrace,-,No,"5,000",-,"1,250",-,62,251,-,-,-,brown,green,modern,Unisex,V-Striped,,-,-,ヒルのふくL,jersey chocolate,jersey chocolate,pull rayures brun,pull rayures brun,Lieblingspulli,maglia a barre ocra,달래 옷 L,1.0,25C1,260E,3647,tops_stripe_hiru,Yes,,,-,,,-
074,brown-bar tee,,T-Shirt,GracieGrace,-,No,"5,000",-,"1,250",-,62,251,-,-,-,brown,green,modern,Male,V-Striped,,-,-,ヒルのふく,camiseta chocolate,camiseta chocolate,t-shirt rayures brun,t-shirt rayures brun,Lieblingsshirt,maglietta barre ocra,달래 옷,1.0,24A3,24F0,3529,tops_stripe_hiru,Yes,,,-,,,brown-bar tee
075,bubble tank,,Tank Top,Able Sisters,Summer,Yes,280,-,70,56,3,3,-,-,-,blue,aqua,cute,Unisex,Dotted,,-,-,バブルなふくN,top burbujas,top burbujas,débardeur bulles,débardeur bulles,Wassertop,canotta bollicine,물거품 옷 N,1.0,25F1,263E,3677,tops_bubble,Yes,,,-,,,-
076,bubble tee,,T-Shirt,Able Sisters,Summer,Yes,410,-,102,81,5,3,-,-,-,blue,aqua,cute,Unisex,Dotted,,-,-,バブルなふく,camiseta burbujas,camiseta burbujas,t-shirt bulles,t-shirt bulles,Wassershirt,maglietta bollicine,물거품 옷,1.0,24D5,2522,355B,tops_bubble,Yes,,,-,,,bubble tee
077,bubble-gum shirt,,Shirt,Able Sisters,Spring,Yes,420,-,105,84,5,3,-,-,-,white,pink,cute,Unisex,Dotted,,-,-,いちごマーブルなふくL,jersey topos rosa,jersey topos rosa,pull à pois roses,pull à pois roses,Pünktchenpulli,maglia pois rosa,딸기 마블 옷 L,1.0,25C4,2611,364A,tops_polka_stb,Yes,,,-,,,bubble-gum shirt
078,bubble-gum tee,,T-Shirt,Able Sisters,Spring,Yes,380,-,95,76,4,3,-,-,-,white,pink,cute,Unisex,Dotted,,-,-,いちごマーブルなふく,camiseta topos rosa,camiseta topos rosa,t-shirt à pois roses,t-shirt à pois roses,Pünktchenshirt,maglietta pois rosa,딸기 마블 옷,1.0,249C,24E9,3522,tops_polka_stb,Yes,,,-,,,bubble-gum tee
079,bunny shirt,,Shirt,Able Sisters,-,Yes,480,-,120,96,6,3,-,-,-,aqua,white,cute,Unisex,Animal,,-,-,うさぎのふくL,jersey conejito,jersey conejito,pull lapin,pull lapin,Hasenpulli,maglia coniglio,토끼 옷 L,1.0,245E,24AB,34E4,tops_anml_bunny,No,,,bunny shirt,,,-
080,bunny tee,,T-Shirt,Able Sisters,-,Yes,360,-,90,72,4,3,-,-,-,aqua,white,cute,Unisex,Animal,,-,-,うさぎのふく,camiseta conejito,camiseta conejito,t-shirt lapin,t-shirt lapin,Hasenshirt,maglietta coniglio,토끼 옷,1.0,245D,24AA,34E3,tops_anml_bunny,Yes,,,-,,,bunny tee
081,café tee,,T-Shirt,Able Sisters,Winter,Yes,420,-,105,84,5,3,-,Toy Shop,-,red,white,rock 'n' roll,Unisex,Plaid,,-,-,あかチェッカーのふく,camiseta carreras,camiseta carreras,t-shirt café,t-shirt café,Caféshirt,maglietta quadretti,빨간 체스판무늬 옷,1.0,247F,24CC,3505,tops_checker_red,Yes,,,-,,,café tee
082,café uniform,,T-Shirt,Brewster,-,No,-,-,90,72,4,451,-,Trendy,-,black,black,official,Unisex,-,,-,-,カフェのせいふく,uniforme de camarero,uniforme de camarero,tenue de barista,tenue de barista,Kellnerweste,gilet da barista,카페 유니폼,1.0,2592,25DF,3618,tops_waiter,Yes,,,-,,,café uniform
083,Callie fashion top,,Tank Top,Cece's RV,-,No,-,-,200,-,10,300,-,-,-,black,pink,rock 'n' roll,Female,-,,-,-,アオリのトップス,top de Mar,top de Mar,haut paillettes Ayo,haut paillettes Ayo,Aioli-Style-Top,canotta Stella,아오리 탑,1.4,-,267A,36B3,tops_spl_aorisht,Yes,,,-,,,-
084,Callie shirt,,T-Shirt,Cece's RV,-,No,-,-,200,-,10,300,-,-,-,black,pink,rock 'n' roll,Female,-,,-,-,アオリなシャツ,blusa de Mar,blusa de Mar,chemisier Ayo,chemisier Ayo,Aioli-Pulli,maglietta Stella,아오리 셔츠,1.4,-,2678,36B1,tops_spl_aori,Yes,,,-,,,-
085,camel shirt,,Shirt,Able Sisters,-,Yes,280,-,70,56,3,3,-,-,-,brown,brown,historical,Unisex,-,,-,-,らくだいろのふく,jersey safari,jersey safari,pull chameau,pull chameau,Kameljacke,giacca contadina,낙타색 옷,1.0,251A,2567,35A0,tops_camel,No,,,camel shirt,,,camel shirt
086,canary shirt,,Shirt,Able Sisters,Spring,Yes,480,-,120,96,6,3,-,Fairy Tale,-,yellow,yellow,official,Female,Manufactured,,-,-,リボンのブラウス,blusa con lacito,blusa con lacito,pull canari,pull canari,Schleifentop,camicia giallo tenue,리본 블라우스,1.0,2590,25DD,3616,tops_blouse_ribbon,Yes,,,-,,,canary shirt
087,candy gingham shirt,,Shirt,Able Sisters,Spring,Yes,420,-,105,84,5,3,-,-,-,pink,white,cute,Unisex,Plaid,,-,-,いちごギンガムのふくL,jersey vichy rosa,jersey vichy rosa,pull vichy rose,pull vichy rose,Picknickpulli,maglia lampone,딸기 깅엄 옷 L,1.0,25CD,261A,3653,tops_gingham_stb,Yes,,,-,,,candy gingham shirt
088,candy gingham tee,,T-Shirt,Able Sisters,Spring,Yes,320,-,80,64,4,3,-,-,-,pink,white,cute,Unisex,Plaid,,-,-,いちごギンガムのふく,camiseta vichy rosa,camiseta vichy rosa,t-shirt vichy rose,t-shirt vichy rose,Picknickshirt,maglietta lampone,딸기 깅엄 옷,1.0,24AF,24FC,3535,tops_gingham_stb,Yes,,,-,,,-
089,captain's jacket,,Shirt,Able Sisters,-,Yes,800,-,200,160,10,3,pilot,Sci-Fi,-,blue,blue,official,Male,Manufactured,,-,-,きちょうのふく,chaqueta de capitán,chaqueta de capitán,tenue de capitaine,tenue de capitaine,Pilotenjacke,giacca capitano,기장 옷,1.0,2548,2595,35CE,tops_captain,Yes,,,-,,,-
090,caterpillar tank,,Tank Top,GracieGrace,Spring,No,"6,800",-,"1,700",-,85,251,-,Toy Shop,-,green,yellow,flashy,Male,Nature,,-,-,あおむしのふく,top oruga,top oruga,débardeur bombyx,débardeur bombyx,Raupentop,canotta bruco,애벌레 옷,1.0,24F8,2545,357E,tops_insc_caterpillar,Yes,,,-,,,-
091,cavalier shirt,,Shirt,Able Sisters,-,Yes,420,-,105,84,5,3,cavalier,Antique,-,blue,yellow,iconic,Male,Nature,,-,-,じゅうきしのふく,jersey mosquetero,jersey mosquetero,pull équitation,pull équitation,Edelmann-Hemd,giubba moschettiere,기사 옷,1.0,2521,256E,35A7,tops_knight,Yes,,,-,,,cavalier shirt
092,caveman tank,,Tank Top,Able Sisters,Summer,Yes,380,-,95,76,4,3,-,-,-,brown,yellow,historical,Unisex,Nature,,-,-,げんしじんなふく,top cavernícola,top cavernícola,débardeur caverne,débardeur caverne,Steinzeittop,canotta sapiens,원시인 옷,1.0,2536,2583,35BC,tops_caveman,Yes,,,-,,,-
093,chain-gang shirt,,Shirt,Able Sisters,-,Yes,420,-,105,84,5,3,-,-,-,white,blue,rock 'n' roll,Unisex,H-Striped,,-,-,プリズンなふくL,jersey grumete,jersey grumete,pull bagnard,pull bagnard,Gefängnispulli,maglia carcerato,죄수복 L,1.0,25B5,2602,363B,tops_border_prison,No,,,chain-gang shirt,,,-
094,chain-gang tee,,T-Shirt,Able Sisters,-,Yes,260,-,65,52,3,3,-,-,-,white,blue,rock 'n' roll,Unisex,H-Striped,,-,-,プリズンなふく,camiseta grumete,camiseta grumete,t-shirt bagnard,t-shirt bagnard,Gefängnisshirt,maglietta carcerato,죄수복,1.0,248E,24DB,3514,tops_border_prison,Yes,,,-,,,-
095,checkerboard shirt,,Shirt,Able Sisters,-,Yes,420,-,105,84,5,3,-,-,-,red,black,rock 'n' roll,Male,Plaid,,-,-,ギャンブラーなふくL,jersey rojinegro,jersey rojinegro,pull rouge & noir,pull rouge & noir,Spielpulli,maglia a scacchi,갬블러 옷 L,1.0,25BE,260B,3644,tops_gambler,Yes,,,-,,,-
096,checkerboard tee,,T-Shirt,Able Sisters,-,Yes,340,-,85,68,4,3,-,Toy Shop,-,red,black,rock 'n' roll,Male,Plaid,,-,-,ギャンブラーなふく,camiseta rojinegra,camiseta rojinegra,t-shirt rouge & noir,t-shirt rouge & noir,Spielshirt,maglietta a scacchi,갬블러 옷,1.0,2498,24E5,351E,tops_gambler,No,,,checkerboard tee,,,checkerboard tee
097,checkered tee,,T-Shirt,Able Sisters,-,Yes,390,-,97,77,4,3,-,Toy Shop,-,black,white,rock 'n' roll,Unisex,Plaid,,-,-,チェッカーのふく,camiseta ajedrez,camiseta ajedrez,t-shirt damier,t-shirt damier,Schachshirt,maglietta start,체스판무늬 옷,1.0,2480,24CD,3506,tops_checker_blk,Yes,,,-,,,checkered tee
098,chef's outfit,,T-Shirt,Able Sisters,-,Yes,640,-,160,128,8,3,chef,-,-,white,red,official,Unisex,-,,-,-,コックさんのふく,uniforme de chef,uniforme de chef,tenue de chef,tenue de chef,Kochshirt,maglietta da cuoco,요리사 옷,1.0,253B,2588,35C1,tops_chef,No,,,chef's outfit,,,chef's outfit
099,cherry tee,,T-Shirt,Able Sisters,Fall,Yes,360,-,90,72,4,3,-,Rustic,-,yellow,pink,cute,Unisex,Fruit,,-,-,さくらんぼのふく,camiseta cereza,camiseta cereza,t-shirt cerises,t-shirt cerises,Kirschenshirt,maglietta ciliegia,체리 옷,1.0,2454,24A1,34DA,tops_cherry,Yes,,,-,,,cherry tee
100,chevron shirt,,Shirt,Able Sisters,-,Yes,320,-,80,64,4,3,-,-,-,beige,green,basic,Unisex,Nature,,-,-,みどりのニット,jersey étnico,jersey étnico,pull chevrons,pull chevrons,Musterpulli,maglione geometrico,녹색 니트,1.0,24BF,250C,3545,tops_knit_grn,No,,,chevron shirt,,,chevron shirt
101,chichi-print tee,,T-Shirt,Able Sisters,-,Yes,180,-,45,36,2,3,-,Harmonious,-,green,white,historical,Unisex,Nature,,-,-,からくさもようのふく,camiseta medusa,camiseta medusa,t-shirt fractal,t-shirt fractal,Rankenshirt,maglietta vistosa,덩굴무늬 옷,1.0,24D6,2523,355C,tops_ptn_karakusa,Yes,,,-,,,-
102,chick tee,,T-Shirt,Able Sisters,-,Yes,420,-,105,84,5,3,-,-,-,gray,blue,cute,Female,Nature,,-,-,ひよこのふく,camiseta pollitos,camiseta pollitos,t-shirt poussins,t-shirt poussins,Kükenshirt,maglietta pulcini,병아리 옷,1.0,254C,2599,35D2,tops_jpn_hiyoko,Yes,,,-,,,-
103,chocomint tee,,T-Shirt,Able Sisters,Winter,Yes,340,-,85,68,4,3,-,Fairy Tale,-,aqua,brown,cute,Unisex,Dotted,,-,-,チョコミントなふく,camiseta chocomenta,camiseta chocomenta,t-shirt choco-menthe,t-shirt choco-menthe,Minzshirt,maglietta chocomenta,초콜릿 민트 옷,1.0,24CD,251A,3553,tops_chocomint,Yes,,,-,,,chocomint tee
104,Cinnamoroll jacket,,Shirt,Chai's RV,-,No,-,-,200,-,10,300,-,-,-,aqua,aqua,cute,Unisex,-,,-,-,シナモロールなジャケット,chaqueta Cinnamoroll,chaqueta Cinnamoroll,gilet Cinnamoroll,gilet Cinnamoroll,Cinnamoroll-Jacke,giacca Cinnamoroll,시나모롤 재킷,1.4,-,266F,36A8,tops_snr_cinnamojkt,Yes,,,-,,,-
105,Cinnamoroll outfit,,T-Shirt,Chai's RV,-,No,-,-,200,-,10,300,-,Fairy Tale / Toy Shop,-,aqua,white,cute,Unisex,-,,-,-,シナモロールなふく,blusa Cinnamoroll,blusa Cinnamoroll,tenue Cinnamoroll,tenue Cinnamoroll,Cinnamoroll-Outfit,magliet. Cinnamoroll,시나모롤 옷,1.4,-,2675,36AE,tops_snr_cinnamo,Yes,,,-,,,Cinnamoroll outfit
106,circuit tank,,Tank Top,GracieGrace,-,No,"5,120",-,"1,280",-,64,251,-,Sci-Fi,-,green,yellow,rock 'n' roll,Unisex,Nature,,-,-,きばんのふく,top microchip,top microchip,débardeur circuit,débardeur circuit,Platinentop,canotta circuito,기판무늬 옷,1.0,24EF,253C,3575,tops_circuit,Yes,,,-,,,-
107,citrus tank,,Tank Top,Able Sisters,Summer,Yes,280,-,70,56,3,3,tangerine,Rustic,-,orange,beige,cute,Unisex,Fruit,,-,-,なつみかんのふくN,top cítrico,top cítrico,débardeur agrume,débardeur agrume,Mandarinentop,canotta agrumi,귤 옷 N,1.0,25FB,2648,3681,tops_frt_citrus,Yes,,,-,,,citrus tank
108,citrus tee,,T-Shirt,Able Sisters,-,Yes,640,-,160,128,8,3,tangerine,Rustic,-,orange,beige,cute,Unisex,Fruit,,-,-,なつみかんのふく,camiseta cítrica,camiseta cítrica,t-shirt agrume,t-shirt agrume,Mandarinenshirt,maglietta agrumi,귤 옷,1.0,24FA,2547,3580,tops_frt_citrus,Yes,,,-,,,citrus tee
109,clerk's shirt,,Shirt,Timmy and Tommy's RV,-,Yes,420,-,105,84,5,300,-,-,-,white,colorful,official,Unisex,Nature,,-,-,コンビニのせいふく,jersey dependiente,jersey dependiente,pull de vendeur,pull de vendeur,Verkäuferhemd,maglia commesso,편의점 유니폼,1.0,2577,25C4,35FD,tops_convenience,Yes,,,-,,,-
110,cloudy tee,,T-Shirt,Able Sisters,Spring,Yes,320,-,80,64,4,3,-,-,-,aqua,white,basic,Unisex,Nature,,-,-,そらのふく,camiseta nubes,camiseta nubes,t-shirt nuages,t-shirt nuages,Wolkenshirt,maglietta nuvolosa,하늘 옷,1.0,2470,24BD,34F6,tops_cloudy,Yes,,,-,,,cloudy tee
111,club tee,,T-Shirt,Able Sisters,-,Yes,360,-,90,72,4,3,-,Toy Shop,-,yellow,green,basic,Unisex,Manufactured,,-,-,クラブのふく,camiseta trébol,camiseta trébol,t-shirt trèfle,t-shirt trèfle,Shirt „Kreuz“,maglietta di fiori,클로버 옷,1.0,2462,24AF,34E8,tops_mark_club,Yes,,,-,,,club tee
112,comedian's outfit,,Shirt,Able Sisters,-,Yes,640,-,160,128,8,3,-,-,-,orange,orange,ornate,Unisex,-,,-,-,コメディアンなふく,saco humorista,chaqueta humorista,tenue d'humoriste,tenue de comique,Komikerjacke,giacca da umorista,코미디언 옷,1.4,-,2661,369A,tops_comedian,Yes,,,-,,,-
113,comfy sweater,,Shirt,Able Sisters,Winter,Yes,360,-,90,72,4,3,-,-,-,brown,orange,basic,Unisex,Nature,,-,-,こげちゃのニット,jersey andino,jersey andino,pull confortable,pull confortable,Wollpulli,maglione fantasia,갈색 니트,1.0,24C6,2513,354C,tops_knit_darkbrw,No,,,comfy sweater,,,comfy sweater
114,concierge shirt,,Shirt,Able Sisters,-,Yes,350,-,87,69,4,3,-,-,-,black,white,official,Male,-,,-,-,ホテルマンなふく,chaqueta conserje,chaqueta conserje,pull hôtel,pull hôtel,Portierjacke,giacca portiere,호텔리어 옷,1.0,251B,2568,35A1,tops_concierge,No,,,concierge shirt,,,-
115,cool tank,,Tank Top,GracieGrace,Summer,No,"5,200",-,"1,300",-,65,251,-,Trendy,-,colorful,white,modern,Unisex,Nature,,-,-,ヌーボーなふく,top guay,top guay,débardeur sympa,débardeur sympa,Flammentop,canot. art nouveau,언밸런스 옷,1.0,25ED,263A,3673,tops_retro_nouveau,Yes,,,-,,,cool tank
116,coral tank,,Tank Top,GracieGrace,Summer,No,"5,600",-,"1,400",-,70,251,-,-,-,blue,yellow,ornate,Unisex,Nature,,-,-,マーブルもようのふくN,top coral,top coral,débardeur corail,débardeur corail,Korallentop,canotta corallo,마블무늬 옷 N,1.0,25F4,2641,367A,tops_ptn_marble,Yes,,,-,,,-
117,coral tee,,T-Shirt,GracieGrace,-,No,"6,200",-,"1,550",-,77,251,-,-,-,blue,yellow,ornate,Unisex,Nature,,-,-,マーブルもようのふく,camiseta coral,camiseta coral,t-shirt corail,t-shirt corail,Korallenshirt,maglietta corallo,마블무늬 옷,1.0,24D7,2524,355D,tops_ptn_marble,Yes,,,-,,,-
118,corseted shirt,,Shirt,Able Sisters,-,Yes,400,-,100,80,5,3,-,Fairy Tale / Quirky,-,black,purple,ornate,Female,-,,-,-,ゴシックなふく,jersey gótico,jersey gótico,pull corset,pull corset,Korsettbluse,maglia gotica,고딕풍 옷,1.0,250C,2559,3592,tops_gothic,Yes,,,-,,,corseted shirt
119,cow tank,,Tank Top,GracieGrace,Summer,No,"5,800",-,"1,450",-,72,251,-,-,-,white,black,flashy,Unisex,Animal,,-,-,ホルスタインなふくN,top vaca,top vaca,débardeur vache,débardeur vache,Kuhtop,canotta mucca,젖소무늬 옷 N,1.0,2609,2656,368F,tops_anml_cow,Yes,,,-,,,-
120,cow tee,,T-Shirt,GracieGrace,-,No,"6,400",-,"1,600",-,80,251,-,-,-,white,black,flashy,Female,Animal,,-,-,ホルスタインなふく,camiseta vaca,camiseta vaca,t-shirt vache,t-shirt vache,Kuhshirt,maglietta mucca,젖소무늬 옷,1.0,24F3,2540,3579,tops_anml_cow,Yes,,,-,,,-
121,crewel tee,,T-Shirt,Able Sisters,Winter,Yes,380,-,95,76,4,3,-,-,-,green,gray,modern,Unisex,Nature,,-,-,エンボスなふく,camiseta estambre,camiseta estambre,t-shirt canevas,t-shirt canevas,Stickshirt,maglietta a rilievo,값비싼 옷,1.0,250A,2557,3590,tops_emboss,Yes,,,-,,,crewel tee
122,crossing shirt,,Shirt,Able Sisters,-,Yes,420,-,105,84,5,3,-,Trendy,-,green,brown,flashy,Unisex,Nature,,-,-,シンメトリーなふく,jersey cruce,jersey cruce,pull croisé,pull croisé,Kreuzpulli,maglia croce,데칼코마니 옷,1.0,24E6,2533,356C,tops_symmetry,No,,,crossing shirt,,,-
123,cyan argyle shirt,,Shirt,GracieGrace,-,No,"6,200",-,"1,550",-,77,251,-,-,-,aqua,gray,cute,Male,Argyle,,-,-,シアンアーガイルのふくL,jersey rombos cian,jersey pijo cian,pull écossais cyan,pull écossais cyan,Türkis-Argyle-Pulli,maglia rombi celesti,하늘색 아가일 옷 L,1.0,24BD,250A,3543,tops_argyle_cya,Yes,,,-,,,-
124,cyan argyle tank,,Tank Top,GracieGrace,Summer,No,"5,400",-,"1,350",-,67,251,-,-,-,aqua,gray,basic,Unisex,Argyle,,-,-,シアンアーガイルのふくN,top rombos cian,top pijo cian,débardeur écos. cyan,débardeur écos. cyan,Türkis-Argyle-Top,canotta rombi cel.,하늘색 아가일 옷 N,1.0,260B,2658,3691,tops_argyle_cya,Yes,,,-,,,-
125,cyan argyle tee,,T-Shirt,GracieGrace,Spring,No,"5,800",-,"1,450",-,72,251,-,-,-,aqua,gray,cute,Male,Argyle,,-,-,シアンアーガイルのふく,camiseta rombos cian,camiseta pija cian,t-shirt écos. cyan,t-shirt écos. cyan,Türkis-Argyle-Shirt,maglietta rombi cel.,하늘색 아가일 옷,1.0,24BE,250B,3544,tops_argyle_cya,Yes,,,-,,,-
126,cycling shirt,,Shirt,Able Sisters,Fall,Yes,640,-,160,128,8,3,cyclist,-,-,blue,black,sporty,Male,-,,-,-,サイクルジャージ,jersey ciclista,jersey ciclista,pull cycliste,pull cycliste,Radlerjacke,maglia ciclista,자전거 경주복,1.0,2539,2586,35BF,tops_cycling,Yes,,,-,,,cycling shirt
127,cycling tee,,T-Shirt,Able Sisters,Summer,Yes,640,-,160,128,8,3,cyclist,-,-,blue,black,sporty,Male,-,,-,-,はんそでサイクルジャージ,camiseta ciclista,camiseta ciclista,t-shirt cycliste,t-shirt cycliste,Radlershirt,maglietta ciclista,반팔 자전거 경주복,1.0,253A,2587,35C0,tops_cycling,Yes,,,-,,,-
128,daisy tee,,T-Shirt,Able Sisters,Spring,Yes,380,-,95,76,4,3,-,-,-,pink,white,cute,Female,Manufactured,,-,-,フラワーなふく,camiseta margarita,camiseta margarita,t-shirt marguerite,t-shirt marguerite,Blümchenshirt,maglietta margherita,플라워 옷,1.0,2452,249F,34D8,tops_flower,Yes,,,-,,,daisy tee
129,danger tee,,T-Shirt,Able Sisters,-,Yes,340,-,85,68,4,3,-,Sci-Fi / Quirky,-,orange,black,flashy,Unisex,V-Striped,,-,-,デンジャラスなふく,camiseta peligro,camiseta peligro,t-shirt danger,t-shirt danger,Linienshirt,maglietta ape,위험한 옷,1.0,24DA,2527,3560,tops_stripe_danger,Yes,,,-,,,danger tee
130,dapper shirt,,Shirt,Able Sisters,Winter,Yes,420,-,105,84,5,3,-,-,-,yellow,green,basic,Unisex,Plaid,,-,-,きいろツイードのふくL,jersey paseo oro,jersey paseo oro,pull pimpant,pull pimpant,Alpaka-Pulli,maglia festosa,노란색 트웨이드 옷 L,1.0,25D3,2620,3659,tops_tweed_ylw,No,,,dapper shirt,,,dapper shirt
131,dapper tee,,T-Shirt,Able Sisters,Winter,Yes,350,-,87,69,4,3,-,-,-,yellow,green,basic,Unisex,Plaid,,-,-,きいろツイードのふく,camiseta paseo oro,camiseta paseo oro,t-shirt pimpant,t-shirt pimpant,Alpaka-Shirt,maglietta festosa,노란색 트웨이드 옷,1.0,2493,24E0,3519,tops_tweed_ylw,Yes,,,-,,,dapper tee
132,dark polka shirt,,Shirt,Able Sisters,Winter,Yes,420,-,105,84,5,3,-,-,-,black,colorful,modern,Unisex,Dotted,,-,-,くろマーブルなふくL,jersey topos noche,jersey topos noche,pull noir à pois,pull noir à pois,Ballonpulli,maglia scura pois,검정 마블 옷 L,1.0,25BF,260C,3645,tops_polka_blk,No,,,dark polka shirt,,,-
133,dark polka tee,,T-Shirt,Able Sisters,Winter,Yes,350,-,87,69,4,3,-,-,-,black,colorful,modern,Unisex,Dotted,,-,-,くろマーブルなふく,camiseta topos noche,camiseta topos noche,t-shirt noir à pois,t-shirt noir à pois,Ballonshirt,maglietta scura pois,검정 마블 옷,1.0,249A,24E7,3520,tops_polka_blk,Yes,,,-,,,dark polka tee
134,dawn tank,,Tank Top,Able Sisters,Summer,Yes,280,-,70,56,3,3,-,-,-,blue,pink,iconic,Unisex,Nature,,-,-,しののめなふくN,top amanecer,top amanecer,débardeur aurore,débardeur aurore,Aurora-Top,canotta aurora,새벽느낌 옷 N,1.0,2604,2651,368A,tops_img_dawn,Yes,,,-,,,-
135,dawn tee,,T-Shirt,Able Sisters,Summer,Yes,380,-,95,76,4,3,-,-,-,blue,pink,iconic,Unisex,Nature,,-,-,しののめなふく,camiseta amanecer,camiseta amanecer,t-shirt aurore,t-shirt aurore,Aurora-Shirt,maglietta aurora,새벽느낌 옷,1.0,2472,24BF,34F8,tops_img_dawn,Yes,,,-,,,dawn tee
136,dazed shirt,,Shirt,Able Sisters,Fall,Yes,420,-,105,84,5,3,-,-,-,pink,purple,cute,Unisex,Plaid,,-,-,ゆめいろこうしのふくL,jersey rombos,jersey rombos,pull losange,pull losange,Wohlfühlpulli,maglia quadri rosa,꿈색 체크무늬 옷 L,1.0,25C2,260F,3648,tops_grid_dream,No,,,dazed shirt,,,-
137,dazed tee,,T-Shirt,Able Sisters,Summer,Yes,350,-,87,69,4,3,-,-,-,pink,purple,cute,Unisex,Plaid,,-,-,ゆめいろこうしのふく,camiseta rombos,camiseta rombos,t-shirt losange,t-shirt losange,Wohlfühlshirt,magliet. quadri rosa,꿈색 체크무늬 옷,1.0,2497,24E4,351D,tops_grid_dream,Yes,,,-,,,dazed tee
138,deep-blue tank,,Tank Top,Able Sisters,Summer,Yes,280,-,70,56,3,3,-,-,-,aqua,blue,sporty,Unisex,Nature,,-,-,グランブルーなふくN,top mar,top mar,débardeur abysse,débardeur abysse,Tiefseetop,canotta azzurra,그랑블루색 옷 N,1.0,25F2,263F,3678,tops_img_granblue,Yes,,,-,,,-
139,deep-blue tee,,T-Shirt,Able Sisters,-,Yes,380,-,95,76,4,3,-,-,-,aqua,blue,sporty,Unisex,Nature,,-,-,グランブルーなふく,camiseta mar,camiseta mar,t-shirt abysse,t-shirt abysse,Tiefseeshirt,maglietta azzurra,그랑블루색 옷,1.0,2475,24C2,34FB,tops_img_granblue,Yes,,,-,,,deep-blue tee
140,deer shirt,,Shirt,Able Sisters,Winter,Yes,380,-,95,76,4,3,-,-,-,white,colorful,historical,Unisex,Manufactured,,-,-,しかがらのニット,jersey ciervos,jersey ciervos,pull daim,pull daim,Rentierpulli,maglione con cervi,사슴무늬 니트,1.0,24CB,2518,3551,tops_knit_deer,No,,,deer shirt,,,deer shirt
141,denim jacket,,Shirt,Able Sisters,-,Yes,420,-,105,84,5,3,-,-,-,blue,blue,basic,Unisex,-,,-,-,デニムジャケット,chaqueta vaquera,chaqueta vaquera,veste en jean,veste en jean,Bluejeansjacke,giacca di jeans,데님 재킷,1.0,2565,25B2,35EB,tops_denim,Yes,,,-,,,denim jacket
142,denim vest,,Tank Top,Able Sisters,Summer,Yes,420,-,105,84,5,3,-,-,-,blue,blue,rock 'n' roll,Male,-,,-,-,そでなしGジャン,chaleco vaquero,chaleco vaquero,veston en jean,veston en jean,Jeansweste,gilet di jeans,민소매 데님 재킷,1.0,2567,25B4,35ED,tops_denim_nslv,Yes,,,-,,,-
143,desert-camo shirt,,Shirt,Able Sisters,Summer,Yes,420,-,105,84,5,3,-,-,-,beige,brown,rock 'n' roll,Unisex,Nature,,-,-,デザートめいさいふくL,jersey desierto,jersey desierto,pull motif désert,pull motif désert,Wüstenpulli,maglia mimetica oro,멋낸 밀리터리 상의 L,1.0,25D4,2621,365A,tops_camo_desert,Yes,,,-,,,-
144,desert-camo tee,,T-Shirt,Able Sisters,Summer,Yes,320,-,80,64,4,3,-,-,-,beige,brown,rock 'n' roll,Unisex,Nature,,-,-,デザートめいさいふく,camiseta desierto,camiseta desierto,t-shirt motif désert,t-shirt motif désert,Wüstenshirt,maglietta mimet. oro,멋낸 밀리터리 상의,1.0,24EE,253B,3574,tops_camo_desert,Yes,,,-,,,-
145,detective outfit,,Shirt,Able Sisters,Winter,Yes,480,-,120,96,6,3,detective,-,-,brown,brown,iconic,Male,-,,-,-,めいたんていのふく,traje de detective,traje de detective,tenue de détective,tenue de détective,Detektivjacke,giacca detective,명탐정 옷,1.0,254A,2597,35D0,tops_detective,No,,,detective outfit,,,detective outfit
146,diamond tee,,T-Shirt,Able Sisters,-,Yes,380,-,95,76,4,3,-,Toy Shop,-,white,red,basic,Unisex,Manufactured,,-,-,ダイヤのふく,camiseta diamante,camiseta diamante,t-shirt carreau,t-shirt carreau,Shirt „Karo“,maglietta di quadri,다이아몬드 옷,1.0,2461,24AE,34E7,tops_mark_diamond,Yes,,,-,,,-
147,dice tank,,Tank Top,Able Sisters,Summer,Yes,340,-,85,68,4,3,-,Toy Shop,-,white,black,flashy,Unisex,Nature,,-,-,サイコロのふく,top dados,top dados,débardeur dés,débardeur dés,Würfeltop,maglietta dadi,주사위무늬 옷,1.0,24E3,2530,3569,tops_dice,Yes,,,-,,,-
148,doctor's coat,,Shirt,Able Sisters,-,Yes,300,-,75,60,3,3,doctor,Sci-Fi / Quirky,-,white,white,official,Male,-,,-,-,はくい,bata de doctor,bata de doctor,blouse de docteur,blouse de docteur,Arztkittel,giacca medico,백의,1.0,2513,2560,3599,tops_doctor,No,,,doctor's coat,,,doctor's coat
149,dogtooth shirt,,Shirt,Able Sisters,Winter,Yes,420,-,105,84,5,3,-,-,-,black,gray,iconic,Unisex,Plaid,,-,-,ちどりごうしのふくL,jersey pata gallo,jersey pata gallo,pull pied de coq,pull pied de coq,Pepita-Pulli,maglia pied de poule,바람개비무늬 옷 L,1.0,25B6,2603,363C,tops_hound,Yes,,,-,,,-
150,dogtooth tee,,T-Shirt,Able Sisters,Winter,Yes,370,-,92,73,4,3,-,-,-,black,gray,iconic,Unisex,Plaid,,-,-,ちどりごうしのふく,camiseta pata gallo,camiseta pata gallo,t-shirt pied de coq,t-shirt pied de coq,Pepita-Shirt,maglietta pied de p.,바람개비무늬 옷,1.0,2483,24D0,3509,tops_hound,Yes,,,-,,,dogtooth tee
151,Dr. Shrunk's jacket,,Shirt,Dr. Shrunk,-,No,-,-,200,-,10,499,-,Toy Shop,-,yellow,red,flashy,Unisex,Nature,,-,-,ししょーのいしょー,americana Dr. Sito,americana Dr. Sito,veste Ciboulot,veste Ciboulot,Samselt-Jacke,giacca di Strizzo,스승 의상,1.0,259E,25EB,3624,tops_shisho,Yes,,,-,,,-
152,dragon jacket,,Shirt,GracieGrace,-,No,"5,200",-,"1,300",-,65,299,-,Harmonious,-,blue,colorful,rock 'n' roll,Male,Nature,,-,-,ドラゴンのスカジャン,cazadora dragón,cazadora dragón,veste dragon,veste dragon,Drachenjacke,giacca blu e oro,용 점퍼,1.0,2556,25A3,35DC,tops_skajan_dragon,Yes,,,-,,,dragon jacket
153,dragon suit,,T-Shirt,Able Sisters,Summer,Yes,340,-,85,68,4,3,-,Harmonious / Toy Shop,-,orange,black,sporty,Male,Manufactured,,-,-,ドラゴンスーツ,camiseta dragón,camiseta dragón,t-shirt dragon,t-shirt dragon,Drachenshirt,maglietta drago,드래곤 옷,1.0,2506,2553,358C,tops_dragon,No,,,dragon suit,,,dragon suit
154,dreamy tee,,T-Shirt,Able Sisters,Spring,Yes,400,-,100,80,5,3,-,Rustic,-,pink,aqua,cute,Female,Nature,,-,-,ゆめのはながらのシャツ,camiseta ensueño,camiseta ensueño,t-shirt de rêve,t-shirt de rêve,Frotteeshirt,maglietta da sogno,파스텔 꽃무늬 셔츠,1.0,257F,25CC,3605,tops_flw_dream,Yes,,,-,,,-
155,earthy knit shirt,,Shirt,Able Sisters,Winter,Yes,390,-,97,77,4,3,-,-,-,beige,yellow,basic,Unisex,Nature,,-,-,つちいろのニット,jersey tierra,jersey tierra,pull ocre,pull ocre,Polarpulli,maglione campagnolo,황토색 니트,1.0,24C8,2515,354E,tops_knit_earthy,Yes,,,-,,,earthy knit shirt
156,eight-ball tee,,T-Shirt,Able Sisters,-,Yes,340,-,85,68,4,3,-,-,-,black,black,sporty,Unisex,Manufactured,,-,-,8ばんだまのふく,camiseta bola 8,camiseta bola 8,t-shirt nº 8,t-shirt nº 8,8er-Shirt,maglietta palla 8,8번공 옷,1.0,244F,249C,34D5,tops_numball_8,Yes,,,-,,,eight-ball tee
157,elephant shirt,,Shirt,Able Sisters,-,Yes,420,-,105,84,5,3,-,-,-,blue,aqua,cute,Unisex,Animal,,-,-,ゾウのふくL,jersey elefantito,jersey elefantito,pull éléphant,pull éléphant,Elefantenpulli,maglia elefante,코끼리 옷 L,1.0,25B3,2600,3639,tops_anml_elephant,No,,,elephant shirt,,,-
158,elephant tee,,T-Shirt,Able Sisters,-,Yes,260,-,65,52,3,3,-,-,-,blue,aqua,cute,Unisex,Animal,,-,-,ゾウのふく,camiseta elefantito,camiseta elefantito,t-shirt éléphant,t-shirt éléphant,Elefantenshirt,maglietta elefante,코끼리 옷,1.0,245F,24AC,34E5,tops_anml_elephant,Yes,,,-,,,-
159,Epona outfit,,Tank Top,Epona's RV,-,No,-,-,200,-,10,300,-,Toy Shop,-,brown,brown,iconic,Unisex,Manufactured,,-,-,エポナのふく,top Epona,top Epona,tenue Épona,tenue Épona,Epona-Outfit,costume Epona,에포나 옷,1.4,-,266B,36A4,tops_nin_epona,Yes,,,-,,,-
160,explorer tee,,T-Shirt,Able Sisters,-,Yes,400,-,100,80,5,3,explorer,-,-,beige,gray,sporty,Male,-,,-,-,たんけんふく,camiseta explorador,camiseta explorador,t-shirt aventure,t-shirt aventure,Safarishirt,maglietta esplorat.,탐험복,1.0,251D,256A,35A3,tops_explorer,Yes,,,-,,,explorer tee
161,fall leaf shirt,,Shirt,Able Sisters,Fall,Yes,420,-,105,84,5,3,-,Rustic,-,brown,yellow,historical,Unisex,Nature,,-,-,あきいろはっぱなふくL,jersey otoño,jersey otoño,pull automnal,pull automnal,Blätterpulli,maglia autunno,가을빛 나뭇잎 옷 L,1.0,25B2,25FF,3638,tops_leaf_fall,No,,,fall leaf shirt,,,-
162,fall leaf tee,,T-Shirt,Able Sisters,Fall,Yes,280,-,70,56,3,3,-,Rustic,-,brown,yellow,historical,Unisex,Nature,,-,-,あきいろはっぱなふく,camiseta otoño,camiseta otoño,t-shirt automnal,t-shirt automnal,Blättershirt,maglietta autunno,가을빛 나뭇잎 옷,1.0,24D0,251D,3556,tops_leaf_fall,Yes,,,-,,,-
163,fall plaid shirt,,Shirt,Able Sisters,Fall,Yes,420,-,105,84,5,3,-,-,-,brown,yellow,iconic,Unisex,Plaid,,-,-,あきのタータンのふくL,jersey tartán lila,jersey tartán lila,pull automne,pull automne,Herbstpulli,maglia autunnale,가을 타탄 옷 L,1.0,25D8,2625,365E,tops_tartan_fall,No,,,fall plaid shirt,,,fall plaid shirt
164,fall plaid tee,,T-Shirt,Able Sisters,Fall,Yes,370,-,92,73,4,3,-,-,-,brown,yellow,iconic,Unisex,Plaid,,-,-,あきのタータンのふく,camiseta tartán lila,camiseta tartán lila,t-shirt automne,t-shirt automne,Herbstshirt,maglietta autunnale,가을 타탄 옷,1.0,2491,24DE,3517,tops_tartan_fall,Yes,,,-,,,fall plaid tee
165,Felyne outfit,,T-Shirt,Felyne's RV,-,No,-,-,200,-,10,300,-,Toy Shop,-,orange,orange,iconic,Unisex,-,,-,-,アイルーのふく,chaleco de Felyne,chaleco Felyne,tenue de Felyne,tenue Felyne,Felyne-Outfit,vestito Felyne,아이루 옷,1.4,-,2664,369D,tops_airou,Yes,,,-,,,-
166,fern shirt,,Shirt,Able Sisters,Summer,Yes,420,-,105,84,5,3,-,Rustic,-,green,green,basic,Unisex,Nature,,-,-,はっぱがらのふくL,jersey helechos,jersey helechos,pull fougère,pull fougère,Farnpulli,maglia felce,나뭇잎무늬 옷 L,1.0,25B0,25FD,3636,tops_ptn_leaf,No,,,fern shirt,,,-
167,fern tee,,T-Shirt,Able Sisters,Summer,Yes,300,-,75,60,3,3,-,Rustic,-,green,green,basic,Unisex,Nature,,-,-,はっぱがらのふく,camiseta helechos,camiseta helechos,t-shirt fougère,t-shirt fougère,Farnshirt,maglietta felce,나뭇잎무늬 옷,1.0,24CE,251B,3554,tops_ptn_leaf,Yes,,,-,,,fern tee
168,Festivale tank,,Tank Top,Able Sisters,Spring,Yes,360,-,90,72,4,33,-,-,-,green,red,iconic,Unisex,Nature,,-,-,サンバなふく,top de carnaval,top de carnaval,débardeur carnaval,débardeur carnaval,Karnevals-Top,canotta samba,삼바 옷,1.0,258D,25DA,3613,tops_sht_samba,Yes,,,-,,,Festivale tank
169,fiendish shirt,,Shirt,Able Sisters,-,Yes,680,-,170,136,8,3,-,-,-,red,black,flashy,Unisex,-,,-,-,あかいネットのふく,jersey red roja,jersey red roja,pull magma,pull magma,Wabenpulli,maglia a rete rossa,빨간 망사 옷,1.0,24F9,2546,357F,tops_rednet,No,,,fiendish shirt,,,-
170,firefighter shirt,,Shirt,Able Sisters,-,Yes,320,-,80,64,4,3,firefighter,-,-,black,yellow,sporty,Unisex,-,,-,-,しょうぼうふく,chaqueta de bombero,chaqueta de bombero,pull pompier,pull pompier,Feuerwehrjacke,giacca pompiere,소방관 제복,1.0,2512,255F,3598,tops_firefighter,Yes,,,-,,,-
171,fish tee,,T-Shirt,Able Sisters,-,Yes,380,-,95,76,4,3,-,-,-,black,yellow,rock 'n' roll,Male,Manufactured,,-,-,さかなのふく,camiseta pececillo,camiseta pececillo,t-shirt poisson,t-shirt poisson,Fischgrät-Shirt,maglietta pesciolino,물고기 옷,1.0,245A,24A7,34E0,tops_fishbone,Yes,,,-,,,-
172,fishing vest,,T-Shirt,Able Sisters,-,Yes,420,-,105,84,5,3,-,-,-,red,orange,sporty,Unisex,-,,-,-,つりジャケット,camiseta de pesca,camiseta de pesca,veste de pêcheur,veste de pêcheur,Angelweste,giubbotto da pesca,낚시 재킷,1.0,2547,2594,35CD,tops_fish_jkt,Yes,,,-,,,fishing vest
173,five-ball tee,,T-Shirt,Able Sisters,-,Yes,340,-,85,68,4,3,-,-,-,orange,orange,sporty,Unisex,Manufactured,,-,-,5ばんだまのふく,camiseta bola 5,camiseta bola 5,t-shirt nº 5,t-shirt nº 5,5er-Shirt,maglietta palla 5,5번공 옷,1.0,244C,2499,34D2,tops_numball_5,Yes,,,-,,,five-ball tee
174,flame shirt,,Shirt,Able Sisters,-,Yes,420,-,105,84,5,3,-,-,-,black,red,rock 'n' roll,Male,Nature,,-,-,ファイアーなふくL,jersey fuego,jersey fuego,pull flamme,pull flamme,Feuerpulli,maglia fiamma,파이어 옷 L,1.0,25CF,261C,3655,tops_fire,No,,,flame shirt,,,flame shirt
175,flame tee,,T-Shirt,Able Sisters,-,Yes,360,-,90,72,4,3,-,-,-,black,red,rock 'n' roll,Male,Nature,,-,-,ファイアーなふく,camiseta fuego,camiseta fuego,t-shirt flamme,t-shirt flamme,Feuershirt,maglietta fiamma,파이어 옷,1.0,24D9,2526,355F,tops_fire,Yes,,,-,,,flame tee
176,flan tank,,Tank Top,GracieGrace,-,No,"5,200",-,"1,300",-,65,251,-,Fairy Tale,-,beige,brown,flashy,Unisex,Nature,,-,-,プリンなふく,top flan,top flan,débardeur flan,débardeur flan,Puddingtop,canotta budino,푸딩 옷,1.0,2501,254E,3587,tops_food_pudding,Yes,,,-,,,flan tank
177,flashy suit,,Shirt,Able Sisters,-,Yes,640,-,160,128,8,3,-,-,-,white,orange,ornate,Unisex,-,,-,-,ハデなスーツ,saco llamativo,chaqueta llamativa,costume criard,costume criard,Imponierhemd,giacca vistosa,화려한 옷,1.4,-,265F,3698,tops_gaudy_suit,Yes,,,-,,,-
178,flight-crew shirt,,Shirt,Able Sisters,-,Yes,"1,200",-,300,240,15,3,-,-,-,blue,pink,official,Female,-,,-,-,アテンダントのふく,uniforme de azafata,uniforme de azafata,pull hôtesse,pull hôtesse,Stewardessjacke,giacca hostess,승무원 옷,1.0,2591,25DE,3617,tops_stewardess,Yes,,,-,,,flight-crew shirt
179,floral knit tee,,T-Shirt,Able Sisters,Spring,Yes,420,-,105,84,5,3,-,Rustic,-,purple,white,cute,Unisex,Nature,,-,-,しろいはなのシャツ,camiseta iris,camiseta iris,t-shirt floral,t-shirt floral,Primelshirt,maglietta fioroni,하얀색 꽃그림 셔츠,1.0,257E,25CB,3604,tops_flw_floral,Yes,,,-,,,floral knit tee
180,flowery tee,,T-Shirt,Able Sisters,-,Yes,480,-,120,96,6,3,-,Rustic,-,white,pink,cute,Female,Nature,,-,-,はながらのドレス,camiseta floral rosa,camiseta floral rosa,t-shirt cerisier,t-shirt cerisier,Kirschblütenshirt,maglietta delicata,꽃무늬 드레스,1.0,259B,25E8,3621,tops_dress_flw,Yes,,,-,,,-
181,folk shirt,,Shirt,Able Sisters,Winter,Yes,380,-,95,76,4,3,-,-,-,red,white,iconic,Unisex,Nature,,-,-,ネイティブニット,jersey folk,jersey folk,pull folklorique,pull folklorique,Folklorepulli,maglione folk,원주민 니트,1.0,24C3,2510,3549,tops_knit_native,No,,,folk shirt,,,folk shirt
182,folk tunic,,Shirt,Able Sisters,-,Yes,640,-,160,128,8,3,chief,-,-,brown,brown,iconic,Unisex,-,,-,-,ネイティブなふく,túnica india,túnica india,tunique folklorique,tunique folklorique,Folklorekittel,maglia etnica,원주민 옷,1.0,253D,258A,35C3,tops_native,No,,,folk tunic,,,-
183,four-ball tee,,T-Shirt,Able Sisters,-,Yes,340,-,85,68,4,3,-,-,-,purple,purple,sporty,Unisex,Manufactured,,-,-,4ばんだまのふく,camiseta bola 4,camiseta bola 4,t-shirt nº 4,t-shirt nº 4,4er-Shirt,maglietta palla 4,4번공 옷,1.0,244B,2498,34D1,tops_numball_4,Yes,,,-,,,four-ball tee
184,fresh tank,,Tank Top,Able Sisters,Summer,Yes,280,-,70,56,3,3,-,-,-,white,green,sporty,Unisex,Nature,,-,-,さわやかなふくN,top brisa,top brisa,débardeur nouveau,débardeur nouveau,Sorbet-Top,canotta fresca,상큼한 옷 N,1.0,25F8,2645,367E,tops_img_fresh,Yes,,,-,,,-
185,fresh tee,,T-Shirt,Able Sisters,-,Yes,380,-,95,76,4,3,-,-,-,white,green,sporty,Unisex,Nature,,-,-,さわやかなふく,camiseta brisa,camiseta brisa,t-shirt nouveau,t-shirt nouveau,Sorbet-Shirt,maglietta fresca,상큼한 옷,1.0,2471,24BE,34F7,tops_img_fresh,Yes,,,-,,,-
186,frilly apron,,Shirt,Able Sisters,-,Yes,640,-,160,128,8,3,-,Fairy Tale,-,aqua,white,cute,Female,-,,-,-,フリルつきエプロン,delantal volantes,delantal volantes,tablier à jabot,tablier à jabot,Dienstmädchenschürze,grembiule vezzoso,프릴 앞치마,1.4,-,2663,369C,tops_apron_frill,Yes,,,-,,,-
187,frog costume,,Tank Top,Able Sisters,Summer,Yes,640,-,160,128,8,3,frog,-,-,green,green,cute,Unisex,Animal,,-,-,カエルなふく,top rana,top rana,haut grenouille,haut grenouille,Froschshirt,canotta anfibio,개구리 의상,1.0,2527,2574,35AD,tops_cstm_frog,Yes,,,-,,,frog costume
188,frog shirt,,Shirt,Able Sisters,Summer,Yes,420,-,105,84,5,3,-,-,-,beige,green,cute,Unisex,Animal,,-,-,かえるのふくL,jersey ranita,jersey ranita,pull rainette,pull rainette,Quak-Pulli,maglia rana,개구리 옷 L,1.0,25AB,25F8,3631,tops_anml_frog,No,,,frog shirt,,,-
189,frog tee,,T-Shirt,Able Sisters,Summer,Yes,340,-,85,68,4,3,-,-,-,beige,green,cute,Unisex,Animal,,-,-,かえるのふく,camiseta ranita,camiseta ranita,t-shirt rainette,t-shirt rainette,Quak-Shirt,maglietta rana,개구리 옷,1.0,245B,24A8,34E1,tops_anml_frog,Yes,,,-,,,frog tee
190,funky-dot tank,,Tank Top,Able Sisters,Summer,Yes,280,-,70,56,3,3,-,Trendy,-,pink,purple,cute,Unisex,Dotted,,-,-,パープルドットのふくN,top topos lila,top topos lila,débardeur points,débardeur points,Funky-Top,canotta pois lilla,보라색 도트 옷 N,1.0,25F6,2643,367C,tops_dot_ppl,Yes,,,-,,,-
191,funky-dot tee,,T-Shirt,Able Sisters,-,Yes,430,-,107,85,5,3,-,-,-,pink,purple,cute,Female,Dotted,,-,-,パープルドットのふく,camiseta topos lila,camiseta topos lila,t-shirt points,t-shirt points,Funky-Shirt,maglietta pois lilla,보라색 도트 옷,1.0,249D,24EA,3523,tops_dot_ppl,Yes,,,-,,,funky-dot tee
192,future tank,,Tank Top,Able Sisters,Summer,Yes,390,-,97,77,4,3,-,Trendy / Sci-Fi / Toy Shop,-,purple,yellow,flashy,Unisex,Nature,,-,-,フューチャーなふく,top futurista,top futurista,débardeur futur,débardeur futur,Kreis-Top,canotta futuro,미래적인 옷,1.0,24DC,2529,3562,tops_future,Yes,,,-,,,-
193,Ganon outfit,,T-Shirt,Ganon's RV,-,No,-,-,200,-,10,300,-,Toy Shop,-,brown,brown,iconic,Unisex,-,,-,-,ガノンのふく,camiseta Ganon,camiseta Ganon,tenue de Ganon,tenue de Ganon,Ganon-Outfit,costume Ganon,가논 옷,1.4,-,2669,36A2,tops_nin_ganon,Yes,,,-,,,-
194,Ganondorf outfit,,Shirt,Ganon's RV,-,No,-,-,200,-,10,300,-,Toy Shop,-,colorful,colorful,iconic,Unisex,-,,-,-,ガノンドロフのふく,túnica de Ganondorf,túnica de Ganondorf,tenue de Ganondorf,tenue de Ganondorf,Ganondorf-Outfit,costume Ganondorf,가논돌프 옷,1.4,-,2668,36A1,tops_nin_ganondorf,Yes,,,-,,,-
195,garden tank,,Tank Top,Able Sisters,Summer,Yes,420,-,105,84,5,3,-,Rustic / Fairy Tale,-,white,red,cute,Female,Nature,,-,-,はながらのプリントキャミ,top flores,top flores,débardeur jardin,débardeur jardin,Gartentop,canotta millefiori,꽃무늬 캐미솔,1.0,255B,25A8,35E1,tops_camiprint_flw,Yes,,,-,,,garden tank
196,gelato shirt,,Shirt,Able Sisters,-,Yes,420,-,105,84,5,3,-,-,-,red,green,cute,Unisex,H-Striped,,-,-,いちごボーダーなふくL,jersey góndola,jersey góndola,pull Rome,pull Rome,3-Farben-Pulli,maglia tricolore,딸기 줄무늬 옷 L,1.0,25D2,261F,3658,tops_border_stb,No,,,gelato shirt,,,gelato shirt
197,gelato tee,,T-Shirt,Able Sisters,-,Yes,330,-,82,65,4,3,-,-,-,red,green,cute,Unisex,H-Striped,,-,-,いちごボーダーなふく,camiseta góndola,camiseta góndola,t-shirt Rome,t-shirt Rome,3-Farben-Shirt,maglietta tricolore,딸기 줄무늬 옷,1.0,248D,24DA,3513,tops_border_stb,Yes,,,-,,,gelato tee
198,genie shirt,,Shirt,Able Sisters,-,Yes,640,-,160,128,8,3,genie,-,-,purple,aqua,iconic,Male,-,,-,-,ペルシャのチョッキ,jersey persa,jersey persa,pull persan,pull persan,Orient-Pulli,maglia persiana,페르시아 조끼,1.0,253C,2589,35C2,tops_persian,Yes,,,-,,,-
199,genie vest,,Tank Top,Able Sisters,Summer,Yes,280,-,70,56,3,3,-,-,-,purple,aqua,iconic,Male,-,,-,-,ペルシャのチョッキN,chaleco persa,chaleco persa,débardeur persan,débardeur persan,Orient-Top,canotta persiana,페르시아 조끼 N,1.0,260A,2657,3690,tops_persian,Yes,,,-,,,-
200,giraffe tank,,Tank Top,GracieGrace,Summer,No,"5,800",-,"1,450",-,72,251,-,-,-,yellow,brown,flashy,Unisex,Animal,,-,-,キリンのふくN,top jirafa,top jirafa,débardeur girafe,débardeur girafe,Giraffentop,canotta giraffa,기린 옷 N,1.0,25FD,264A,3683,tops_anml_giraffe,Yes,,,-,,,-
201,giraffe tee,,T-Shirt,GracieGrace,-,No,"6,200",-,"1,550",-,77,251,-,-,-,yellow,brown,flashy,Unisex,Animal,,-,-,キリンのふく,camiseta jirafa,camiseta jirafa,t-shirt girafe,t-shirt girafe,Giraffenshirt,maglietta giraffa,기린 옷,1.0,24F5,2542,357B,tops_anml_giraffe,Yes,,,-,,,-
202,go-go shirt,,Shirt,Able Sisters,Fall,Yes,360,-,90,72,4,3,-,Trendy,-,orange,aqua,modern,Unisex,Nature,,-,-,レクタングルなふく,jersey lalalá,jersey lalalá,pull go-go,pull go-go,Disco-Pulli,maglia a rettangoli,직사각형 옷,1.0,258C,25D9,3612,tops_ptn_rectangle,No,,,go-go shirt,,,go-go shirt
203,gold-armor suit,,Shirt,Able Sisters,-,Yes,540,-,135,108,6,3,centurion,Antique / Quirky,-,yellow,yellow,historical,Male,-,,-,-,きんのかっちゅう,coraza de oro,coraza de oro,cuirasse plates or,cuirasse plates or,Goldrüstungshemd,armatura oro,금갑옷,1.0,252F,257C,35B5,tops_armor_gld,Yes,,,-,,,gold-armor suit
204,gold-bar shirt,,Shirt,Able Sisters,Winter,Yes,420,-,105,84,5,3,-,Trendy,-,gray,orange,historical,Unisex,V-Striped,,-,-,じみなたてじまのふくL,jersey rayas oro,jersey rayas oro,pull rayures jaune,pull rayures jaune,Rudererpulli,maglia barre gialla,차분한 줄무늬 옷 L,1.0,25D7,2624,365D,tops_stripe_quiet,Yes,,,-,,,-
205,gold-bar tee,,T-Shirt,Able Sisters,Winter,Yes,360,-,90,72,4,3,-,Trendy,-,gray,orange,historical,Unisex,V-Striped,,-,-,じみなたてじまのふく,camiseta rayas oro,camiseta rayas oro,t-shirt ray. jaune,t-shirt ray. jaune,Ruderershirt,maglietta barre gia.,차분한 줄무늬 옷,1.0,24A2,24EF,3528,tops_stripe_quiet,Yes,,,-,,,-
206,good-fortune clothes,,T-Shirt,Able Sisters,-,Yes,640,-,160,128,8,3,-,Harmonious,-,red,red,rock 'n' roll,Unisex,-,,-,-,だいきちのふく,camiseta afortunada,camiseta afortunada,tenue porte-bonheur,tenue porte-bonheur,Glücks-Outfit,maglietta fortunata,행운을 부르는 옷,1.4,-,2666,369F,tops_daikichi,Yes,,,-,,,good-fortune clothes
207,Gracie tank,,Tank Top,GracieGrace,Summer,No,"6,200",-,"1,550",-,77,251,-,Trendy,-,blue,colorful,modern,Unisex,Nature,,-,-,グレースのふく,top Graciela,top Graciela,débardeur Carla,débardeur Carla,Graziatop,canotta di Griffa,그레이스 옷,1.0,24DB,2528,3561,tops_grace,Yes,,,-,,,Gracie tank
208,grape tank,,Tank Top,Able Sisters,Spring,Yes,280,-,70,56,3,3,grape,Rustic,-,purple,green,cute,Unisex,Fruit,,-,-,ぶどうのふくN,top uvas,top uvas,débardeur raisin,débardeur raisin,Traubentop,canotta uva,포도 옷 N,1.0,25E4,2631,366A,tops_frt_grape,Yes,,,-,,,-
209,grape tee,,T-Shirt,Able Sisters,Spring,Yes,640,-,160,128,8,3,grape,Rustic,-,purple,green,cute,Unisex,Fruit,,-,-,ぶどうのふく,camiseta uvas,camiseta uvas,t-shirt raisin,t-shirt raisin,Traubenshirt,maglietta uva,포도 옷,1.0,24FE,254B,3584,tops_frt_grape,Yes,,,-,,,-
210,grape-stripe shirt,,Shirt,Able Sisters,-,Yes,420,-,105,84,5,3,-,-,-,purple,purple,modern,Unisex,H-Striped,,-,-,むらさきボーダーなふくL,jersey toldo lila,jersey toldo lila,pull raies mauve,pull raies mauve,Lutscherpulli,maglia bande viola,보라 줄무늬 옷 L,1.0,25CB,2618,3651,tops_border_ppl,Yes,,,-,,,grape-stripe shirt
211,grape-stripe tee,,T-Shirt,Able Sisters,-,Yes,320,-,80,64,4,3,-,-,-,purple,purple,modern,Unisex,H-Striped,,-,-,むらさきボーダーのふく,camiseta toldo lila,camiseta toldo lila,t-shirt raies mauve,t-shirt raies mauve,Lutschershirt,magliet. bande viola,보라 줄무늬 옷,1.0,2488,24D5,350E,tops_border_ppl,Yes,,,-,,,-
212,grass tee,,T-Shirt,Able Sisters,-,Yes,580,-,145,116,7,3,-,Rustic,-,green,green,basic,Unisex,Nature,,-,-,くさのふく,camiseta hierba,camiseta hierba,t-shirt herbe,t-shirt herbe,Rasenshirt,maglietta erbosa,풀무늬 옷,1.0,24D2,251F,3558,tops_grass_triangle,Yes,,,-,,,grass tee
213,gray parka,,Shirt,Able Sisters,Winter,Yes,400,-,100,80,5,3,-,-,-,gray,gray,basic,Unisex,-,,-,-,グレーのパーカー,sudadera gris,sudadera gris,sweat gris,sweat gris,Grauparka,felpa tuta grigia,회색 파카,1.0,2546,2593,35CC,tops_parka_gry,Yes,,,-,,,gray parka
214,gray tank,,Tank Top,Able Sisters,Summer,Yes,360,-,90,72,4,3,-,-,-,gray,gray,sporty,Unisex,-,,-,-,グレータンクトップ,top gris,top gris,débardeur gris,débardeur gris,Logo-Top,canotta palma,회색 탱크탑,1.0,2599,25E6,361F,tops_tanktop_gry,Yes,,,-,,,-
215,gray tartan shirt,,Shirt,Able Sisters,-,Yes,420,-,105,84,5,3,-,-,-,gray,white,iconic,Unisex,Plaid,,-,-,グレータータンのふくL,jersey tartán gris,jersey tartán gris,pull tartan gris,pull tartan gris,Tartanpulli,maglia tartan nera,회색 타탄 옷 L,1.0,24B6,2503,353C,tops_tartan_gry,Yes,,,-,,,-
216,gray tartan tee,,T-Shirt,Able Sisters,-,Yes,420,-,105,84,5,3,-,-,-,gray,white,iconic,Unisex,Plaid,,-,-,グレータータンのふく,camiseta tartán gris,camiseta tartán gris,t-shirt tartan gris,t-shirt tartan gris,Tartanshirt,magliet. tartan nera,회색 타탄 옷,1.0,24B5,2502,353B,tops_tartan_gry,Yes,,,-,,,gray tartan tee
217,green emblem blazer,,Shirt,Able Sisters,-,Yes,420,-,105,84,5,3,-,-,-,green,green,official,Unisex,Manufactured,,-,-,みどりのブレザー,americana verde,americana verde,blazer emblème vert,blazer emblème vert,Grün-Blazer,giacca divisa verde,녹색 블레이저,1.0,2569,25B6,35EF,tops_blazer_grn,Yes,,,-,,,-
218,green gym tee,,T-Shirt,Able Sisters,Summer,Yes,420,-,105,84,5,3,-,-,-,white,green,sporty,Unisex,-,,-,-,みどりのたいそうふく,camiseta sport verde,camiseta sport verde,t-shirt sport vert,t-shirt sport vert,Sportshirt,maglietta tennis,녹색 체육복,1.0,2568,25B5,35EE,tops_gym_grn,Yes,,,-,,,-
219,green tie-dye tank,,Tank Top,Able Sisters,Summer,Yes,280,-,70,56,3,3,-,-,-,green,white,basic,Unisex,Nature,,-,-,メロンソーダなふくN,top hippy verde,top hippy verde,débardeur batik vert,débardeur batik vert,Festivaltop,canotta verde,멜론 소다 옷 N,1.0,25EC,2639,3672,tops_img_mlnsoda,Yes,,,-,,,-
220,green tie-dye tee,,T-Shirt,Able Sisters,-,Yes,380,-,95,76,4,3,-,-,-,green,white,basic,Unisex,Nature,,-,-,メロンソーダなふく,camiseta hippy verde,camiseta hippy verde,t-shirt batik vert,t-shirt batik vert,Festivalshirt,maglietta verde,멜론 소다 옷,1.0,247B,24C8,3501,tops_img_mlnsoda,Yes,,,-,,,green tie-dye tee
221,green warm-up jacket,,Shirt,Able Sisters,-,Yes,420,-,105,84,5,3,-,-,-,green,green,sporty,Unisex,-,,-,-,みどりのジャージ,sudadera sport verde,sudadera sport verde,veste survêt verte,veste survêt verte,Waldlaufjacke,maglia tuta verde,녹색 트레이닝복,1.0,2578,25C5,35FE,tops_jersey_grn,Yes,,,-,,,green warm-up jacket
222,green-bar shirt,,Shirt,Able Sisters,Fall,Yes,420,-,105,84,5,3,-,-,-,green,white,basic,Unisex,H-Striped,,-,-,みどりボーダーのふくL,jersey toldo verde,jersey toldo verde,pull raies vert,pull raies vert,Apfelpulli,maglia bande verdi,초록 줄무늬 옷 L,1.0,25D1,261E,3657,tops_border_grn,Yes,,,-,,,-
223,green-bar tee,,T-Shirt,Able Sisters,Summer,Yes,320,-,80,64,4,3,-,-,-,green,white,basic,Unisex,H-Striped,,-,-,みどりボーダーのふく,camiseta toldo verde,camiseta toldo verde,t-shirt raies vert,t-shirt raies vert,Apfelshirt,magliet. bande verdi,초록 줄무늬 옷,1.0,2486,24D3,350C,tops_border_grn,Yes,,,-,,,green-bar tee
224,green-stripe tank,,Tank Top,Able Sisters,Summer,Yes,320,-,80,64,4,3,-,-,-,green,green,sporty,Unisex,-,,-,-,みどりのタンクトップ,top rayas verdes,top rayas verdes,débardeur rayé vert,débardeur rayé vert,Grünstreifentop,canotta righe verdi,녹색 탱크탑,1.0,2598,25E5,361E,tops_tanktop_grn,Yes,,,-,,,-
225,green-zap suit,,Shirt,Able Sisters,-,Yes,640,-,160,128,8,3,green superhero,Sci-Fi / Toy Shop,-,white,green,sporty,Male,-,,-,-,ヒーロースーツG,superjersey verde,superjersey verde,pull de héros vert,pull de héros vert,Grünheldenpulli,maglia eroe verde,히어로 슈트 G,1.0,2540,258D,35C6,tops_hero_grn,Yes,,,-,,,-
226,groovy tank,,Tank Top,GracieGrace,Summer,No,"5,800",-,"1,450",-,72,251,-,Trendy,-,pink,yellow,flashy,Unisex,Nature,,-,-,サイケデリックなふくN,top caracol,top caracol,débardeur funky,débardeur funky,Schneckentop,canotta ghirigori,사이키델릭 옷 N,1.0,25F7,2644,367D,tops_ptn_psyche,Yes,,,-,,,-
227,groovy tee,,T-Shirt,GracieGrace,-,No,"6,400",-,"1,600",-,80,251,-,Trendy,-,pink,yellow,flashy,Unisex,Nature,,-,-,サイケデリックなふく,camiseta caracol,camiseta caracol,t-shirt funky,t-shirt funky,Schneckenshirt,maglietta ghirigori,사이키델릭 옷,1.0,24D8,2525,355E,tops_ptn_psyche,Yes,,,-,,,groovy tee
228,gumdrop tee,,T-Shirt,Able Sisters,Spring,Yes,390,-,97,77,4,3,-,Trendy,-,pink,green,cute,Female,Dotted,,-,-,はるのみずたまのふく,camiseta esferas,camiseta esferas,t-shirt bonbons,t-shirt bonbons,Kaugummishirt,maglietta gommosa,봄 물방울무늬 옷,1.0,249E,24EB,3524,tops_dot_spring,Yes,,,-,,,gumdrop tee
229,hanten shirt,,Shirt,Able Sisters,-,Yes,420,-,105,84,5,3,-,Harmonious,-,blue,beige,iconic,Unisex,-,,-,-,そでなしはんてん,bata de invierno,bata de invierno,pull hanten,pull hanten,Lockerweste,giacca da casa,민소매 방한복,1.0,255E,25AB,35E4,tops_hanten,Yes,,,-,,,hanten shirt
230,happi tee,,T-Shirt,Able Sisters,-,Yes,420,-,105,84,5,3,-,Harmonious,-,blue,red,iconic,Unisex,Nature,,-,-,はっぴ,camiseta festival,camiseta festival,t-shirt happi,t-shirt happi,Fernost-Jacke,maglietta da festa,일본풍 축제 가운,1.0,2551,259E,35D7,tops_happi,Yes,,,-,,,happi tee
231,heart tee,,T-Shirt,Able Sisters,-,Yes,360,-,90,72,4,3,-,Toy Shop,-,pink,red,cute,Unisex,Manufactured,,-,-,ハートのふく,camiseta corazón,camiseta corazón,t-shirt cœur,t-shirt cœur,Shirt „Herz“,maglietta di cuori,하트 옷,1.0,2463,24B0,34E9,tops_mark_heart,Yes,,,-,,,heart tee
232,Hello Kitty outfit,,T-Shirt,Rilla's RV,-,No,-,-,200,-,10,300,-,Fairy Tale / Toy Shop,-,blue,white,cute,Unisex,Manufactured,,-,-,ハローキティなふく,camiseta Hello Kitty,camiseta Hello Kitty,tenue Hello Kitty,tenue Hello Kitty,Hello-Kitty-Outfit,magliet. Hello Kitty,헬로키티 옷,1.4,-,2671,36AA,tops_snr_kitty,Yes,,,-,,,Hello Kitty outfit
233,hero's clothes,,Shirt,Fortune,-,No,-,-,210,-,10,151,hero,Toy Shop,-,green,green,iconic,Male,-,,-,-,ゆうしゃのふく,jersey del héroe,jersey del héroe,tenue héroïque,tenue héroïque,Heldenjacke,maglia Link,용사 옷,1.0,2543,2590,35C9,tops_nin_link,No,,,hero's clothes,,,-
234,HHA jacket,,Shirt,HHA,-,No,-,-,25,-,1,499,-,-,-,red,red,official,Unisex,-,,-,-,ハッピーホームジャケット,americana AAD,americana AAD,veste AJD,veste AJD,AdsH-Jacke,giacca ABC,해피홈 재킷,1.0,259D,25EA,3623,tops_hh_jacket,Yes,,,-,,,-
235,HHA tee,,T-Shirt,HHA,-,No,-,-,25,-,1,499,-,-,-,white,red,basic,Unisex,-,,-,-,ハッピーホームTシャツ,camiseta AAD,camiseta AAD,t-shirt AJD,t-shirt AJD,AdsH-Shirt,maglietta ABC,해피홈 티셔츠,1.0,259C,25E9,3622,tops_hh_tshirt,Yes,,,-,,,-
236,HHA women's jacket,,Shirt,Lottie's RV,-,No,-,-,160,-,8,56,-,-,-,red,red,official,Female,-,,-,-,アカデミーのふくレディス,saco AAD mujer,chaqueta AAD,veste féminine AJD,veste féminine AJD,AdsH-Blazer,divisa ABC donna,여성용 아카데미 옷,1.4,-,2665,369E,tops_hh_jacketw,Yes,,,-,,,-
237,high-spirits shirt,,T-Shirt,Holden's RV,-,No,-,-,200,-,10,300,-,-,-,red,yellow,rock 'n' roll,Unisex,-,,-,-,ノリノリなシャツ,camiseta buen humor,camiseta buen humor,haut radieux,haut radieux,Übermut-Pulli,maglietta euforica,하이 스피릿 셔츠,1.4,-,267B,36B4,tops_fueki,Yes,,,-,,,-
238,hot spring tee,,T-Shirt,Able Sisters,Spring,Yes,520,-,130,104,6,3,-,Harmonious,-,pink,beige,iconic,Female,Nature,,-,-,ピンクチャイナなふく,camiseta rocío,camiseta rocío,t-shirt iris mauve,t-shirt iris mauve,Seidenshirt,maglietta rosa vivo,중국풍 핑크 옷,1.0,2508,2555,358E,tops_china_pnk,Yes,,,-,,,hot spring tee
239,hot-dog tank,,Tank Top,GracieGrace,-,No,"6,000",-,"1,500",-,75,251,-,-,-,brown,colorful,flashy,Unisex,Nature,,-,-,ホットドッグなふく,top salchicha,top salchicha,débardeur hot-dog,débardeur hot-dog,Hotdog-Top,canotta hot dog,핫도그 옷,1.0,2502,254F,3588,tops_food_hotdog,Yes,,,-,,,-
240,icy shirt,,Shirt,Able Sisters,Summer,Yes,390,-,97,77,4,3,-,-,-,white,aqua,cute,Unisex,Nature,,-,-,すずしげなニット,jersey hielo,jersey hielo,pull givré,pull givré,Eispulli,maglione ghiaccio,시원한 니트,1.0,24C0,250D,3546,tops_knit_icy,No,,,icy shirt,,,icy shirt
241,imperial shirt,,Shirt,Able Sisters,-,Yes,320,-,80,64,4,3,imperial,Harmonious,-,red,black,iconic,Unisex,-,,-,-,ちゅうかなふく,jersey imperial,jersey imperial,pull Chine,pull Chine,Rotseidenpulli,maglia cinese,중국풍 옷,1.0,2529,2576,35AF,tops_chinese,Yes,,,-,,,-
242,jacquard fleece,,Shirt,Lottie's RV,-,No,-,-,200,-,10,300,-,-,-,colorful,colorful,sporty,Unisex,-,,-,-,ジャガードのフリース,chaqueta hippy,chaqueta hippy,chandail en polaire,chandail en polaire,Jacquard-Outfit,giacca rombi,자카드 플리스,1.4,-,267E,36B7,tops_otg_fleece,Yes,,,-,,,-
243,jade plaid shirt,,Shirt,Able Sisters,-,Yes,360,-,90,72,4,3,-,-,-,green,red,modern,Unisex,Plaid,,-,-,みどりチェックのふくL,jersey tartán jade,jersey tartán jade,pull nappe jade,pull nappe jade,Aktiv-Pulli,maglia estate,녹색 체크무늬 옷 L,1.0,25A4,25F1,362A,tops_check_grn,Yes,,,-,,,-
244,jade plaid tee,,T-Shirt,Able Sisters,-,Yes,360,-,90,72,4,3,-,-,-,green,red,modern,Unisex,Plaid,,-,-,みどりチェックのふく,camiseta tartán jade,camiseta tartán jade,t-shirt nappe jade,t-shirt nappe jade,Aktiv-Shirt,maglietta estate,녹색 체크무늬 옷,1.0,24AB,24F8,3531,tops_check_grn,Yes,,,-,,,jade plaid tee
245,jagged tank,,Tank Top,Able Sisters,Summer,Yes,280,-,70,56,3,3,-,Trendy,-,aqua,yellow,rock 'n' roll,Unisex,Nature,,-,-,シャギーなふくN,top picos,top picos,débardeur dentelé,débardeur dentelé,Zackentop,canotta sfumata,피터팬 옷 N,1.0,25EF,263C,3675,tops_shaggy,Yes,,,-,,,-
246,jagged tee,,T-Shirt,Able Sisters,-,Yes,360,-,90,72,4,3,-,Trendy,-,aqua,yellow,rock 'n' roll,Unisex,Nature,,-,-,シャギーなふく,camiseta picos,camiseta picos,t-shirt dentelé,t-shirt dentelé,Zackenshirt,maglietta sfumata,피터팬 옷,1.0,24E8,2535,356E,tops_shaggy,Yes,,,-,,,-
247,jester shirt,,Shirt,Able Sisters,Spring,Yes,420,-,105,84,5,3,jester,Fairy Tale / Toy Shop,-,purple,yellow,flashy,Unisex,V-Striped,,-,-,ピエロのふく,jersey de bufón,jersey de bufón,pull bouffon,pull bouffon,Narrenpulli,maglia giullare,피에로 옷,1.0,258A,25D7,3610,tops_jester,No,,,jester shirt,,,jester shirt
248,jester tank,,Tank Top,Able Sisters,Spring,Yes,280,-,70,56,3,3,jester,Fairy Tale,-,purple,yellow,flashy,Unisex,V-Striped,,-,-,ピエロのふくN,top de bufón,top de bufón,débardeur bouffon,débardeur bouffon,Narrentop,canotta giullare,피에로 옷 N,1.0,25E3,2630,3669,tops_jester,Yes,,,-,,,-
249,jinbei top,,T-Shirt,Able Sisters,-,Yes,420,-,105,84,5,3,-,Harmonious,-,gray,blue,iconic,Male,-,,-,-,じんべい,batín,batín,veste jinbei,veste jinbei,Jimbei-Shirt,giacca giapponese,동양풍 여름옷,1.0,254E,259B,35D4,tops_jinbe,Yes,,,-,,,-
250,jockey shirt,,Shirt,Able Sisters,-,Yes,420,-,105,84,5,3,-,-,-,blue,pink,sporty,Male,-,,-,-,しょうぶふく,jersey banda rosa,jersey banda rosa,pull jockey,pull jockey,Jockeypulli,maglia riga fucsia,기수복,1.0,2571,25BE,35F7,tops_jockey,Yes,,,-,,,-
251,jungle-camo shirt,,Shirt,Able Sisters,-,Yes,420,-,105,84,5,3,soldier,-,-,green,brown,rock 'n' roll,Unisex,Nature,,-,-,めいさいなふくL,jersey camuflaje,jersey camuflaje,pull motif jungle,pull motif jungle,Dschungelpulli,maglia mimetica,밀리터리 상의 L,1.0,25D5,2622,365B,tops_camo,Yes,,,-,,,jungle-camo shirt
252,jungle-camo tee,,T-Shirt,Able Sisters,-,Yes,320,-,80,64,4,3,soldier,-,-,green,brown,rock 'n' roll,Unisex,Nature,,-,-,めいさいなふく,camiseta camuflaje,camiseta camuflaje,t-shirt motif jungle,t-shirt motif jungle,Dschungelshirt,maglietta mimetica,밀리터리 상의,1.0,24EC,2539,3572,tops_camo,Yes,,,-,,,jungle-camo tee
253,kanji tee,,T-Shirt,Able Sisters,-,Yes,420,-,105,84,5,3,-,Harmonious,-,white,green,rock 'n' roll,Unisex,Manufactured,,-,-,かんじTシャツ,camiseta kanji,camiseta kanji,t-shirt kanji,t-shirt kanji,Motiv-Shirt,maglietta ideogramma,한자 티셔츠,1.0,254F,259C,35D5,tops_print_kanji,Yes,,,-,,,-
254,kappa costume,,Shirt,Souvenir Shop,-,No,-,20,250,200,12,199,turtle,-,-,green,green,flashy,Unisex,Animal,,-,-,カッパスーツ,jersey kappa,jersey kappa,haut kappa,haut kappa,Käpten-Pulli,maglia tartaruga,거북이 옷,1.0,2528,2575,35AE,tops_cstm_kappa,Yes,,,-,,,-
255,Kerokerokeroppi top,,T-Shirt,Toby's RV,-,No,-,-,200,-,10,300,-,Fairy Tale / Toy Shop,-,red,white,cute,Unisex,V-Striped,,-,-,けろけろけろっぴなふく,camiseta jardín zen,camiseta jardín zen,vêt. Kerokerokeroppi,vêt. Kerokerokeroppi,Teich-Outfit,magl. ranocchio chic,케로케로케로피 옷,1.4,-,2676,36AF,tops_snr_keroppi,Yes,,,-,,,Kerokerokeroppi top
256,kiddie tee,,T-Shirt,Able Sisters,-,Yes,340,-,85,68,4,3,-,Trendy / Toy Shop,-,colorful,colorful,flashy,Unisex,Nature,,-,-,ブロックのふく,camiseta bloques,camiseta bloques,t-shirt enfant,t-shirt enfant,Kindershirt,maglietta bimbi,블록무늬 옷,1.0,24E4,2531,356A,tops_ptn_block,Yes,,,-,,,kiddie tee
257,kids' smock,,Shirt,Able Sisters,-,Yes,420,-,105,84,5,3,-,-,-,aqua,aqua,cute,Unisex,Manufactured,,-,-,スモック,jersey parvulario,jersey parvulario,blouse enfant,blouse enfant,Malkittel,maglia grembiule,유치원생 옷,1.0,2562,25AF,35E8,tops_smock,Yes,,,-,,,kids' smock
258,Kiki and Lala outfit,,T-Shirt,Étoile's RV,-,No,-,-,200,-,10,300,-,Fairy Tale / Toy Shop,-,pink,yellow,cute,Unisex,-,,-,-,キキ&ララなふく,camiseta Kiki & Lala,camiseta Kiki & Lala,tenue Kiki & Lala,tenue Kiki & Lala,Kiki-&-Lala-Outfit,magl. Kiki and Lala,리틀 트윈 스타 옷,1.4,-,2673,36AC,tops_snr_kikirara,Yes,,,-,,,Kiki and Lala outfit
259,kiwi tank,,Tank Top,Able Sisters,Summer,Yes,280,-,70,56,3,3,kiwi,Rustic,-,green,yellow,cute,Unisex,Fruit,,-,-,キウイのふくN,top kiwi,top kiwi,débardeur kiwi,débardeur kiwi,Kiwitop,canotta kiwi,키위 옷 N,1.0,2601,264E,3687,tops_frt_kiwi,Yes,,,-,,,-
260,kiwi tee,,T-Shirt,Able Sisters,-,Yes,640,-,160,128,8,3,kiwi,Rustic,-,green,yellow,cute,Unisex,Fruit,,-,-,キウイのふく,camiseta kiwi,camiseta kiwi,t-shirt kiwi,t-shirt kiwi,Kiwishirt,maglietta kiwi,키위 옷,1.0,24FB,2548,3581,tops_frt_kiwi,Yes,,,-,,,kiwi tee
261,kung-fu shirt,,Shirt,Able Sisters,-,Yes,420,-,105,84,5,3,-,Harmonious,-,black,black,sporty,Male,-,,-,-,カンフーなふくL,jersey kung-fu,jersey kung-fu,pull kung-fu,pull kung-fu,Kung-Fu-Jacke,maglia kung-fu,쿵푸 옷 L,1.0,25AD,25FA,3633,tops_kungfu,Yes,,,-,,,-
262,kung-fu tee,,T-Shirt,Able Sisters,-,Yes,360,-,90,72,4,3,-,Harmonious,-,black,black,sporty,Male,-,,-,-,カンフーなふく,camiseta kung-fu,camiseta kung-fu,t-shirt kung-fu,t-shirt kung-fu,Kung-Fu-Hemd,maglietta kung-fu,쿵푸 옷,1.0,2537,2584,35BD,tops_kungfu,Yes,,,-,,,-
263,lacy white tank,,Tank Top,Able Sisters,Summer,Yes,420,-,105,84,5,3,-,Fairy Tale,-,white,white,cute,Female,-,,-,-,しろいキャミソール,top encaje,top encaje,débardeur dentelle,débardeur dentelle,Blau-Spitzentop,canotta merlettata,하얀 캐미솔,1.0,255C,25A9,35E2,tops_cami_wht,Yes,,,-,,,-
264,ladybug tank,,Tank Top,GracieGrace,Spring,No,"5,400",-,"1,350",-,67,251,-,Toy Shop,-,red,black,flashy,Female,Nature,,-,-,てんとうむしのふく,top catarina,top mariquita,débardeur coccinelle,débardeur coccinelle,Käfertop,canotta coccinella,무당벌레 옷,1.0,24F6,2543,357C,tops_insc_ladybug,Yes,,,-,,,-
265,leaf tee,,T-Shirt,Able Sisters,-,Yes,260,-,65,52,3,3,-,Rustic,-,green,brown,cute,Unisex,Nature,,-,-,はっぱのふく,camiseta de picos,camiseta de picos,t-shirt feuille,t-shirt feuille,Tannenshirt,maglietta foglia,나뭇잎 옷,1.0,24CF,251C,3555,tops_leaf,Yes,,,-,,,-
266,lemon gingham shirt,,Shirt,Able Sisters,Spring,Yes,420,-,105,84,5,3,-,-,-,yellow,white,cute,Unisex,Plaid,,-,-,レモンギンガムのふくL,jersey vichy oro,jersey vichy oro,pull vichy jaune,pull vichy jaune,Gelb-Karo-Pulli,maglia limone,레몬 깅엄 옷 L,1.0,25C0,260D,3646,tops_gingham_lemon,Yes,,,-,,,lemon gingham shirt
267,lemon gingham tee,,T-Shirt,Able Sisters,Spring,Yes,340,-,85,68,4,3,-,-,-,yellow,white,cute,Unisex,Plaid,,-,-,レモンギンガムのふく,camiseta vichy oro,camiseta vichy oro,t-shirt vichy jaune,t-shirt vichy jaune,Gelb-Karo-Shirt,maglietta limone,레몬 깅엄 옷,1.0,24B0,24FD,3536,tops_gingham_lemon,Yes,,,-,,,lemon gingham tee
268,leopard tank,,Tank Top,Able Sisters,Summer,Yes,280,-,70,56,3,3,-,-,-,yellow,brown,rock 'n' roll,Unisex,Animal,,-,-,ひょうがらのふくN,top leopardo,top leopardo,débardeur léopard,débardeur léopard,Leopardentop,canotta leopardo,표범무늬 옷 N,1.0,2608,2655,368E,tops_anml_leopard,Yes,,,-,,,-
269,leopard tee,,T-Shirt,Able Sisters,-,Yes,320,-,80,64,4,3,-,-,-,yellow,brown,rock 'n' roll,Unisex,Animal,,-,-,ひょうがらのふく,camiseta leopardo,camiseta leopardo,t-shirt léopard,t-shirt léopard,Leopardenshirt,maglietta leopardo,표범무늬 옷,1.0,24F4,2541,357A,tops_anml_leopard,Yes,,,-,,,leopard tee
270,lightning tee,,T-Shirt,Able Sisters,Summer,Yes,380,-,95,76,4,3,-,-,-,blue,white,rock 'n' roll,Unisex,Manufactured,,-,-,カミナリのふく,camiseta rayo,camiseta rayo,t-shirt éclair,t-shirt éclair,Blitz-Shirt,maglietta lampo,번개 옷,1.0,2457,24A4,34DD,tops_lightning,Yes,,,-,,,lightning tee
271,li'l bro's tee,,T-Shirt,Able Sisters,-,Yes,320,-,80,64,4,3,-,Toy Shop,-,green,white,sporty,Male,Manufactured,,-,-,おとうとさんのふく,camiseta L,camiseta L,t-shirt Luigi,t-shirt Luigi,Luigi-Shirt,maglietta fratellino,아우 옷,1.0,246F,24BC,34F5,tops_nin_lilbros,Yes,,,-,,,-
272,Link outfit,,Shirt,Zelda RV,-,No,-,-,200,-,10,300,-,Toy Shop,-,green,brown,iconic,Unisex,-,,-,-,リンクのふく,túnica de Link,túnica de Link,tenue de Link,tenue de Link,Link-Outfit,costume Link,링크 옷,1.4,-,2667,36A0,tops_nin_linkfirst,Yes,,,-,,,-
273,lite polka shirt,,Shirt,Able Sisters,-,Yes,420,-,105,84,5,3,-,-,-,white,colorful,cute,Unisex,Dotted,,-,-,しろマーブルなふくL,jersey topos día,jersey topos día,pull blanc à pois,pull blanc à pois,Konfettipulli,maglia tenue pois,하얀 마블 옷 L,1.0,25C6,2613,364C,tops_polka_wht,No,,,lite polka shirt,,,-
274,lite polka tee,,T-Shirt,Able Sisters,-,Yes,380,-,95,76,4,3,-,-,-,white,colorful,cute,Unisex,Dotted,,-,-,しろマーブルなふく,camiseta topos día,camiseta topos día,t-shirt blanc à pois,t-shirt blanc à pois,Konfettishirt,maglietta tenue pois,하얀 마블 옷,1.0,249B,24E8,3521,tops_polka_wht,Yes,,,-,,,lite polka tee
275,lotus tee,,T-Shirt,Able Sisters,Summer,Yes,400,-,100,80,5,3,-,Rustic,-,aqua,pink,cute,Unisex,Nature,,-,-,ロータスなふく,camiseta loto,camiseta loto,t-shirt nénuphar,t-shirt nénuphar,Lotusshirt,maglietta loto,연꽃무늬 옷,1.0,2587,25D4,360D,tops_flw_lotus,Yes,,,-,,,lotus tee
276,loud bloom tee,,T-Shirt,Able Sisters,Summer,Yes,360,-,90,72,4,3,-,Rustic,-,green,white,flashy,Unisex,Nature,,-,-,はでなはなのシャツ,camiseta edén,camiseta edén,t-shirt flashy,t-shirt flashy,Nachtblumenshirt,maglietta esplosiva,화려한 꽃무늬 셔츠,1.0,2584,25D1,360A,tops_flw_loud,Yes,,,-,,,loud bloom tee
277,lovely tee,,T-Shirt,Able Sisters,Spring,Yes,400,-,100,80,5,3,-,Fairy Tale,-,pink,pink,cute,Female,Nature,,-,-,ラブリーなふく,camiseta corazones,camiseta corazones,t-shirt amour,t-shirt amour,Herzchenshirt,maglietta cuoricini,러블리 옷,1.0,24D4,2521,355A,tops_ptn_heart,Yes,,,-,,,-
278,Marie shirt,,T-Shirt,Viché's RV,-,No,-,-,200,-,10,300,-,-,-,black,green,rock 'n' roll,Female,-,,-,-,ホタルなシャツ,blusa de Tina,blusa de Tina,chemisier Oly,chemisier Oly,Limone-Pulli,maglietta Marina,호타루 셔츠,1.4,-,2679,36B2,tops_spl_hotaru,Yes,,,-,,,-
279,matador's jacket,,Shirt,GracieGrace,-,No,"5,600",-,"1,400",-,70,299,-,-,-,black,orange,sporty,Male,-,,-,Iberian jacket,とうぎゅうしのふく,chaqueta de luces,chaqueta de luces,veste ibérique,veste ibérique,Matadorjacke,giacca da torero,투우사 옷,1.0,256F,25BC,35F5,tops_matador,Yes,,,-,,,-
280,Medli outfit,,T-Shirt,Medli's RV,-,No,-,-,200,-,10,300,-,Toy Shop,-,gray,red,iconic,Unisex,-,,-,-,メドリのふく,camiseta Medli,camiseta Medli,tenue de Médolie,tenue de Médolie,Medolie-Outfit,costume Famirè,메들리 옷,1.4,-,266A,36A3,tops_nin_medori,Yes,,,-,,,-
281,melon gingham shirt,,Shirt,Able Sisters,Spring,Yes,420,-,105,84,5,3,-,-,-,green,white,cute,Unisex,Plaid,,-,-,わかばギンガムのふくL,jersey vichy lima,jersey vichy lima,pull vichy vert,pull vichy vert,Künstlerpulli,maglia pistacchio,새싹 깅엄 옷 L,1.0,25DC,2629,3662,tops_gingham_leaf,Yes,,,-,,,-
282,melon gingham tee,,T-Shirt,Able Sisters,Spring,Yes,340,-,85,68,4,3,-,-,-,green,white,cute,Unisex,Plaid,,-,-,わかばギンガムのふく,camiseta vichy lima,camiseta vichy lima,t-shirt vichy vert,t-shirt vichy vert,Künstlershirt,maglietta pistacchio,새싹 깅엄 옷,1.0,24B1,24FE,3537,tops_gingham_leaf,Yes,,,-,,,melon gingham tee
283,melon shirt,,Tank Top,Able Sisters,Summer,Yes,280,-,70,56,3,3,melon,Rustic,-,green,green,cute,Unisex,Fruit,,-,-,メロンのふくN,top melón,top melón,débardeur melon,débardeur melon,Papayatop,maglia melone,멜론 옷 N,1.0,25DE,262B,3664,tops_frt_melon,No,,,melon shirt,,,-
284,melon tee,,T-Shirt,Able Sisters,-,Yes,640,-,160,128,8,3,melon,Rustic,-,green,green,cute,Unisex,Fruit,,-,-,メロンのふく,camiseta melón,camiseta melón,t-shirt melon,t-shirt melon,Papayashirt,maglietta melone,멜론 옷,1.0,24FF,254C,3585,tops_frt_melon,Yes,,,-,,,melon tee
285,HHA raincoat,,Shirt,Digby's RV,-,No,-,-,200,-,10,300,-,-,-,yellow,red,official,Unisex,-,,-,-,アカデミーのレインコート,impermeable AAD,impermeable AAD,uniforme pluie AJD,uniforme pluie AJD,AdsH-Regenjacke,giacca a vento ABC,아카데미 비옷,1.4,-,2677,36B0,tops_szr,Yes,,,-,,,-
286,men's recruit suit,,Shirt,Able Sisters,-,Yes,640,-,160,128,8,3,-,-,-,gray,gray,official,Male,-,,-,-,リクルートスーツメンズ,saco pasante hombre,chaqueta becario,costume recrue homme,costume recrue homme,AdsH-Neulings-Jacke,giacca novellino,남성용 리크루트 옷,1.4,-,2659,3692,tops_recruit_mens,Yes,,,-,,,-
287,military uniform,,Shirt,Able Sisters,-,Yes,380,-,95,76,4,3,-,Antique,-,green,green,official,Male,-,,-,-,へいたいのふく,chaqueta militar,chaqueta militar,pull militaire,pull militaire,Militärjacke,giacca militare,군인 옷,1.0,2517,2564,359D,tops_military,No,,,military uniform,,,-
288,mint gingham shirt,,Shirt,Able Sisters,-,Yes,420,-,105,84,5,3,-,-,-,green,brown,basic,Unisex,Plaid,,-,-,ミントギンガムなふくL,jersey vichy menta,jersey vichy menta,pull vichy menthe,pull vichy menthe,Mint-Karo-Pulli,maglia menta,민트 깅엄 옷 L,1.0,25DA,2627,3660,tops_gingham_mint,Yes,,,-,,,mint gingham shirt
289,mint gingham tee,,T-Shirt,Able Sisters,-,Yes,330,-,82,65,4,3,-,-,-,green,brown,basic,Unisex,Plaid,,-,-,ミントギンガムなふく,camiseta vichy menta,camiseta vichy menta,t-shirt vichy menthe,t-shirt vichy menthe,Mint-Karo-Shirt,maglietta menta,민트 깅엄 옷,1.0,24AD,24FA,3533,tops_gingham_mint,Yes,,,-,,,mint gingham tee
290,mint shirt,,Shirt,Able Sisters,-,Yes,420,-,105,84,5,3,-,-,-,green,green,cute,Unisex,-,,-,-,まるえりのふく,blusa verde,blusa verde,pull menthe,pull menthe,Rundkragenpulli,camicia verde chiaro,둥근 칼라 옷,1.0,2564,25B1,35EA,tops_collar_round,Yes,,,-,,,mint shirt
291,misty tank,,Tank Top,Able Sisters,Summer,Yes,280,-,70,56,3,3,-,-,-,green,white,historical,Unisex,Nature,,-,-,かすみのふくN,top bruma,top bruma,débardeur brume,débardeur brume,Nebeltop,canotta nebbia,봄안개 옷 N,1.0,25E1,262E,3667,tops_img_misty,Yes,,,-,,,-
292,misty tee,,T-Shirt,Able Sisters,-,Yes,380,-,95,76,4,3,-,-,-,green,white,historical,Unisex,Nature,,-,-,かすみのふく,camiseta bruma,camiseta bruma,t-shirt brume,t-shirt brume,Nebelshirt,maglietta nebbia,봄안개 옷,1.0,2473,24C0,34F9,tops_img_misty,Yes,,,-,,,misty tee
293,mod shirt,,Shirt,GracieGrace,-,No,"4,800",-,"1,200",-,60,299,-,Toy Shop,-,white,beige,cute,Male,Plaid,,-,-,だんしアイドルなふく,chaqueta cuadritos,chaqueta cuadritos,veste bigarrée,veste bigarrée,Buntpunkt-Jacke,giacca quadri bianca,남자 아이돌 옷,1.0,2595,25E2,361B,tops_idol_boy,Yes,,,-,,,mod shirt
294,moldy shirt,,Shirt,Able Sisters,-,Yes,40,-,10,8,,3,-,Quirky,-,beige,brown,flashy,Unisex,-,,-,-,カビたふくL,jersey borrones,jersey borrones,pull élimé,pull élimé,Schimmelpulli,maglia ammuffita,곰팡이 핀 옷 L,1.0,25B7,2604,363D,tops_musty,No,,,moldy shirt,,,-
295,monkey shirt,,Shirt,Able Sisters,Winter,Yes,380,-,95,76,4,3,-,-,-,yellow,green,historical,Unisex,Nature,,-,-,さるがらのニット,jersey monos,jersey monos,pull singe,pull singe,Baumpulli,maglione con scimmie,원숭이무늬 니트,1.0,24CC,2519,3552,tops_knit_monkey,No,,,monkey shirt,,,-
296,mummy shirt,,Shirt,Able Sisters,-,Yes,180,-,45,36,2,3,mummy,Quirky,-,white,white,flashy,Unisex,-,,-,-,ほうたいのふく,jersey de momia,jersey de momia,pull momie,pull momie,Mumienpulli,maglia mummia,붕대 옷,1.0,2516,2563,359C,tops_mummy,No,,,mummy shirt,,,mummy shirt
297,MVP shirt,,Shirt,Able Sisters,-,Yes,370,-,92,73,4,3,-,-,-,white,blue,sporty,Unisex,Manufactured,,-,-,MVPロングTシャツ,jersey MVP,jersey MVP,pull MVP,pull MVP,MVP-Pulli,maglia MVP,MVP 롱티셔츠,1.0,25A3,25F0,3629,tops_mvp,No,,,MVP shirt,,,MVP shirt
298,MVP tee,,T-Shirt,Able Sisters,-,Yes,370,-,92,73,4,3,-,-,-,white,blue,sporty,Unisex,Manufactured,,-,-,MVPTシャツ,camiseta MVP,camiseta MVP,t-shirt MVP,t-shirt MVP,MVP-Shirt,maglietta MVP,MVP 티셔츠,1.0,2458,24A5,34DE,tops_mvp,Yes,,,-,,,MVP tee
299,My Melody outfit,,T-Shirt,Chelsea's RV,-,No,-,-,200,-,10,300,-,Fairy Tale / Toy Shop,-,pink,pink,cute,Unisex,-,,-,-,マイメロディなふく,blusa My Melody,blusa My Melody,tenue My Melody,tenue My Melody,My-Melody-Outfit,maglietta My Melody,마이 멜로디 옷,1.4,-,2672,36AB,tops_snr_mymelo,Yes,,,-,,,My Melody outfit
300,natty shirt,,Shirt,Able Sisters,Fall,Yes,420,-,105,84,5,3,-,Fairy Tale,-,pink,blue,cute,Unisex,Plaid,,-,-,ピンクツイードのふくL,jersey paseo rosa,jersey paseo rosa,pull filet,pull filet,Mohair-Pulli,maglia di classe,핑크 트웨이드 옷 L,1.0,25BC,2609,3642,tops_tweed_pnk,No,,,natty shirt,,,-
301,natty tee,,T-Shirt,Able Sisters,Summer,Yes,380,-,95,76,4,3,-,Fairy Tale,-,pink,blue,cute,Female,Plaid,,-,-,ピンクツイードのふく,camiseta paseo rosa,camiseta paseo rosa,t-shirt filet,t-shirt filet,Mohair-Shirt,maglietta di classe,핑크 트웨이드 옷,1.0,2494,24E1,351A,tops_tweed_pnk,Yes,,,-,,,natty tee
302,nebula shirt,,Shirt,Able Sisters,-,Yes,420,-,105,84,5,3,-,-,-,purple,white,flashy,Unisex,Nature,,-,-,ネビュラなふくL,jersey nebulosa,jersey nebulosa,pull galaxie,pull galaxie,Funkelpulli,maglia nebulosa,은하수 옷 L,1.0,25C3,2610,3649,tops_nebula,No,,,nebula shirt,,,-
303,nebula tee,,T-Shirt,Able Sisters,-,Yes,390,-,97,77,4,3,-,-,-,purple,white,flashy,Unisex,Nature,,-,-,ネビュラなふく,camiseta nebulosa,camiseta nebulosa,t-shirt galaxie,t-shirt galaxie,Funkelshirt,maglietta nebulosa,은하수 옷,1.0,24E2,252F,3568,tops_nebula,Yes,,,-,,,nebula tee
304,new hero's outfit,,Shirt,Zelda RV,-,No,-,-,200,-,10,300,-,Toy Shop,-,aqua,aqua,iconic,Unisex,-,,-,-,あたらしいゆうしゃのふく,túnica héroe nueva,túnica héroe nueva,tenue nouveau Link,tenue nouveau Link,Neuhelden-Outfit,costume nuovo eroe,새로운 용사 옷,1.4,-,266D,36A6,tops_nin_linkwild,Yes,,,-,,,-
305,new spring tee,,T-Shirt,Able Sisters,Spring,Yes,520,-,130,104,6,3,-,Harmonious,-,purple,blue,iconic,Male,Nature,,-,-,ブルーチャイナなふく,camiseta escarcha,camiseta escarcha,t-shirt iris bleu,t-shirt iris bleu,Satinshirt,maglietta violette,중국풍 파란 옷,1.0,2509,2556,358F,tops_china_blu,Yes,,,-,,,-
306,night-sky tee,,T-Shirt,Able Sisters,-,Yes,420,-,105,84,5,3,-,-,-,black,blue,modern,Unisex,Nature,,-,-,よぞらなふく,camiseta estrellada,camiseta estrellada,t-shirt astral,t-shirt astral,Sternbild-Shirt,maglietta universo,밤하늘 옷,1.0,24E0,252D,3566,tops_nightsky,Yes,,,-,,,-
307,nine-ball tee,,T-Shirt,Able Sisters,-,Yes,340,-,85,68,4,3,-,-,-,yellow,white,sporty,Unisex,Manufactured,,-,-,9ばんだまのふく,camiseta bola 9,camiseta bola 9,t-shirt nº 9,t-shirt nº 9,9er-Shirt,maglietta palla 9,9번공 옷,1.0,2450,249D,34D6,tops_numball_9,Yes,,,-,,,nine-ball tee
308,ninja shirt,,Shirt,Able Sisters,-,Yes,420,-,105,84,5,3,ninja,Harmonious,-,blue,black,historical,Male,-,,-,-,しのびのふく,jersey de ninja,jersey de ninja,pull ninja,pull ninja,Ninjapulli,maglia ninja,닌자 옷,1.0,2549,2596,35CF,tops_ninja,Yes,,,-,,,ninja shirt
309,No. 1 shirt,,Shirt,Able Sisters,-,Yes,250,-,62,49,3,3,-,-,-,red,aqua,sporty,Unisex,Manufactured,,-,-,No.1のふく,jersey n.º 1,jersey n.º 1,pull 1,pull 1,Nr.-1-Pulli,maglia nº 1,No.1 옷,1.0,2467,24B4,34ED,tops_no_1,No,,,No. 1 shirt,,,No. 1 shirt
310,No. 2 shirt,,Shirt,Able Sisters,-,Yes,250,-,62,49,3,3,-,-,-,blue,white,sporty,Unisex,Manufactured,,-,-,No.2のふく,jersey n.º 2,jersey n.º 2,pull 2,pull 2,Nr.-2-Pulli,maglia nº 2,No.2 옷,1.0,2468,24B5,34EE,tops_no_2,No,,,No. 2 shirt,,,No. 2 shirt
311,No. 23 shirt,,Shirt,Able Sisters,-,Yes,250,-,62,49,3,3,-,-,-,aqua,orange,sporty,Unisex,Manufactured,,-,-,No.23のふく,jersey n.º 23,jersey n.º 23,pull 23,pull 23,Nr.-23-Pulli,maglia nº 23,No.23 옷,1.0,246C,24B9,34F2,tops_no_23,No,,,No. 23 shirt,,,No. 23 shirt
312,No. 3 shirt,,Shirt,Able Sisters,-,Yes,250,-,62,49,3,3,-,-,-,green,orange,sporty,Unisex,Manufactured,,-,-,No.3のふく,jersey n.º 3,jersey n.º 3,pull 3,pull 3,Nr.-3-Pulli,maglia nº 3,No.3 옷,1.0,2469,24B6,34EF,tops_no_3,No,,,No. 3 shirt,,,No. 3 shirt
313,No. 4 shirt,,Shirt,Able Sisters,-,Yes,250,-,62,49,3,3,-,-,-,pink,red,sporty,Unisex,Manufactured,,-,-,No.4のふく,jersey n.º 4,jersey n.º 4,pull 4,pull 4,Nr.-4-Pulli,maglia nº 4,No.4 옷,1.0,246A,24B7,34F0,tops_no_4,No,,,No. 4 shirt,,,No. 4 shirt
314,No. 5 shirt,,Shirt,Able Sisters,-,Yes,250,-,62,49,3,3,-,-,-,yellow,purple,sporty,Unisex,Manufactured,,-,-,No.5のふく,jersey n.º 5,jersey n.º 5,pull 5,pull 5,Nr.-5-Pulli,maglia nº 5,No.5 옷,1.0,246B,24B8,34F1,tops_no_5,No,,,No. 5 shirt,,,-
315,No. 67 shirt,,Shirt,Able Sisters,-,Yes,250,-,62,49,3,3,-,-,-,orange,aqua,sporty,Unisex,Manufactured,,-,-,No.67のふく,jersey n.º 67,jersey n.º 67,pull 67,pull 67,Nr.-67-Pulli,maglia nº 67,No.67 옷,1.0,246D,24BA,34F3,tops_no_67,No,,,No. 67 shirt,,,No. 67 shirt
316,noble shirt,,Shirt,Able Sisters,-,Yes,380,-,95,76,4,3,-,Antique,-,purple,beige,ornate,Unisex,Nature,,-,-,かくちょうたかいふく,jersey príncipe,jersey príncipe,pull noble,pull noble,Adelspulli,giacca nobile,격조 높은 옷,1.0,250D,255A,3593,tops_noble,No,,,noble shirt,,,noble shirt
317,noodle tee,,T-Shirt,Able Sisters,-,Yes,380,-,95,76,4,3,-,Harmonious,-,white,colorful,flashy,Unisex,Nature,,-,-,ラーメンなふく,camiseta oriental,camiseta oriental,t-shirt oriental,t-shirt oriental,Nudelshirt,maglietta giapponese,중화요리 옷,1.0,2504,2551,358A,tops_noodle,Yes,,,-,,,-
318,one-ball tee,,T-Shirt,Able Sisters,-,Yes,340,-,85,68,4,3,-,-,-,yellow,yellow,sporty,Unisex,Manufactured,,-,-,1ばんだまのふく,camiseta bola 1,camiseta bola 1,t-shirt nº 1,t-shirt nº 1,1er-Shirt,maglietta palla 1,1번공 옷,1.0,2448,2495,34CE,tops_numball_1,Yes,,,-,,,one-ball tee
319,optical shirt,,Shirt,Able Sisters,-,Yes,430,-,107,85,5,3,-,Trendy,-,aqua,pink,flashy,Unisex,Nature,,-,-,オプティカルなふく,jersey óptico,jersey óptico,pull optique,pull optique,Optik-Pulli,maglia optical,착시현상 옷,1.0,24DD,252A,3563,tops_optical,No,,,optical shirt,,,-
320,optical tank,,Tank Top,Able Sisters,Summer,Yes,280,-,70,56,3,3,-,Trendy,-,aqua,pink,flashy,Unisex,Nature,,-,-,オプティカルなふくN,top óptico,top óptico,débardeur optique,débardeur optique,Optik-Top,canotta optical,착시현상 옷 N,1.0,25EE,263B,3674,tops_optical,Yes,,,-,,,-
321,orange jacket,,Shirt,Able Sisters,-,Yes,200,-,50,40,2,3,worker,Sci-Fi,-,orange,orange,sporty,Unisex,-,,-,-,オレンジさぎょうぎ,chaqueta de trabajo,chaqueta de trabajo,pull d'ouvrier,pull d'ouvrier,Arbeitsjacke,maglia tuta lavoro,오렌지 작업복,1.0,252B,2578,35B1,tops_worker_org,Yes,,,-,,,orange jacket
322,orange tie-dye tank,,Tank Top,Able Sisters,Summer,Yes,280,-,70,56,3,3,-,-,-,orange,white,basic,Unisex,Nature,,-,-,オレンジソーダなふくN,top hippy ámbar,top hippy ámbar,débard. batik orange,débard. batik orange,Batiktop,canotta arancione,오렌지 소다 옷 N,1.0,25FE,264B,3684,tops_img_orgsoda,Yes,,,-,,,-
323,orange tie-dye tee,,T-Shirt,Able Sisters,-,Yes,380,-,95,76,4,3,-,-,-,orange,white,basic,Unisex,Nature,,-,-,オレンジソーダなふく,camiseta hippy ámbar,camiseta hippy ámbar,t-shirt batik orange,t-shirt batik orange,Batikshirt,maglietta arancione,오렌지 소다 옷,1.0,2479,24C6,34FF,tops_img_orgsoda,Yes,,,-,,,-
324,painter's shirt,,Shirt,Able Sisters,Fall,Yes,420,-,105,84,5,3,-,Harmonious,-,purple,white,historical,Unisex,Nature,,-,-,しぼりぞめなふくL,jersey morado,jersey morado,pull peintre,pull peintre,Malerpulli,maglia da pittore,무늬염색 옷 L,1.0,25A7,25F4,362D,tops_jpn_sibori,Yes,,,-,,,painter's shirt
325,painter's tee,,T-Shirt,Able Sisters,Fall,Yes,360,-,90,72,4,3,-,Harmonious,-,purple,white,historical,Unisex,Nature,,-,-,しぼりぞめなふく,camiseta morada,camiseta morada,t-shirt peintre,t-shirt peintre,Malershirt,maglietta da pittore,무늬염색 옷,1.0,24EB,2538,3571,tops_jpn_sibori,Yes,,,-,,,-
326,pastel-stripe tee,,T-Shirt,Able Sisters,-,Yes,360,-,90,72,4,3,-,-,-,colorful,white,iconic,Unisex,H-Striped,,-,-,アメリカンなふく,camiseta heladería,camiseta heladería,t-shirt berlingot,t-shirt berlingot,Pastellshirt,maglietta pastello,아메리칸 옷,1.0,24A6,24F3,352C,tops_american,Yes,,,-,,,pastel-stripe tee
327,paw tee,,T-Shirt,Able Sisters,-,Yes,360,-,90,72,4,3,-,-,-,pink,purple,basic,Unisex,Manufactured,,-,-,あしあとのふく,camiseta huellas,camiseta huellas,t-shirt pattes,t-shirt pattes,Tatzenshirt,maglietta zampa,발자국 옷,1.0,2451,249E,34D7,tops_paw,Yes,,,-,,,paw tee
328,peachy tank,,Tank Top,Able Sisters,Spring,Yes,280,-,70,56,3,3,-,-,-,pink,yellow,cute,Unisex,Fruit,,-,-,ピーチなふくN,top melocotón,top melocotón,débardeur pêche,débardeur pêche,Pfirsichtop,canotta pesca,복숭아색 옷 N,1.0,25E8,2635,366E,tops_img_peachy,Yes,,,-,,,-
329,peachy tee,,T-Shirt,Able Sisters,Spring,Yes,390,-,97,77,4,3,-,-,-,pink,yellow,cute,Female,Fruit,,-,-,ピーチなふく,camiseta melocotón,camiseta melocotón,t-shirt pêche,t-shirt pêche,Pfirsichshirt,maglietta pesca,복숭아색 옷,1.0,2476,24C3,34FC,tops_img_peachy,Yes,,,-,,,peachy tee
330,peacoat,,Shirt,Able Sisters,Winter,Yes,480,-,120,96,6,3,-,-,-,blue,blue,basic,Unisex,-,,-,-,ダッフルコート,trenca azul,trenca azul,duffel-coat,duffel-coat,Dufflecoat,giacca montgomery,더플코트,1.0,2593,25E0,3619,tops_coat_duffel,Yes,,,-,,,peacoat
331,pep-squad tank,,Tank Top,Able Sisters,Summer,Yes,280,-,70,56,3,3,-,-,-,red,white,sporty,Female,Manufactured,,-,-,チアリーダーなふくN,top animadora,top animadora,débardeur soda,débardeur soda,Cheerleader-Top,canotta cheerleader,치어리더 옷 N,1.0,2603,2650,3689,tops_cheer,Yes,,,-,,,-
332,pep-squad tee,,Shirt,Able Sisters,-,Yes,280,-,70,56,3,3,-,-,-,red,white,sporty,Female,Manufactured,,-,-,チアリーダーなふく,jersey animadora,jersey animadora,pull soda,pull soda,Cheerleader-Pulli,maglia cheerleader,치어리더 옷,1.0,2589,25D6,360F,tops_cheer,Yes,,,-,,,pep-squad tee
333,periwinkle tee,,T-Shirt,Able Sisters,-,Yes,380,-,95,76,4,3,-,Harmonious,-,blue,purple,iconic,Unisex,Nature,,-,-,アジアなあおいふく,camiseta asiática,camiseta asiática,t-shirt Asie,t-shirt Asie,Östlich-Shirt,maglietta asiatica,아시아풍 파란 옷,1.0,2507,2554,358D,tops_asia_blu,Yes,,,-,,,periwinkle tee
334,picnic shirt,,Shirt,Able Sisters,Fall,Yes,420,-,105,84,5,3,-,-,-,pink,purple,basic,Unisex,Plaid,,-,-,ベリーギンガムなふくL,jersey vichy lila,jersey vichy lila,pull vichy sorbet,pull vichy sorbet,Rosa-Karo-Pulli,maglia amarena,베리 깅엄 옷 L,1.0,25BB,2608,3641,tops_gingham_berry,No,,,picnic shirt,,,picnic shirt
335,picnic tee,,T-Shirt,Able Sisters,Fall,Yes,330,-,82,65,4,3,-,-,-,pink,purple,basic,Unisex,Plaid,,-,-,ベリーギンガムなふく,camiseta vichy lila,camiseta vichy lila,t-shirt vichy sorbet,t-shirt vichy sorbet,Rosa-Karo-Shirt,maglietta amarena,베리 깅엄 옷,1.0,24AE,24FB,3534,tops_gingham_berry,Yes,,,-,,,picnic tee
336,pink argyle shirt,,Shirt,GracieGrace,-,No,"6,200",-,"1,550",-,77,251,-,Fairy Tale,-,pink,gray,cute,Female,Argyle,,-,-,ピンクアーガイルのふくL,jersey rombos rosa,jersey pijo rosa,pull écossais rose,pull écossais rose,Rosa-Argyle-Pulli,maglia rombi rosa,핑크 아가일 옷 L,1.0,24BB,2508,3541,tops_argyle_pnk,Yes,,,-,,,pink argyle shirt
337,pink argyle tank,,Tank Top,GracieGrace,Summer,No,"5,400",-,"1,350",-,67,251,-,Fairy Tale,-,pink,gray,cute,Unisex,Argyle,,-,-,ピンクアーガイルのふくN,top rombos rosa,top pijo rosa,débardeur écos. rose,débardeur écos. rose,Rosa-Argyle-Top,canotta rombi rosa,핑크 아가일 옷 N,1.0,25F5,2642,367B,tops_argyle_pnk,Yes,,,-,,,-
338,pink argyle tee,,T-Shirt,GracieGrace,-,No,"5,800",-,"1,450",-,72,251,-,Fairy Tale,-,pink,gray,cute,Female,Argyle,,-,-,ピンクアーガイルのふく,camiseta rombos rosa,camiseta pija rosa,t-shirt écos. rose,t-shirt écos. rose,Rosa-Argyle-Shirt,maglietta rombi rosa,핑크 아가일 옷,1.0,24BC,2509,3542,tops_argyle_pnk,Yes,,,-,,,-
339,pink parka,,Shirt,Able Sisters,Winter,Yes,420,-,105,84,5,3,-,-,-,pink,pink,basic,Unisex,-,,-,-,ピンクのパーカー,sudadera rosa,sudadera rosa,sweat rose,sweat rose,Pink-Parka,felpa rosa,핑크 파카,1.0,2570,25BD,35F6,tops_parka,Yes,,,-,,,pink parka
340,pink pj shirt,,Shirt,Able Sisters,-,Yes,240,-,60,48,3,3,-,-,-,pink,pink,basic,Female,V-Striped,,-,-,あかパジャマ,pijama rosa,pijama rosa,haut pyjama rose,haut pyjama rose,Mädchen-Pyjamajacke,maglia pigiama rosa,빨간 파자마,1.0,258E,25DB,3614,tops_pajama_red,Yes,,,-,,,-
341,pink tank,,Tank Top,GracieGrace,Summer,No,"4,800",-,"1,200",-,60,251,-,Fairy Tale,-,pink,pink,cute,Female,-,,-,-,ピンクのキャミソール,top rosa,top rosa,débardeur rose,débardeur rose,Pink-Spitzentop,canotta fiocco rosa,핑크 캐미솔,1.0,255D,25AA,35E3,tops_cami_pnk,Yes,,,-,,,-
342,pink tartan shirt,,Shirt,Able Sisters,Spring,Yes,420,-,105,84,5,3,-,Fairy Tale,-,pink,white,cute,Unisex,Plaid,,-,-,ピンクタータンのふくL,jersey tartán rosa,jersey tartán rosa,pull tartan rose,pull tartan rose,Schweinchenpulli,maglia tartan rosa,핑크 타탄 옷 L,1.0,25BD,260A,3643,tops_tartan_pnk,Yes,,,-,,,-
343,pink tartan tee,,T-Shirt,Able Sisters,Spring,Yes,420,-,105,84,5,3,-,Fairy Tale,-,pink,white,cute,Unisex,Plaid,,-,-,ピンクタータンのふく,camiseta tartán rosa,camiseta tartán rosa,t-shirt tartan rose,t-shirt tartan rose,Schweinchenshirt,magliet. tartan rosa,핑크 타탄 옷,1.0,24B3,2500,3539,tops_tartan_pnk,Yes,,,-,,,pink tartan tee
344,pink wave tank,,Tank Top,Able Sisters,Summer,Yes,420,-,105,84,5,3,-,Fairy Tale,-,pink,pink,cute,Female,-,,-,-,ピンクスパンコール,top olas rosa,top olas rosa,débardeur vague rose,débardeur vague rose,Himbeertop,canotta a onde rosa,핑크 스팽글 옷,1.0,2500,254D,3586,tops_spangles_pnk,Yes,,,-,,,pink wave tank
345,pink-bud tank,,Tank Top,Able Sisters,Summer,Yes,420,-,105,84,5,3,-,Fairy Tale,-,pink,white,cute,Female,Nature,,-,-,ピンクのプリントキャミ,top estival,top estival,débardeur fleur rose,débardeur fleur rose,Knospentop,canotta fiori rosa,핑크 프린트 캐미솔,1.0,255A,25A7,35E0,tops_camiprint_pnk,Yes,,,-,,,-
346,pleather vest,,Tank Top,GracieGrace,-,No,"6,200",-,"1,550",-,77,251,-,-,-,black,black,rock 'n' roll,Male,-,,-,-,レザーベスト,chaleco polipiel,chaleco polipiel,gilet en cuir,gilet en cuir,Kunstlederweste,canotta ecopelle,가죽 롱베스트,1.0,2538,2585,35BE,tops_vest_leather,No,,,pleather vest,,,pleather vest
347,polo shirt,,T-Shirt,Able Sisters,-,Yes,640,-,160,128,8,3,-,-,-,white,blue,sporty,Unisex,-,,-,-,ポロシャツ,polo dependiente,polo dependiente,polo,polo,Polohemd,polo,폴로 셔츠,1.4,-,265C,3695,tops_polo_shirt,Yes,,,-,,,-
348,Pompompurin outfit,,T-Shirt,Marty's RV,-,No,-,-,200,-,10,300,-,Fairy Tale / Toy Shop,-,yellow,yellow,cute,Unisex,Manufactured,,-,-,ポムポムプリンなふく,camiseta Pompompurin,camiseta Pompompurin,tenue Pompompurin,tenue Pompompurin,Pompompurin-Outfit,magliet. Pompompurin,폼폼푸린 옷,1.4,-,2674,36AD,tops_snr_prin,Yes,,,-,,,Pompompurin outfit
349,pop bloom tee,,T-Shirt,Able Sisters,-,Yes,360,-,90,72,4,3,-,Rustic,-,green,red,flashy,Unisex,Nature,,-,-,ポップなはなのシャツ,camiseta jardín,camiseta jardín,t-shirt pop,t-shirt pop,Blumenbeetshirt,maglietta sgargiante,발랄한 꽃무늬 셔츠,1.0,2580,25CD,3606,tops_flw_pop,Yes,,,-,,,-
350,preppy shirt,,Shirt,Able Sisters,Spring,Yes,360,-,90,72,4,3,-,-,-,white,pink,modern,Male,-,,-,-,トレンディーなふく,camisa con jersey,camisa con jersey,pull distingué,pull distingué,Umhängepullover,camicia precisina,트렌디 옷,1.0,259A,25E7,3620,tops_trendy,Yes,,,-,,,-
351,prism tee,,T-Shirt,Able Sisters,-,Yes,370,-,92,73,4,3,-,-,-,white,colorful,flashy,Unisex,Nature,,-,-,スペクトルなふく,camiseta prisma,camiseta prisma,t-shirt prisme,t-shirt prisme,Ausgehshirt,maglietta prisma,스펙트럼 옷,1.0,2566,25B3,35EC,tops_ptn_spectre,Yes,,,-,,,prism tee
352,pulse shirt,,Shirt,GracieGrace,-,No,"6,400",-,"1,600",-,80,251,-,Sci-Fi,-,green,yellow,rock 'n' roll,Unisex,Nature,,-,-,パルスなふくL,jersey pulso,jersey pulso,pull ECG,pull ECG,EKG-Pulli,maglia pulsazioni,펄스무늬 옷 L,1.0,25A8,25F5,362E,tops_pulse,No,,,pulse shirt,,,-
353,pulse tank,,Tank Top,GracieGrace,-,No,"6,000",-,"1,500",-,75,251,-,Sci-Fi / Toy Shop,-,green,yellow,rock 'n' roll,Unisex,Nature,,-,-,パルスなふく,top pulso,top pulso,débardeur ECG,débardeur ECG,EKG-Top,canotta pulsazioni,펄스무늬 옷,1.0,24F0,253D,3576,tops_pulse,Yes,,,-,,,-
354,purple tie-dye tank,,Tank Top,Able Sisters,Summer,Yes,280,-,70,56,3,3,-,-,-,purple,white,basic,Unisex,Nature,,-,-,グレープソーダのふくN,top hippy lila,top hippy lila,débard. batik mauve,débard. batik mauve,Ökotop,canotta viola,그레이프 소다 옷 N,1.0,25E2,262F,3668,tops_img_grpsoda,Yes,,,-,,,-
355,purple tie-dye tee,,T-Shirt,Able Sisters,-,Yes,380,-,95,76,4,3,-,-,-,purple,white,basic,Unisex,Nature,,-,-,グレープソーダなふく,camiseta hippy lila,camiseta hippy lila,t-shirt batik mauve,t-shirt batik mauve,Ökoshirt,maglietta viola,그레이프 소다 옷,1.0,247A,24C7,3500,tops_img_grpsoda,Yes,,,-,,,purple tie-dye tee
356,racer 6 tee,,T-Shirt,Able Sisters,-,Yes,380,-,95,76,4,3,-,-,-,yellow,black,sporty,Male,Nature,,-,-,ゼッケン6のふく,camiseta jinete,camiseta jinete,t-shirt course 6,t-shirt course 6,Fußballshirt,maglietta da corsa 6,6번 레이서 옷,1.0,24A8,24F5,352E,tops_bibs_6,Yes,,,-,,,racer 6 tee
357,racer tee,,T-Shirt,Able Sisters,-,Yes,380,-,95,76,4,3,-,-,-,white,blue,sporty,Unisex,H-Striped,,-,-,いかしたラインのふく,camiseta circuito,camiseta circuito,t-shirt course,t-shirt course,Jockeyshirt,maglietta da corsa,라인을 살려주는 옷,1.0,24A5,24F2,352B,tops_line_cool,Yes,,,-,,,racer tee
358,racing shirt,,Shirt,Able Sisters,-,Yes,460,-,115,92,5,3,racer,Toy Shop,-,red,colorful,sporty,Male,-,,-,-,レーサーなふく,jersey carreras,jersey carreras,pull pilote,pull pilote,Rennfahrerjacke,maglia da pilota,카레이서 옷,1.0,252A,2577,35B0,tops_racer,No,,,racing shirt,,,-
359,raglan shirt,,Shirt,Able Sisters,-,Yes,420,-,105,84,5,3,-,-,-,blue,blue,basic,Unisex,Manufactured,,-,-,あおのながラグランシャツ,jersey azulado,jersey azulado,pull coupe raglan,pull coupe raglan,Raglan-Pulli,maglia raglan,파란 긴팔 래글런 셔츠,1.0,2550,259D,35D6,tops_raglan_blu,Yes,,,-,,,-
360,raglan tee,,T-Shirt,Able Sisters,-,Yes,420,-,105,84,5,3,-,-,-,blue,blue,basic,Unisex,Manufactured,,-,-,あおのラグランシャツ,camiseta azulada,camiseta azulada,t-shirt coupe raglan,t-shirt coupe raglan,Raglan-Shirt,maglietta raglan,파란 래글런 셔츠,1.0,25A2,25EF,3628,tops_raglan_blu,Yes,,,-,,,-
361,rainbow tank,,Tank Top,Able Sisters,Summer,Yes,777,-,194,155,9,3,-,-,-,white,colorful,ornate,Unisex,H-Striped,,-,-,レインボーなふくN,top arcoíris,top arcoíris,débardeur irisé,débardeur irisé,Iris-Top,canotta arcobaleno,무지개 옷 N,1.0,2607,2654,368D,tops_img_rainbow,Yes,,,-,,,-
362,rainbow tee,,T-Shirt,Able Sisters,Summer,Yes,777,-,194,155,9,3,-,-,-,colorful,colorful,ornate,Unisex,H-Striped,,-,-,レインボーなふく,camiseta arcoíris,camiseta arcoíris,t-shirt irisé,t-shirt irisé,Iris-Shirt,maglietta arcobaleno,무지개 옷,1.0,2477,24C4,34FD,tops_img_rainbow,Yes,,,-,,,rainbow tee
363,rally tank,,Tank Top,Able Sisters,Summer,Yes,280,-,70,56,3,3,-,Trendy,-,colorful,white,sporty,Unisex,H-Striped,,-,-,ラリーなふくN,top toldo,top toldo,débardeur rallye,débardeur rallye,Rallye-Top,canotta da rally,랠리 옷 N,1.0,25F0,263D,3676,tops_stripe_rally,Yes,,,-,,,-
364,rally tee,,T-Shirt,Able Sisters,-,Yes,380,-,95,76,4,3,-,-,-,colorful,white,sporty,Unisex,H-Striped,,-,-,ラリーなふく,camiseta toldo,camiseta toldo,t-shirt rallye,t-shirt rallye,Rallye-Shirt,maglietta da rally,랠리 옷,1.0,24A7,24F4,352D,tops_stripe_rally,Yes,,,-,,,rally tee
365,red aloha tee,,T-Shirt,Souvenir Shop,Summer,No,-,15,187,149,9,99,-,-,-,red,red,iconic,Unisex,Nature,,-,-,あかのアロハ,camiseta aloha roja,camiseta aloha roja,chemise Hawaï rouge,chemise Hawaï rouge,Inselshirt,camicia aloha rossa,빨간 알로하셔츠,1.0,250E,255B,3594,tops_aloha_red,Yes,,,-,,,-
366,red argyle shirt,,Shirt,GracieGrace,Winter,No,"6,200",-,"1,550",-,77,251,-,-,-,red,red,iconic,Female,Argyle,,-,-,あかアーガイルのふくL,jersey rombos rojo,jersey pijo rojo,pull écossais rouge,pull écossais rouge,Rot-Argyle-Pulli,maglia rombi rossi,빨간 아가일 옷 L,1.0,24B7,2504,353D,tops_argyle_red,Yes,,,-,,,-
367,red argyle tee,,T-Shirt,GracieGrace,Fall,No,"5,800",-,"1,450",-,72,251,-,-,-,red,red,iconic,Female,Argyle,,-,-,あかアーガイルのふく,camiseta rombos roja,camiseta pija roja,t-shirt écos. rouge,t-shirt écos. rouge,Rot-Argyle-Shirt,magliet. rombi ros.,빨간 아가일 옷,1.0,24B8,2505,353E,tops_argyle_red,Yes,,,-,,,-
368,red down jacket,,Shirt,Able Sisters,Winter,Yes,520,-,130,104,6,3,-,-,-,red,red,basic,Female,-,,-,-,あかいダウンジャケット,chaqueta roja,chaqueta roja,doudoune rouge,doudoune rouge,Erdbeerpulli,golfino rosso,빨간 다운 재킷,1.0,251F,256C,35A5,tops_down_red,Yes,,,-,,,red down jacket
369,red flannel shirt,,Shirt,Able Sisters,-,Yes,420,-,105,84,5,3,-,-,-,red,colorful,basic,Unisex,Plaid,,-,-,あかいネルシャツ,camisa franela roja,camisa franela roja,pull flanelle rouge,pull flanelle rouge,Holzfällerhemd,camicia grunge rossa,빨간 플란넬 셔츠,1.0,2557,25A4,35DD,tops_nelshirts_red,Yes,,,-,,,red flannel shirt
370,red gym tee,,T-Shirt,Able Sisters,Summer,Yes,420,-,105,84,5,3,-,-,-,white,red,sporty,Unisex,-,,-,-,あかいたいそうふく,camiseta sport roja,camiseta sport roja,t-shirt sport rouge,t-shirt sport rouge,Fitness-Shirt,magliet. sport rossa,빨간 체육복,1.0,2533,2580,35B9,tops_gym_red,Yes,,,-,,,-
371,red jacket,,Shirt,Able Sisters,-,Yes,420,-,105,84,5,3,-,-,-,red,red,sporty,Unisex,-,,-,-,あかのレインウェア,chubasquero rojo,chubasquero rojo,veste rouge,veste rouge,Windjacke,giacca pioggia rossa,빨간 우비,1.0,257C,25C9,3602,tops_rainware_red,Yes,,,-,,,red jacket
372,red letter jacket,,Shirt,Able Sisters,Winter,Yes,420,-,105,84,5,3,-,-,-,red,red,rock 'n' roll,Male,Manufactured,,-,-,あかいスタジャン,cazadora roja,cazadora roja,veste collège rouge,veste collège rouge,Collegejacke „C“,giacca college rossa,빨간 스포츠 점퍼,1.0,2552,259F,35D8,tops_stajan_red,Yes,,,-,,,red letter jacket
373,red ringmaster coat,,Shirt,GracieGrace,-,No,"6,000",-,"1,500",-,75,299,-,Antique / Fairy Tale,-,red,red,ornate,Unisex,-,,-,-,あかいきへいたいのふく,casaca circense roja,casaca circense roja,veste Loyal rouge,veste Loyal rouge,Dompteursjacke,giacca circo rossa,빨간 기병대 옷,1.0,256B,25B8,35F1,tops_versailles_red,Yes,,,-,,,-
374,red tie-dye tank,,Tank Top,Able Sisters,Summer,Yes,280,-,70,56,3,3,-,-,-,pink,white,basic,Unisex,Nature,,-,-,いちごソーダなふくN,top hippy rojo,top hippy rojo,débard. batik rouge,débard. batik rouge,Naturtop,canotta fucsia,딸기 소다 옷 N,1.0,2602,264F,3688,tops_img_stbsoda,Yes,,,-,,,-
375,red tie-dye tee,,T-Shirt,Able Sisters,-,Yes,380,-,95,76,4,3,-,-,-,pink,white,basic,Unisex,Nature,,-,-,いちごソーダなふく,camiseta hippy roja,camiseta hippy roja,t-shirt batik rouge,t-shirt batik rouge,Naturshirt,maglietta fucsia,딸기 소다 옷,1.0,247D,24CA,3503,tops_img_stbsoda,Yes,,,-,,,red tie-dye tee
376,red warm-up suit,,Shirt,Able Sisters,-,Yes,260,-,65,52,3,3,-,-,-,red,red,sporty,Unisex,-,,-,-,あかジャージ,sudadera sport roja,sudadera sport roja,veste survêt rouge,veste survêt rouge,Trainingsjacke,maglia tuta rossa,빨간 트레이닝복,1.0,2531,257E,35B7,tops_jersey_red,Yes,,,-,,,red warm-up suit
377,red-bar shirt,,Shirt,Able Sisters,Fall,Yes,420,-,105,84,5,3,-,-,-,red,white,sporty,Male,H-Striped,,-,-,あかしろラガーシャツL,jersey barras,jersey barras,pull barre,pull barre,Ferienpulli,maglia a rigoni,빨강하양 럭비 셔츠 L,1.0,25CC,2619,3652,tops_border_redwht,Yes,,,-,,,red-bar shirt
378,red-bar tee,,T-Shirt,Able Sisters,-,Yes,360,-,90,72,4,3,-,-,-,red,white,sporty,Male,H-Striped,,-,-,あかしろラガーシャツ,camiseta barras,camiseta barras,t-shirt barre,t-shirt barre,Ferienshirt,maglietta a rigoni,빨강하양 럭비 셔츠,1.0,248A,24D7,3510,tops_border_redwht,Yes,,,-,,,red-bar tee
379,red-check shirt,,Shirt,Able Sisters,Spring,Yes,420,-,105,84,5,3,-,-,-,red,white,cute,Unisex,Plaid,,-,-,あかチェックのふくL,jersey trapo rojo,jersey trapo rojo,pull carrés rouge,pull carrés rouge,Rotweiß-Pulli,maglia tovaglia,빨간 체크무늬 옷 L,1.0,25A5,25F2,362B,tops_check_red,Yes,,,-,,,-
380,red-check tee,,T-Shirt,Able Sisters,Spring,Yes,330,-,82,65,4,3,-,-,-,red,white,basic,Unisex,Plaid,,-,-,あかチェックのふく,camiseta trapo rojo,camiseta trapo rojo,t-shirt carrés rouge,t-shirt carrés rouge,Rotweiß-Shirt,maglietta tovaglia,빨간 체크무늬 옷,1.0,2482,24CF,3508,tops_check_red,Yes,,,-,,,red-check tee
381,red-grid shirt,,Shirt,Able Sisters,Fall,Yes,420,-,105,84,5,3,-,-,-,brown,beige,basic,Unisex,Plaid,,-,-,あきいろこうしのふくL,jersey reja roja,jersey reja roja,pull grille rouge,pull grille rouge,Käfigpulli,maglia giallorossa,가을색 체크무늬 옷 L,1.0,25B4,2601,363A,tops_grid_fall,Yes,,,-,,,red-grid shirt
382,red-grid tee,,T-Shirt,Able Sisters,Fall,Yes,360,-,90,72,4,3,-,-,-,brown,beige,basic,Unisex,Plaid,,-,-,あきいろこうしのふく,camiseta reja roja,camiseta reja roja,t-shirt grille rouge,t-shirt grille rouge,Käfigshirt,magliet. giallorossa,가을색 체크무늬 옷,1.0,2496,24E3,351C,tops_grid_fall,Yes,,,-,,,red-grid tee
383,red-zap suit,,Shirt,Able Sisters,-,Yes,640,-,160,128,8,3,red superhero,Sci-Fi / Toy Shop,-,white,red,sporty,Male,-,,-,-,ヒーロースーツR,superjersey rojo,superjersey rojo,pull de héros rouge,pull de héros rouge,Rotheldenpulli,maglia eroe rosso,히어로 슈트 R,1.0,253E,258B,35C4,tops_hero_red,Yes,,,-,,,red-zap suit
384,reggae tank,,Tank Top,Able Sisters,Summer,Yes,280,-,70,56,3,3,-,-,-,red,green,iconic,Unisex,Nature,,-,-,レゲエなふくN,top reggae,top reggae,débardeur reggae,débardeur reggae,Reggae-Top,canotta reggae,레게 옷 N,1.0,25E9,2636,366F,tops_reggae,Yes,,,-,,,-
385,reggae tee,,T-Shirt,Able Sisters,-,Yes,320,-,80,64,4,3,-,-,-,red,green,iconic,Unisex,Nature,,-,-,レゲエなふく,camiseta reggae,camiseta reggae,t-shirt reggae,t-shirt reggae,Reggae-Shirt,maglietta reggae,레게 옷,1.0,2519,2566,359F,tops_reggae,Yes,,,-,,,reggae tee
386,relay tank,,Tank Top,Able Sisters,Winter,Yes,420,-,105,84,5,3,-,-,-,purple,yellow,sporty,Male,Manufactured,,-,-,えきでんなふく,top maratón,top maratón,débardeur marathon,débardeur marathon,Staffellauf-Top,canotta maratona,마라토너 옷,1.0,257A,25C7,3600,tops_ekiden,Yes,,,-,,,-
387,rose tee,,T-Shirt,Able Sisters,-,Yes,480,-,120,96,6,3,-,Rustic,-,white,red,cute,Female,Nature,,-,-,しろじのバラのふく,camiseta rosal,camiseta rosal,t-shirt rose,t-shirt rose,Rosenshirt,maglietta rose,하얀 바탕 장미 옷,1.0,2588,25D5,360E,tops_flw_rosewht,Yes,,,-,,,-
388,rose-sky tee,,T-Shirt,Able Sisters,-,Yes,320,-,80,64,4,3,-,Rustic,-,aqua,red,cute,Female,Nature,,-,-,あおじのバラのふく,camiseta rosal azul,camiseta rosal azul,t-shirt rose ciel,t-shirt rose ciel,Tulpenshirt,maglietta rose blu,파란 바탕 장미 옷,1.0,2585,25D2,360B,tops_flw_roseblu,Yes,,,-,,,rose-sky tee
389,royal shirt,,Shirt,Able Sisters,-,Yes,380,-,95,76,4,3,king,Antique,-,red,yellow,ornate,Male,Nature,,-,-,おうさまのふく,jersey real,jersey real,pull royal,pull royal,Königswams,maglia reale,임금님 옷,1.0,2511,255E,3597,tops_royal,No,,,royal shirt,,,-
390,rubber apron,,T-Shirt,Able Sisters,-,Yes,640,-,160,128,8,3,-,-,-,black,white,iconic,Unisex,-,,-,-,ゴムエプロン,delantal rígido,delantal rígido,tablier caoutchouc,tablier caoutchouc,Kunststoffschürze,grembiule di gomma,고무 앞치마,1.4,-,2662,369B,tops_apron_gom,Yes,,,-,,,-
391,rugby shirt,,Shirt,Able Sisters,-,Yes,420,-,105,84,5,3,-,-,-,yellow,blue,rock 'n' roll,Unisex,H-Striped,,-,-,めだつボーダーのふくL,jersey rugby,jersey rugby,pull rugby,pull rugby,Rugby-Pulli,maglia rugby,튀는 줄무늬 옷 L,1.0,25A6,25F3,362C,tops_border_bold,No,,,rugby shirt,,,rugby shirt
392,rugby tee,,T-Shirt,Able Sisters,-,Yes,360,-,90,72,4,3,-,-,-,blue,yellow,rock 'n' roll,Unisex,H-Striped,,-,-,めだつボーダーのふく,camiseta rugby,camiseta rugby,t-shirt rugby,t-shirt rugby,Rugby-Shirt,maglietta rugby,튀는 줄무늬 옷,1.0,2485,24D2,350B,tops_border_bold,Yes,,,-,,,rugby tee
393,sailor's shirt,,Shirt,Able Sisters,Fall,Yes,420,-,105,84,5,3,-,-,-,white,blue,official,Female,-,,-,-,ながそでセーラーふく,jersey marinero,jersey marinero,pull matelot,pull matelot,Marinepulli,maglia marinaio,긴팔 세일러복,1.0,25AA,25F7,3630,tops_sailor,Yes,,,-,,,sailor's shirt
394,sailor's tee,,T-Shirt,Able Sisters,Spring,Yes,320,-,80,64,4,3,sailor,-,-,white,blue,official,Female,-,,-,-,はんそでセーラーふく,camiseta marinera,camiseta marinera,t-shirt matelot,t-shirt matelot,Marineshirt,maglietta marinaio,세일러복,1.0,2518,2565,359E,tops_sailor,Yes,,,-,,,-
395,samurai shirt,,Shirt,Able Sisters,-,Yes,640,-,160,128,8,3,samurai,Harmonious / Antique / Quirky,-,black,black,historical,Male,-,,-,-,かっちゅう,coraza samurái,coraza samurái,cuirasse samouraï,cuirasse samouraï,Samurairüstung,armatura samurai,일본 무사 갑옷,1.0,2541,258E,35C7,tops_samurai,Yes,,,-,,,-
396,sandwich tank,,Tank Top,GracieGrace,-,No,"6,400",-,"1,600",-,80,251,-,-,-,white,colorful,flashy,Unisex,Nature,,-,-,ミックスサンドなふく,top bocata,top bocata,débardeur sandwich,débardeur sandwich,Sandwich-Top,canotta panino,샌드위치 옷,1.0,2503,2550,3589,tops_food_sandwich,Yes,,,-,,,-
397,Santa coat,,Shirt,Able Sisters,Winter,Yes,420,-,105,84,5,33,-,Toy Shop,Dec 1-31,red,white,cute,Unisex,Manufactured,,-,-,サンタのジャケット,jersey festivo,jersey festivo,manteau de père Noël,manteau de père Noël,Weihnachtsmannjacke,maglia Babbo Natale,산타 재킷,1.0,254B,2598,35D1,tops_coat_xmas,Yes,,,-,,,Santa coat
398,scale-armor suit,,Shirt,Able Sisters,-,Yes,480,-,120,96,6,3,viking,Antique / Quirky,-,blue,aqua,historical,Male,-,,-,-,うろこよろい,cota de malla,cota de malla,cuirasse d'écailles,cuirasse d'écailles,Schuppenpanzerhemd,cotta di maglia,미늘갑옷,1.0,252D,257A,35B3,tops_scale,Yes,,,-,,,scale-armor suit
399,scale-print tee,,T-Shirt,Able Sisters,-,Yes,420,-,105,84,5,3,-,Harmonious,-,blue,blue,iconic,Unisex,Nature,,-,-,せいがいはのふく,camiseta escamas,camiseta escamas,t-shirt écailles,t-shirt écailles,Schuppenshirt,maglietta a squame,비늘무늬 옷,1.0,254D,259A,35D3,tops_jpn_seigaiha,Yes,,,-,,,-
400,school jacket,,Shirt,Able Sisters,-,Yes,420,-,105,84,5,3,-,-,-,black,black,official,Male,-,,-,-,がくせいふく,chaqueta escolar,chaqueta escolar,veste d'écolier,veste d'écolier,Streber-Schuljacke,giacca scuola,학생복,1.0,2563,25B0,35E9,tops_gakuran,Yes,,,-,,,-
401,security tee,,T-Shirt,Able Sisters,-,Yes,420,-,105,84,5,3,police officer,-,-,black,aqua,official,Male,Manufactured,,-,-,けいかんのふく,uniforme de policía,uniforme de policía,t-shirt sécurité,t-shirt sécurité,Polizeishirt,camicia polizia,경찰복,1.0,2525,2572,35AB,tops_security,Yes,,,-,,,security tee
402,seven-ball tee,,T-Shirt,Able Sisters,-,Yes,340,-,85,68,4,3,-,-,-,brown,brown,sporty,Unisex,Manufactured,,-,-,7ばんだまのふく,camiseta bola 7,camiseta bola 7,t-shirt nº 7,t-shirt nº 7,7er-Shirt,maglietta palla 7,7번공 옷,1.0,244E,249B,34D4,tops_numball_7,Yes,,,-,,,seven-ball tee
403,sharp outfit,,T-Shirt,Able Sisters,Winter,Yes,280,-,70,56,3,3,-,Harmonious,-,purple,white,historical,Unisex,Nature,,-,-,いげたもようのふく,camiseta trazos,camiseta trazos,t-shirt dièse,t-shirt dièse,Rautenshirt,maglietta diesis,우물정 옷,1.0,24EA,2537,3570,tops_jpn_igeta,No,,,sharp outfit,,,sharp outfit
404,shearling coat,,Shirt,Able Sisters,Winter,Yes,480,-,120,96,6,3,-,-,-,beige,beige,cute,Unisex,-,,-,-,ムートンコート,trenca marrón,trenca marrón,manteau fourré,manteau fourré,Felljacke,giacca scamosciata,양가죽 코트,1.0,2594,25E1,361A,tops_coat_mouton,Yes,,,-,,,shearling coat
405,Sheik outfit,,Shirt,Epona's RV,-,No,-,-,200,-,10,300,-,Toy Shop,-,white,blue,iconic,Unisex,-,,-,-,シークのふく,túnica de Sheik,túnica de Sheik,tenue de Sheik,tenue de Sheik,Shiek-Outfit,costume Sheik,시크 옷,1.4,-,2680,36B9,tops_nin_sheik,Yes,,,-,,,-
406,silk bloom tee,,T-Shirt,Able Sisters,Spring,Yes,480,-,120,96,6,3,-,Rustic,-,green,colorful,cute,Female,Nature,,-,-,はながらのゆうぜんシャツ,camiseta lilas,camiseta lilas,t-shirt en soie,t-shirt en soie,Kunstseidenshirt,maglietta tenue,꽃무늬 자수 셔츠,1.0,2581,25CE,3607,tops_flw_yuzen,Yes,,,-,,,silk bloom tee
407,six-ball tee,,T-Shirt,Able Sisters,-,Yes,340,-,85,68,4,3,-,-,-,green,green,sporty,Unisex,Manufactured,,-,-,6ばんだまのふく,camiseta bola 6,camiseta bola 6,t-shirt nº 6,t-shirt nº 6,6er-Shirt,maglietta palla 6,6번공 옷,1.0,244D,249A,34D3,tops_numball_6,Yes,,,-,,,six-ball tee
408,skull shirt,,Shirt,Able Sisters,-,Yes,420,-,105,84,5,3,-,Quirky,-,black,white,rock 'n' roll,Male,Manufactured,,-,-,ドクロのふくL,jersey pirata,jersey pirata,pull crâne,pull crâne,Schädelpulli,maglia teschio,해골 옷 L,1.0,25CE,261B,3654,tops_skull,No,,,skull shirt,,,skull shirt
409,skull tee,,T-Shirt,Able Sisters,-,Yes,320,-,80,64,4,3,-,Quirky,-,black,white,rock 'n' roll,Male,Manufactured,,-,-,ドクロのふく,camiseta pirata,camiseta pirata,t-shirt crâne,t-shirt crâne,Schädelshirt,maglietta teschio,해골 옷,1.0,2455,24A2,34DB,tops_skull,Yes,,,-,,,skull tee
410,sno-cone tank,,Tank Top,Able Sisters,Summer,Yes,280,-,70,56,3,3,-,-,-,red,white,basic,Unisex,Nature,,-,-,こおりイチゴのふくN,top fresa-nata,top fresa-nata,débardeur cône,débardeur cône,Bonbontop,canotta granita,딸기주스 옷 N,1.0,25E5,2632,366B,tops_img_snowcone,Yes,,,-,,,-
411,sno-cone tee,,T-Shirt,Able Sisters,Summer,Yes,420,-,105,84,5,3,-,-,-,red,white,basic,Unisex,Nature,,-,-,こおりイチゴのふく,camiseta fresa-nata,camiseta fresa-nata,t-shirt cône,t-shirt cône,Bonbonshirt,maglietta granita,딸기주스 옷,1.0,2478,24C5,34FE,tops_img_snowcone,Yes,,,-,,,-
412,snow shirt,,Shirt,Able Sisters,-,Yes,680,-,170,136,8,3,-,-,-,white,white,basic,Unisex,Nature,,-,-,ゆきのふく,jersey nieve,jersey nieve,pull neige,pull neige,Schneepulli,maglia neve,눈무늬 옷,1.0,24D3,2520,3559,tops_snow_square,No,,,snow shirt,,,snow shirt
413,snowy sweater,,Shirt,Able Sisters,Winter,Yes,420,-,105,84,5,3,-,-,-,gray,gray,iconic,Unisex,-,,-,-,アイスランドなセーター,chaqueta de lana,chaqueta de lana,pull nordique,pull nordique,Winterstrickjacke,maglione nordico,아이슬란드풍 스웨터,1.0,257B,25C8,3601,tops_sweater_iceland,Yes,,,-,,,snowy sweater
414,soccer shirt,,Shirt,Able Sisters,-,Yes,420,-,105,84,5,3,-,-,-,yellow,green,sporty,Male,-,,-,-,ラテンなユニフォームL,jersey fútbol,jersey fútbol,pull Brésil,pull Brésil,WM-Pulli,maglia calcio,라틴풍 유니폼 L,1.0,25CA,2617,3650,tops_unfm_latin,Yes,,,-,,,-
415,soccer tee,,T-Shirt,Able Sisters,Summer,Yes,320,-,80,64,4,3,-,-,-,yellow,green,sporty,Male,-,,-,-,ラテンなユニフォーム,camiseta fútbol,camiseta fútbol,t-shirt Brésil,t-shirt Brésil,WM-Shirt,maglietta calcio,라틴풍 유니폼,1.0,251E,256B,35A4,tops_unfm_latin,Yes,,,-,,,soccer tee
416,space suit,,Shirt,Able Sisters,-,Yes,360,-,90,72,4,3,astronaut,Sci-Fi / Toy Shop,-,white,gray,sporty,Unisex,-,,-,-,うちゅうふく,jersey espacial,jersey espacial,pull spatial,pull spatial,Astronautenjacke,maglia spaziale,우주복,1.0,2535,2582,35BB,tops_space,No,,,space suit,,,-
417,spade tee,,T-Shirt,Able Sisters,-,Yes,340,-,85,68,4,3,-,Toy Shop,-,aqua,blue,basic,Unisex,Manufactured,,-,-,スペードのふく,camiseta pica,camiseta pica,t-shirt pique,t-shirt pique,Shirt „Pik“,maglietta di picche,스페이드 옷,1.0,2460,24AD,34E6,tops_mark_spade,Yes,,,-,,,spade tee
418,speedway tee,,T-Shirt,Able Sisters,Summer,Yes,290,-,72,57,3,3,-,-,-,white,white,basic,Unisex,H-Striped,,-,-,シンプルラインなふく,camiseta piscina,camiseta piscina,t-shirt basque,t-shirt basque,Rennbahnshirt,maglietta a righine,얌전한 줄무늬 옷,1.0,248F,24DC,3515,tops_border_simple,Yes,,,-,,,-
419,spiderweb tee,,T-Shirt,Able Sisters,Summer,Yes,320,-,80,64,4,3,-,Toy Shop / Quirky,-,black,white,rock 'n' roll,Unisex,Nature,,-,-,スパイダーなふく,camiseta telaraña,camiseta telaraña,t-shirt arachno,t-shirt arachno,Spinnwebenshirt,maglietta ragnatela,스파이더 옷,1.0,24F7,2544,357D,tops_insc_spiderweb,Yes,,,-,,,spiderweb tee
420,splendid tee,,T-Shirt,Able Sisters,-,Yes,420,-,105,84,5,3,-,Trendy,-,purple,orange,flashy,Unisex,Nature,,-,-,ストレンジなふく,camiseta espléndida,camiseta espléndida,t-shirt splendide,t-shirt splendide,Tipptopp-Shirt,maglietta splendida,이상한 옷,1.0,24E7,2534,356D,tops_strange,Yes,,,-,,,splendid tee
421,spring shirt,,Shirt,Able Sisters,Spring,Yes,320,-,80,64,4,3,-,Rustic,-,beige,blue,cute,Unisex,Nature,,-,-,はながらのニット,jersey copitos,jersey copitos,pull pastel,pull pastel,Frühlingspulli,maglione primavera,꽃무늬 니트,1.0,24C9,2516,354F,tops_knit_flw,No,,,spring shirt,,,spring shirt
422,spunky knit shirt,,Shirt,Able Sisters,Winter,Yes,360,-,90,72,4,3,-,-,-,beige,green,cute,Unisex,Nature,,-,lively knit shirt,かわいいニット,jersey retro,jersey retro,pull prairie,pull prairie,Nordik-Pulli,maglione vivace,귀여운 니트,1.0,24CA,2517,3550,tops_knit_pretty,Yes,,,-,,,spunky knit shirt
423,star tee,,T-Shirt,Able Sisters,-,Yes,370,-,92,73,4,3,-,-,-,colorful,white,flashy,Unisex,Nature,,-,-,スターなふく,camiseta estrellas,camiseta estrellas,t-shirt étoiles,t-shirt étoiles,Buntstern-Shirt,maglietta stellare,별이 빛나는 옷,1.0,24DF,252C,3565,tops_ptn_star,Yes,,,-,,,star tee
424,straw shirt,,Shirt,Able Sisters,Fall,Yes,360,-,90,72,4,3,-,Rustic,-,yellow,orange,historical,Unisex,Nature,,-,-,かれくさのふく,jersey ramitas,jersey ramitas,pull paille,pull paille,Strohpulli,maglia paglia,황금빛 벼무늬 옷,1.0,24D1,251E,3557,tops_straw,No,,,straw shirt,,,straw shirt
425,strawberry tank,,Tank Top,Able Sisters,Summer,Yes,280,-,70,56,3,3,strawberry,-,-,pink,green,cute,Unisex,Fruit,,-,-,いちごのふくN,top fresa,top fresa,débardeur fraise,débardeur fraise,Erdbeertop,canotta fragola,딸기 옷 N,1.0,25E7,2634,366D,tops_frt_stberry,Yes,,,-,,,-
426,strawberry tee,,T-Shirt,Able Sisters,-,Yes,640,-,160,128,8,3,strawberry,Rustic,-,pink,green,cute,Unisex,Fruit,,-,-,いちごのふく,camiseta fresa,camiseta fresa,t-shirt fraise,t-shirt fraise,Erdbeershirt,maglietta fragola,딸기 옷,1.0,24FD,254A,3583,tops_frt_stberry,Yes,,,-,,,-
427,striking outfit,,T-Shirt,Able Sisters,Winter,Yes,460,-,115,92,5,3,-,Antique,-,blue,yellow,flashy,Male,Nature,,-,-,いさましいふく,camiseta nudo,camiseta nudo,t-shirt frappant,t-shirt frappant,Kombishirt,maglietta guerriero,용감한 옷,1.0,2530,257D,35B6,tops_brave,No,,,striking outfit,,,-
428,stylish suit,,Shirt,Able Sisters,-,Yes,640,-,160,128,8,3,-,-,-,gray,black,official,Unisex,-,,-,-,おしゃれなスーツ,saco elegante,chaqueta elegante,costume élégant,costume élégant,Fashion-Jacke,giacca stilosa,스타일리시 옷,1.4,-,265B,3694,tops_suit_fashionable,Yes,,,-,,,-
429,subdued-print tee,,T-Shirt,Able Sisters,Fall,Yes,320,-,80,64,4,3,-,Harmonious,-,orange,brown,historical,Unisex,Nature,,-,-,たんぼぎ,camiseta naranja,camiseta naranja,t-shirt atténué,t-shirt atténué,Leinenshirt,maglietta marrone,누더기 옷,1.0,24E9,2536,356F,tops_jpn_tanbo,Yes,,,-,,,-
430,sundae tank,,Tank Top,Able Sisters,Summer,Yes,420,-,105,84,5,3,-,Fairy Tale,-,brown,green,flashy,Unisex,Nature,,-,-,うじきんときのふく,top avalancha,top avalancha,débardeur moche,débardeur moche,Pfui-Top,canotta orrenda,녹차빙수 옷,1.0,2505,2552,358B,tops_food_uji,Yes,,,-,,,-
431,sunflower tee,,T-Shirt,Able Sisters,Summer,Yes,360,-,90,72,4,3,-,Rustic,-,aqua,yellow,cute,Unisex,Nature,,-,-,ひまわりのふく,camiseta girasoles,camiseta girasoles,t-shirt tournesols,t-shirt tournesols,Sonnenblumenshirt,maglietta girasole,해바라기 옷,1.0,2597,25E4,361D,tops_sunflower,Yes,,,-,,,sunflower tee
432,sunset tank,,Tank Top,Able Sisters,Summer,Yes,280,-,70,56,3,3,-,-,-,orange,yellow,basic,Unisex,Nature,,-,-,サンセットなふくN,top atardecer,top atardecer,débardeur couchant,débardeur couchant,Sonnentop,canotta tramonto,일몰색 옷 N,1.0,25FA,2647,3680,tops_img_sunset,Yes,,,-,,,-
433,sunset tee,,T-Shirt,Able Sisters,-,Yes,290,-,72,57,3,3,-,-,-,orange,yellow,basic,Unisex,Nature,,-,-,サンセットなふく,camiseta atardecer,camiseta atardecer,t-shirt couchant,t-shirt couchant,Sonnenshirt,maglietta tramonto,일몰색 옷,1.0,2474,24C1,34FA,tops_img_sunset,Yes,,,-,,,sunset tee
434,sushi chef's outfit,,Shirt,Able Sisters,-,Yes,640,-,160,128,8,3,-,-,-,white,white,iconic,Unisex,-,,-,-,いたまえのふく,uniforme chef sushi,chaqueta chef sushi,tenue de chef sushi,tenue de chef sushi,Sushikochjacke,giacca cuoco giap.,일식 주방장 옷,1.4,-,2660,3699,tops_cook,Yes,,,-,,,sushi chef's outfit
435,suspenders shirt,,T-Shirt,Toby's RV,-,No,-,-,200,-,10,300,-,Fairy Tale / Toy Shop,-,white,green,cute,Unisex,-,,-,-,けろけろけろっぴなシャツ,camisa jardín zen,camisa jardín zen,haut Kerokerokeroppi,haut Kerokerokeroppi,Teich-Pulli,camicia ranocchio,케로케로케로피 셔츠,1.4,-,2670,36A9,tops_snr_keroppisht,Yes,,,-,,,-
436,sweater-vest,,Shirt,Able Sisters,-,Yes,420,-,105,84,5,3,-,-,-,purple,white,official,Male,-,,-,-,チョッキつきワイシャツ,chaleco con camisa,chaleco con camisa,gilet de laine,gilet de laine,Pullunder mit Hemd,gilet di lana,조끼&와이셔츠,1.0,2573,25C0,35F9,tops_yshirt_vest,Yes,,,-,,,sweater-vest
437,swell shirt,,Shirt,Able Sisters,-,Yes,400,-,100,80,5,3,-,Trendy,-,brown,yellow,modern,Unisex,Nature,,-,-,ブラウンタイルなふくL,jersey de tarde,jersey de tarde,pull chouette,pull chouette,70er-Pulli,maglia arlecchino,브라운 타일 옷 L,1.0,258B,25D8,3611,tops_tile_brn,No,,,swell shirt,,,-
438,swell tee,,T-Shirt,Able Sisters,-,Yes,400,-,100,80,5,3,-,Trendy,-,brown,yellow,modern,Unisex,Nature,,-,-,ブラウンタイルなふく,camiseta de tarde,camiseta de tarde,t-shirt chouette,t-shirt chouette,70er-Shirt,maglietta arlecchino,브라운 타일 옷,1.0,25A0,25ED,3626,tops_tile_brn,Yes,,,-,,,swell tee
439,tacky sweater,,Shirt,GracieGrace,Spring,No,"5,200",-,"1,300",-,65,299,-,-,-,black,white,iconic,Unisex,-,,-,-,ニットベスト,jersey de lana,jersey de lana,pull montagnard,pull montagnard,Strickweste mit Hemd,maglione kitsch,니트 베스트,1.0,2596,25E3,361C,tops_knit_vest,Yes,,,-,,,tacky sweater
440,tan dogtooth shirt,,Shirt,Able Sisters,Fall,Yes,420,-,105,84,5,3,-,-,-,brown,brown,iconic,Unisex,Plaid,,-,-,セピアなちどりごうしL,jersey sabueso,jersey sabueso,pull pied coq brun,pull pied coq brun,Schokopulli,maglia zampetta,갈색 바람개비 옷 L,1.0,25AE,25FB,3634,tops_hound_sepia,Yes,,,-,,,tan dogtooth shirt
441,tan dogtooth tee,,T-Shirt,Able Sisters,Fall,Yes,350,-,87,69,4,3,-,-,-,brown,brown,iconic,Unisex,Plaid,,-,-,セピアなちどりごうし,camiseta sabueso,camiseta sabueso,t-shirt p. coq brun,t-shirt p. coq brun,Schokoshirt,maglietta zampetta,갈색 바람개비 옷,1.0,2484,24D1,350A,tops_hound_sepia,Yes,,,-,,,-
442,tan puffy vest,,T-Shirt,Able Sisters,Winter,Yes,420,-,105,84,5,3,-,-,-,brown,brown,basic,Unisex,-,,-,-,ダウンベスト,chaleco amarillo,chaleco amarillo,gilet molletonné,gilet molletonné,Daunenweste,piumino smanicato,다운 베스트,1.0,2560,25AD,35E6,tops_down_vest,Yes,,,-,,,-
443,team NTDO tee,,T-Shirt,Able Sisters,-,Yes,320,-,80,64,4,3,-,-,-,black,red,sporty,Unisex,Manufactured,,-,-,はしがあかいふく,camiseta NTDO,camiseta NTDO,t-shirt équipe NTDO,t-shirt équipe NTDO,Rotsaumshirt,maglietta grigia,빨간 테두리 옷,1.0,2545,2592,35CB,tops_collage_red,Yes,,,-,,,team NTDO tee
444,three-ball tee,,T-Shirt,Able Sisters,-,Yes,340,-,85,68,4,3,-,-,-,red,red,sporty,Unisex,Manufactured,,-,-,3ばんだまのふく,camiseta bola 3,camiseta bola 3,t-shirt nº 3,t-shirt nº 3,3er-Shirt,maglietta palla 3,3번공 옷,1.0,244A,2497,34D0,tops_numball_3,Yes,,,-,,,three-ball tee
445,tiger jacket,,Shirt,GracieGrace,-,No,"5,000",-,"1,250",-,62,299,-,Harmonious,-,purple,colorful,rock 'n' roll,Male,Nature,,-,-,トラのスカジャン,cazadora tigre,cazadora tigre,veste tigre,veste tigre,Tigerjacke,giacca viola e oro,호랑이 점퍼,1.0,2555,25A2,35DB,tops_skajan_tiger,Yes,,,-,,,-
446,tiger tank,,Tank Top,GracieGrace,Summer,No,"5,800",-,"1,450",-,72,251,-,-,-,yellow,black,rock 'n' roll,Unisex,Animal,,-,-,とらじまのふくN,top tigre,top tigre,débardeur tigre,débardeur tigre,Tigertop,canotta tigre,호랑이무늬 옷 N,1.0,2600,264D,3686,tops_anml_tiger,Yes,,,-,,,-
447,tiger tee,,T-Shirt,GracieGrace,-,No,"6,400",-,"1,600",-,80,251,-,-,-,yellow,black,rock 'n' roll,Unisex,Animal,,-,-,とらじまのふく,camiseta tigre,camiseta tigre,t-shirt tigre,t-shirt tigre,Tigershirt,maglietta tigre,호랑이무늬 옷,1.0,24F2,253F,3578,tops_anml_tiger,Yes,,,-,,,-
448,tin shirt,,T-Shirt,Able Sisters,-,Yes,400,-,100,80,5,3,-,Quirky,-,gray,gray,flashy,Unisex,-,,-,-,ブリキのふく,camiseta hojalata,camiseta hojalata,t-shirt métal,t-shirt métal,Blechshirt,maglia tipo latta,강철 옷,1.0,252C,2579,35B2,tops_tin,No,,,tin shirt,,,-
449,toad shirt,,Shirt,Able Sisters,Fall,Yes,420,-,105,84,5,3,-,Rustic / Fairy Tale,-,red,white,cute,Unisex,Dotted,,-,-,きのこもようのふくL,jersey champiñón,jersey champiñón,pull Toad,pull Toad,Pilzpulli,maglia rossa a pois,버섯 모양 옷 L,1.0,25A9,25F6,362F,tops_polka_mush,No,,,Toad shirt,,,-
450,Toad tee,,T-Shirt,Able Sisters,Fall,Yes,340,-,85,68,4,3,-,Rustic,-,red,white,cute,Unisex,Dotted,,-,-,きのこもようのふく,camiseta champiñón,camiseta champiñón,t-shirt Toad,t-shirt Toad,Pilzshirt,maglietta rossa pois,버섯 모양 옷,1.0,2499,24E6,351F,tops_polka_mush,Yes,,,-,,,Toad tee
451,town-hall spring top,,T-Shirt,Isabelle's RV,-,No,-,-,200,-,10,300,-,-,-,green,green,official,Female,-,,-,-,やくばのなつふく,secretaria primavera,secretaria primavera,tenue mairie (été),tenue mairie (été),Rathaus-Sommeroutfit,abito municipio est.,마을사무소 하복,1.4,-,267C,36B5,tops_sza,Yes,,,-,,,-
452,town-hall winter top,,Shirt,Isabelle's RV,-,No,-,-,200,-,10,300,-,-,-,yellow,yellow,official,Female,-,,-,-,やくばのふゆふく,secretaria invierno,secretaria invierno,tenue mairie (hiver),tenue mairie (hiver),Rathaus-Winteroutfit,abito municipio inv.,마을사무소 동복,1.4,-,267D,36B6,tops_szb,Yes,,,-,,,-
453,tropical tank,,Tank Top,Able Sisters,Summer,Yes,280,-,70,56,3,3,-,Harmonious,-,purple,red,iconic,Female,Nature,,-,-,ポリネシアンなふくN,top tropical,top tropical,débardeur tropique,débardeur tropique,Tropik-Top,canotta tropicale,폴리네시안 옷 N,1.0,25F9,2646,367F,tops_polynesia,Yes,,,-,,,-
454,tropical tee,,T-Shirt,Able Sisters,Summer,Yes,370,-,92,73,4,3,-,Harmonious / Rustic,-,purple,red,iconic,Female,Nature,,-,-,ポリネシアンなふく,camiseta tropical,camiseta tropical,t-shirt tropique,t-shirt tropique,Tropik-Shirt,maglietta tropicale,폴리네시안 옷,1.0,250B,2558,3591,tops_polynesia,Yes,,,-,,,tropical tee
455,tulip tee,,T-Shirt,Able Sisters,Spring,Yes,280,-,70,56,3,3,-,Rustic,-,yellow,red,cute,Unisex,Manufactured,,-,-,チューリップのふく,camiseta tulipán,camiseta tulipán,t-shirt tulipe,t-shirt tulipe,Seerosenshirt,maglietta tulipano,튤립 옷,1.0,2453,24A0,34D9,tops_tulip,Yes,,,-,,,-
456,tuxedo,,Shirt,GracieGrace,-,No,"7,600",-,"1,900",-,95,251,dancer,-,-,black,black,official,Male,-,,-,-,タキシード,esmoquin,esmoquin,smoking,smoking,Smokingjackett,giacca smoking,턱시도,1.0,251C,2569,35A2,tops_tuxedo,No,,,tuxedo,,,tuxedo
457,twinkle tank,,Tank Top,Able Sisters,Summer,Yes,280,-,70,56,3,3,-,-,-,blue,white,flashy,Unisex,Nature,,-,-,トゥインクルなふくN,top brillos,top brillos,débardeur brillant,débardeur brillant,Sternchentop,canotta notte,반짝이는 옷 N,1.0,25EB,2638,3671,tops_twinkle,Yes,,,-,,,-
458,twinkle tee,,T-Shirt,Able Sisters,Summer,Yes,480,-,120,96,6,3,-,-,-,blue,white,flashy,Unisex,Nature,,-,-,トゥインクルなふく,camiseta brillos,camiseta brillos,t-shirt brillant,t-shirt brillant,Sternchenshirt,maglietta notte,반짝이는 옷,1.0,24DE,252B,3564,tops_twinkle,Yes,,,-,,,twinkle tee
459,two-ball tee,,T-Shirt,Able Sisters,-,Yes,340,-,85,68,4,3,-,-,-,blue,blue,sporty,Unisex,Manufactured,,-,-,2ばんだまのふく,camiseta bola 2,camiseta bola 2,t-shirt nº 2,t-shirt nº 2,2er-Shirt,maglietta palla 2,2번공 옷,1.0,2449,2496,34CF,tops_numball_2,Yes,,,-,,,two-ball tee
460,uncommon shirt,,Shirt,Able Sisters,Winter,Yes,360,-,90,72,4,3,-,-,-,brown,red,flashy,Unisex,Nature,,-,-,いかめしいニット,jersey original,jersey original,pull original,pull original,Ethnopulli,maglione insolito,위엄있는 니트,1.0,24C5,2512,354B,tops_knit_stately,No,,,uncommon shirt,,,uncommon shirt
461,U-R-here tee,,T-Shirt,Able Sisters,-,Yes,350,-,87,69,4,3,-,-,-,white,red,rock 'n' roll,Unisex,Manufactured,,-,-,やじるしのふく,camiseta flecha,camiseta flecha,t-shirt flèche,t-shirt flèche,Pfeilshirt,maglietta sei qui,화살표 옷,1.0,2456,24A3,34DC,tops_arrow,Yes,,,-,,,-
462,Varia Suit,,Shirt,Fortune,-,No,-,-,210,-,10,151,bounty hunter,Sci-Fi / Toy Shop,-,orange,orange,rock 'n' roll,Female,-,,-,-,バリアスーツ・ボディ,chaqueta climática,chaqueta climática,veste Varia,veste Varia,Varia-Jacke,maglia termotuta,배리어 슈트,1.0,2544,2591,35CA,tops_nin_samus,No,,,Varia suit,,,-
463,vegetarian shirt,,Shirt,Able Sisters,-,Yes,420,-,105,84,5,3,-,-,-,orange,green,basic,Unisex,V-Striped,,-,-,ベジタリアンなふくL,jersey campo,jersey campo,pull rayures blanc,pull rayures blanc,Streifenpulli,maglia vegetale,채식주의자 옷 L,1.0,25B9,2606,363F,tops_stripe_veg,No,,,vegetarian shirt,,,-
464,vegetarian tee,,T-Shirt,Able Sisters,-,Yes,280,-,70,56,3,3,-,-,-,orange,green,basic,Unisex,V-Striped,,-,-,ベジタリアンなふく,camiseta campo,camiseta campo,t-shirt ray. blanc,t-shirt ray. blanc,Streifenshirt,maglietta vegetale,채식주의자 옷,1.0,24A4,24F1,352A,tops_stripe_veg,Yes,,,-,,,vegetarian tee
465,vertigo shirt,,Shirt,Able Sisters,-,Yes,420,-,105,84,5,3,-,Harmonious,-,blue,white,historical,Unisex,Nature,,-,-,やがらのふくL,jersey vértigo,jersey vértigo,pull vertige,pull vertige,3D-Pulli,maglia vertigine,화살깃무늬 옷 L,1.0,25D0,261D,3656,tops_ptn_shaft,No,,,vertigo shirt,,,-
466,vertigo tee,,T-Shirt,Able Sisters,-,Yes,380,-,95,76,4,3,-,Harmonious,-,blue,white,historical,Unisex,Nature,,-,-,やがらのふく,camiseta vértigo,camiseta vértigo,t-shirt vertige,t-shirt vertige,3D-Shirt,maglietta vertigine,화살깃무늬 옷,1.0,24A9,24F6,352F,tops_ptn_shaft,Yes,,,-,,,-
467,waffle shirt,,Shirt,Able Sisters,Fall,Yes,420,-,105,84,5,3,-,-,-,red,green,iconic,Unisex,Plaid,,-,-,しぶいタータンのふくL,jersey escocés,jersey escocés,pull gaufre,pull gaufre,Waffelpulli,maglia tartan ocra,수수한 타탄 옷 L,1.0,25B8,2605,363E,tops_tartan_sibu,No,,,waffle shirt,,,waffle shirt
468,waffle tee,,T-Shirt,Able Sisters,Fall,Yes,430,-,107,85,5,3,-,-,-,red,green,iconic,Unisex,Plaid,,-,-,しぶいタータンのふく,camiseta escocesa,camiseta escocesa,t-shirt gaufre,t-shirt gaufre,Waffelshirt,magliet. tartan ocra,수수한 타탄 옷,1.0,24B4,2501,353A,tops_tartan_sibu,Yes,,,-,,,-
469,waistcoat,,Shirt,GracieGrace,-,No,"5,400",-,"1,350",-,67,299,-,-,-,gray,blue,official,Male,-,,-,-,ベストつきワイシャツ,chaleco fino,chaleco fino,gilet de smoking,gilet de smoking,Weste mit Hemd,gilet classico,베스트&와이셔츠,1.0,2574,25C1,35FA,tops_yshirt_gilet,Yes,,,-,,,waistcoat
470,watermelon shirt,,Tank Top,Able Sisters,Summer,Yes,280,-,70,56,3,3,watermelon,Rustic,-,red,red,cute,Unisex,Fruit,,-,-,すいかのふくN,top sandía,top sandía,débardeur pastèque,débardeur pastèque,Melonentop,canotta anguria,수박 옷 N,1.0,25DF,262C,3665,tops_frt_wtrmelon,No,,,watermelon shirt,,,-
471,watermelon tee,,T-Shirt,Able Sisters,Summer,Yes,640,-,160,128,8,3,watermelon,Rustic,-,red,red,cute,Unisex,Fruit,,-,-,すいかのふく,camiseta sandía,camiseta sandía,t-shirt pastèque,t-shirt pastèque,Melonenshirt,maglietta anguria,수박 옷,1.0,24FC,2549,3582,tops_frt_wtrmelon,Yes,,,-,,,watermelon tee
472,western shirt,,Shirt,Able Sisters,Winter,Yes,350,-,87,69,4,3,cowboy,-,-,brown,brown,iconic,Male,-,,-,-,ウェスタンなふく,jersey de vaquero,jersey de vaquero,pull western,pull western,Western-Hemd,maglia cowboy,웨스턴풍 옷,1.0,2510,255D,3596,tops_western,No,,,western shirt,,,western shirt
473,white tuxedo jacket,,Shirt,GracieGrace,-,No,"6,000",-,"1,500",-,75,299,-,Fairy Tale,-,white,white,official,Male,-,,-,-,しろいタキシード,esmoquin blanco,esmoquin blanco,veston blanc,veston blanc,Yachtjackett,giacca bianca,하얀 턱시도,1.0,256C,25B9,35F2,tops_tuxedo_wht,Yes,,,-,,,-
474,winter sweater,,Shirt,Able Sisters,Winter,Yes,290,-,72,57,3,3,-,-,-,white,purple,cute,Unisex,Nature,,-,-,ゆきぐになニット,jersey nórdico,jersey nórdico,pull hiver,pull hiver,Winterpulli,maglione invernale,설국 니트,1.0,24C2,250F,3548,tops_knit_winter,No,,,winter sweater,,,winter sweater
475,Wolf Link outfit,,Tank Top,W. Link's RV,-,No,-,-,200,-,10,300,-,Toy Shop,-,gray,black,iconic,Unisex,-,,-,-,ウルフなふく,top Link Lobo,top Link Lobo,tenue de Link loup,tenue de Link loup,Wolf-Link-Outfit,costume Link lupo,울프 링크 옷,1.4,-,266C,36A5,tops_nin_linkwolf,Yes,,,-,,,-
476,women's office suit,,Shirt,Able Sisters,-,Yes,640,-,160,128,8,3,-,-,-,black,white,official,Female,-,,-,-,OLのスーツ,saco oficinista,chaqueta oficinista,tailleur,tailleur,Büroblazer,giacca tailleur,여성 회사원 옷,1.4,-,265D,3696,tops_ol,Yes,,,-,,,-
477,women's recruit suit,,Shirt,Able Sisters,-,Yes,640,-,160,128,8,3,-,-,-,gray,gray,official,Female,-,,-,-,リクルートスーツレディス,saco pasante mujer,chaqueta becaria,costume recrue femme,costume recrue femme,AdsH-Neulings-Blazer,giacca novellina,여성용 리크루트 옷,1.4,-,265A,3693,tops_recruit_ladys,Yes,,,-,,,-
478,work shirt,,Shirt,Able Sisters,-,Yes,420,-,105,84,5,3,-,-,-,white,blue,official,Male,-,,-,-,ネクタイつきワイシャツ,camisa con corbata,camisa con corbata,chemise bureau,chemise bureau,Bürohemd,camicia da ufficio,넥타이&와이셔츠,1.0,255F,25AC,35E5,tops_yshirt_necktie,Yes,,,-,,,work shirt
479,wrap shirt,,Shirt,Able Sisters,-,Yes,320,-,80,64,4,3,-,Antique,-,white,beige,sporty,Male,-,,-,-,クロスたすきなふく,jersey bandoleras,jersey bandoleras,pull lancier,pull lancier,Bänderkittel,maglia a fasce,응원복,1.0,2523,2570,35A9,tops_cross,No,,,wrap shirt,,,-
480,wrestler tank,,Tank Top,Able Sisters,Summer,Yes,280,-,70,56,3,3,pro wrestler,-,-,red,yellow,sporty,Male,Manufactured,,-,-,プロレススーツ,top luchador,top luchador,débardeur catch,débardeur catch,Wrestlingtrikot,canotta wrestling,프로 레슬링 옷,1.0,2524,2571,35AA,tops_wrestler,Yes,,,-,,,wrestler tank
481,yellow aloha tee,,T-Shirt,Souvenir Shop,Summer,No,-,15,187,149,9,199,-,Rustic,-,yellow,green,cute,Female,Nature,,-,-,はながらのアロハ,camiseta manzanilla,camiseta manzanilla,t-shirt fleurs,t-shirt fleurs,Romantik-Shirt,maglia fiori gialli,꽃무늬 알로하셔츠,1.0,2583,25D0,3609,tops_flw_aloha,Yes,,,-,,,yellow aloha tee
482,yellow tartan shirt,,Shirt,Able Sisters,Spring,Yes,420,-,105,84,5,3,-,-,-,yellow,gray,cute,Unisex,Plaid,,-,-,きいろタータンのふくL,jersey tartán oro,jersey tartán oro,pull tartan jaune,pull tartan jaune,Kanarienpulli,maglia tartan oro,노란색 타탄 옷 L,1.0,25C8,2615,364E,tops_tartan_ylw,Yes,,,-,,,-
483,yellow tartan tee,,T-Shirt,Able Sisters,Spring,Yes,430,-,107,85,5,3,-,-,-,yellow,gray,cute,Unisex,Plaid,,-,-,きいろタータンのふく,camiseta tartán oro,camiseta tartán oro,t-shirt tartan jaune,t-shirt tartan jaune,Kanarienshirt,maglietta tartan oro,노란색 타탄 옷,1.0,2490,24DD,3516,tops_tartan_ylw,Yes,,,-,,,-
484,yellow-bar shirt,,Shirt,Able Sisters,-,Yes,420,-,105,84,5,3,-,-,-,yellow,white,basic,Unisex,H-Striped,,-,-,きいろボーダーのふくL,jersey toldo ocre,jersey toldo ocre,pull raies orange,pull raies orange,Aprikosenpulli,maglia bande gialle,노란색 줄무늬 옷 L,1.0,25C7,2614,364D,tops_border_ylw,Yes,,,-,,,yellow-bar shirt
485,yellow-bar tee,,T-Shirt,Able Sisters,-,Yes,320,-,80,64,4,3,-,-,-,yellow,white,basic,Unisex,H-Striped,,-,-,きいろボーダーのふく,camiseta toldo ocre,camiseta toldo ocre,t-shirt raies orange,t-shirt raies orange,Aprikosenshirt,magliet. bande gial.,노란색 줄무늬 옷,1.0,2487,24D4,350D,tops_border_ylw,Yes,,,-,,,yellow-bar tee
486,zebra tank,,Tank Top,GracieGrace,Summer,No,"5,800",-,"1,450",-,72,251,-,-,-,white,black,rock 'n' roll,Unisex,Animal,,-,-,ゼブラなふくN,top cebra,top cebra,débardeur zèbre,débardeur zèbre,Zebratop,canotta zebra,얼룩말무늬 옷 N,1.0,25FF,264C,3685,tops_anml_zebra,Yes,,,-,,,-
487,zebra tee,,T-Shirt,GracieGrace,-,No,"6,400",-,"1,600",-,80,251,-,-,-,white,black,rock 'n' roll,Unisex,Animal,,-,-,ゼブラなふく,camiseta cebra,camiseta cebra,t-shirt zèbre,t-shirt zèbre,Zebrashirt,maglietta zebra,얼룩말무늬 옷,1.0,24F1,253E,3577,tops_anml_zebra,Yes,,,-,,,-
488,zipper shirt,,Shirt,Able Sisters,-,Yes,320,-,80,64,4,3,-,-,-,black,white,rock 'n' roll,Male,Manufactured,,-,-,ジッパーのふく,jersey cremallera,jersey cremallera,pull zip,pull zip,Zipp-Jacke,maglia cerniera,지퍼 달린 옷,1.0,2515,2562,359B,tops_zipper,No,,,zipper shirt,,,zipper shirt
489,zipper tank,,Tank Top,Able Sisters,Summer,Yes,280,-,70,56,3,3,-,-,-,black,white,rock 'n' roll,Male,Manufactured,,-,-,ジッパーのふくN,top cremallera,top cremallera,débardeur zip,débardeur zip,Zipp-Top,canotta cerniera,지퍼 달린 옷 N,1.0,25E0,262D,3666,tops_zipper,Yes,,,-,,,-
-,patched shirt,,Shirt,Villagers,-,No,-,-,-400,-,-,51,-,Quirky,-,beige,aqua,historical,Unisex,-,,-,-,ボロいふく,jersey remiendos,jersey remiendos,pull rapiécé,pull rapiécé,Flickenpulli,maglia rattoppata,낡은 옷,1.0,2542,258F,35C8,tops_patched,No,,,patched shirt,,,-