#,Name,Name (Default Variant),Image,Icon,Source,Rarity Group,Reorderable,Buy Price (Bells),Buy Price (Medals),Sell Price (Re-Tail),Sell Price (Nooklings),Sell Price (Leila),Type,Size,Wall-Mounted,Surface,Placeable on Surfaces,Can Trash,Can Be Walked On,Interactivity,Animated,Sound,HHA Base Points,HHA Series,HHA Series Type,HHA Theme Challenge,Color 1,Color 2,When HHA Lucky,Fashion,Catalog Keyword,Consumable,Customizable,Customization Cost,Total Variant Count,Body Variant Count,Customizable Body Name,Pattern Variant Count,Customizable Pattern Name,Ore Variant Count,Customization Ores,Notes,Name (1.0),Name (English EU),Name (Japanese),Name (Spanish NA),Name (Spanish EU),Name (French NA),Name (French EU),Name (German),Name (Italian),Name (Korean),# (EN-EU),# (JP),# (ES-NA),# (ES-EU),# (FR-NA),# (FR-EU),# (GER),# (ITA),# (KOR),Version Added,Buy Price (Internal),Hex ID (1.0),Hex ID (1.4),Model Filename,New To Series,Name (GCN),Name (WW),Name (CF),Name (NH),Name (HHD),Name (PC)
0001,? Block,? Block,,,Fortune,-,No,-,-,210,-,-,Table,1x1,No,Yes,No,,,Press,-,Press,151,Mario,Theme,Toy Shop,orange,brown,-,cute,,No,No,-,1,1,-,1,-,-,-,,-,-,ハテナブロック,bloque ?,bloque ?,bloc?,bloc ?,?-Block,blocco ?,?블록,0001,1211,0205,0202,0152,0151,0001,0172,0001,1.0,840,2BE0,2C8A,int_smb_blocB,No,? block,? block,? block,? Block,? Block,? Block
0002,1-Up Mushroom,1-Up Mushroom,,,Fortune,-,No,-,-,210,-,-,-,1x1,No,No,Yes,,,Press,Press,Press,151,Mario,Theme,Toy Shop,orange,green,-,cute,,No,No,-,1,1,-,1,-,-,-,,-,-,1UPキノコ,champiñón vida extra,champiñón vida extra,champignon 1UP,champignon 1UP,1-Up-Pilz,fungo 1-Up,1UP버섯,0002,0003,0421,0419,0399,0398,0012,0493,0004,1.0,840,2BDF,2C89,int_smb_1up,No,-,1-Up mushroom,1-up mushroom,1-Up Mushroom,1-Up Mushroom,1-Up Mushroom
0003,2017 cake,2017 cake,,,DLC,-,No,-,-,"2,017",-,-,-,1x1,No,No,Yes,,,Toggle,Toggle,Press,151,-,-,Toy Shop,colorful,pink,-,iconic,,No,No,-,1,1,-,1,-,-,-,,-,-,ニューイヤーケーキ'17,tarta 2017,tarta 2017,gâteau 2017,gâteau 2017,2017-Kuchen,torta 2017,2017년 케이크,0003,1109,1594,1595,0719,0717,0013,1615,0006,1.4,8068,-,30B4,int_oth_cake_2017,Yes,-,-,-,-,-,-
0004,24-hour-shop ABD,24-hour-shop ABD,,,Nintendo Zone,-,No,-,-,711,568,-,-,1x1,No,No,No,,,-,-,-,300,-,-,-,red,white,-,modern,,No,No,-,1,1,-,1,-,-,-,,-,in-store Bellpoint,コンビニのATM,bayero súper,bayero súper,DAC d'épicerie,DAC d'épicerie,Geldautomat,bancomat,편의점 ATM,0719,0612,0178,0175,0559,0558,0466,0133,1523,1.0,2844,2E20,2ECA,int_cvn_ATM,Yes,-,-,-,-,24-hour-shop ABD,-
0005,24-hour-shop banner,24-hour-shop banner,,,Filly's RV,-,No,-,-,711,568,-,-,1x1,No,No,No,,,-,-,-,300,-,-,Toy Shop,yellow,red,-,modern,,No,No,-,1,1,-,1,-,-,-,,-,-,セブンイレブンののぼり,banderola súper,banderola súper,drapeau d'épicerie,drapeau d'épicerie,Supermarktbanner,bandiera supermarket,어느 편의점 깃발,0004,0835,0152,0149,0580,0579,1493,0140,0976,1.4,2844,-,302B,int_cvn_flag,No,-,-,-,-,24-hour-shop banner,-
0006,24-hour-shop counter,24-hour-shop counter,,,Nintendo Zone,-,No,-,-,711,568,-,-,2x1,No,No,No,,,,,,300,-,-,-,white,brown,-,modern,,No,No,-,1,1,-,1,-,-,-,,-,-,コンビニのレジカウンター,caja súper,caja súper,caisse d'épicerie,caisse d'épicerie,Supermarktkasse,cassa supermarket,편의점 계산대,0005,0617,0287,0285,0266,0264,1494,0266,1525,1.0,2844,2E24,2ECE,int_cvn_counter,Yes,-,-,-,-,24-hour-shop counter,-
0007,24-hour-shop model,24-hour-shop model,,,Nintendo Zone,-,No,-,-,711,568,-,Model,1x1,No,No,Yes,,,-,-,-,300,-,-,Toy Shop,brown,colorful,-,basic,,No,No,-,1,1,-,1,-,-,-,,-,-,セブンイレブンのもけい,maqueta súper,maqueta súper,maquette d'épicerie,maquette d'épicerie,Supermarktmodell,modello supermarket,어느 편의점 모형,0006,0836,0906,0903,1048,1047,1495,0812,0977,1.0,2844,2E1F,2EC9,int_cvn_model,Yes,-,-,-,-,24-hour-shop model,-
0008,24-hour-shop sign,24-hour-shop sign,,,Nintendo Zone,-,No,-,-,711,568,-,-,1x1,No,No,No,,,Toggle,Toggle,Press,300,-,-,-,colorful,gray,-,modern,,No,No,-,1,1,-,1,-,-,-,,-,-,コンビニのかんばん,cartel súper,cartel súper,enseigne d'épicerie,enseigne d'épicerie,Supermarktschild,cartello supermarket,편의점 간판,0007,0615,0398,0396,0593,0591,1496,0257,1524,1.0,2844,2E23,2ECD,int_cvn_sign,Yes,-,-,-,-,24-hour-shop sign,-
0009,24-hour-shop clock,24-hour-shop clock,,,Filly's RV,-,No,-,-,"3,000","2,400",-,Clock,1x1,Yes,No,No,,,-,Periodically,Always,300,-,-,Toy Shop,white,orange,-,official,,No,No,-,1,1,-,1,-,-,-,,-,-,セブンイレブンのとけい,reloj súper,reloj súper,horloge 7-Eleven,horloge 7-Eleven,Supermarktuhr,orologio 7-Eleven,어느 편의점 시계,0008,0834,1343,1343,0775,0773,1497,0856,0978,1.4,12000,-,3099,int_cvn_clock,Yes,-,-,-,-,-,-
0010,ABD,ABD,,,Post Office,-,No,-,-,250,200,-,-,1x1,No,No,No,,,-,-,-,500,-,-,-,gray,gray,-,basic,,No,No,-,1,1,-,1,-,-,-,,-,Bellpoint,ATM,bayero,bayero,DAC,DAC,Bankautomat,Stellomat,ATM,0113,0017,0177,0174,0558,0557,0121,1408,0021,1.0,1000,2BFA,2CA4,int_oth_ATM,No,-,-,ABD,ABD,ABD,-
0011,accordion screen,accordion screen,,,Resetti's RV,-,No,-,-,700,560,-,-,2x1,No,No,No,,,,,,151,-,-,-,beige,gray,-,modern,,No,No,-,1,1,-,1,-,-,-,,-,-,アコーディオンスクリーン,biombo acordeón,mampara acordeón,paravent accordéon,paravent accordéon,Papiertrennwand,separé fisarmonica,아코디언 스크린,0009,0080,0189,0887,1181,1179,1064,1269,0951,1.4,2800,-,2F1E,int_oth_accordionscreen,No,-,-,-,-,accordion screen,accordion screen
0012,afternoon-tea set,afternoon-tea set,,,Nintendo Zone,-,No,-,-,670,536,-,-,1x1,No,No,Yes,,,-,-,-,300,-,-,Fairy Tale,colorful,white,-,iconic,,No,No,-,1,1,-,1,-,-,-,,-,-,アフタヌーンティーセット,lote merienda,lote merienda,présentoir à gâteaux,présentoir à gâteaux,Kuchentablett,set da merenda,애프터눈 티 세트,0010,0101,0871,0867,1322,1320,0802,1287,0959,1.0,2680,2C3D,2CE7,int_oth_afternoon,Yes,-,-,-,afternoon-tea set,afternoon-tea set,afternoon-tea set
0013,air conditioner,air conditioner,,,Nooklings,-,Yes,"2,500",-,625,500,-,-,2x1,Yes,No,No,,,,,,151,-,-,Sci-Fi,-,-,-,basic,,No,No,-,1,1,-,1,-,-,-,,-,-,エアコン,aire acondicionado,aire acondicionado,climatiseur,climatiseur,Klimaanlage,condizionatore aria,에어컨,0011,0169,0008,0007,0433,0432,0759,0360,0986,1.0,2500,2C2C,2CD6,int_oth_cooler,Yes,-,-,-,air conditioner,air conditioner,-
0014,air pump,air pump,,,Campground Shop,-,No,-,-,300,240,-,-,1x1,No,No,No,,,-,-,-,151,-,-,-,yellow,black,-,sporty,,No,No,-,1,1,-,1,-,-,-,,-,-,くうきいれ,bomba de aire,bomba de aire,pompe à vélo,pompe à vélo,Luftpumpe,pompa per bicicletta,공기 주입기,0012,0468,0219,0217,1279,1277,0871,1019,0107,1.4,1200,-,2EFE,int_oth_bicyclepump,No,-,-,-,-,air pump,air pump
0015,air purifier,air purifier,,,Campground Shop,-,No,-,-,300,240,-,-,1x1,No,Yes,No,,,Toggle,Toggle,Toggle,151,-,-,-,white,gray,-,modern,,No,No,-,1,1,-,1,-,-,-,,-,-,しつがいき,aire acond. exterior,aire acond. exterior,ventilation,ventilation,Luftreiniger,purificatore d'aria,에어컨 실외기,0013,0659,0007,0006,1708,1708,0872,1052,0987,1.4,1200,-,2EE3,int_oth_shitsugaiki,No,,,,outdoor air conditioner,air purifier,-
0016,alarm clock,alarm clock (Bronze),,,Nooklings,B,Yes,"1,000",-,250,200,-,Clock,1x1,No,No,Yes,,,-,Periodically,Always,151,-,-,-,beige,beige,-,basic,,No,Yes,100,4,4,the coloring,1,-,-,-,,-,-,めざましどけい,despertador,despertador,réveil,réveil,Wecker,sveglia,자명종 시계,0014,1554,0534,0531,1363,1361,1667,1428,1130,1.0,1000,2BAE,2C58,rmk_oth_clockN_alarm,No,,,,old-fashioned alarm clock,alarm clock,alarm clock
0017,aloe,aloe,,,Garden Shop,-,Yes,"1,200",-,300,240,-,Plant,1x1,No,No,No,,,-,-,-,199,house plant,Set,Rustic,green,brown,-,basic,,No,No,-,1,1,-,1,-,-,-,,-,-,アロエ,aloe,aloe,aloès,aloès,Aloe Vera,aloe,알로에,0015,0112,0018,0017,0009,0009,0037,0012,0955,1.0,1200,2B32,2BDC,int_plt_aloe,No,,,,,aloe,aloe
0018,alpine bed,alpine bed (Natural - Nature),,,Nooklings,D,Yes,"2,400",-,600,480,-,Bed,2x1,No,No,No,,,Sleep,-,Sleep,151,alpine,Series,Rustic,brown,gray,-,iconic,,No,Yes,240,24,3,the wood-grain color,8,the fabric,-,-,,-,-,スカンジナビアなベッド,cama nórdica,cama nórdica,lit nordique,lit nordique,Nordbett,letto nordico,스칸디나비아 침대,0016,0771,0334,0332,0985,0983,1007,0694,0821,1.0,2400,2D3A,2DE4,rmk_scd_bedS,Yes,,,,,alpine bed,alpine bed
0019,alpine chair,alpine chair (Natural - Nature),,,Nooklings,D,Yes,"2,000",-,500,400,-,Seat,1x1,No,No,No,,,Sit,-,Sit,151,alpine,Series,Rustic,brown,gray,-,iconic,,No,Yes,200,24,3,the wood-grain color,8,the fabric,-,-,,-,-,スカンジナビアなチェア,silla nórdica,silla nórdica,chaise nordique,chaise nordique,Nordstuhl,sedia nordica,스칸디나비아 체어,0017,0768,1456,1456,0378,0377,1017,1232,0820,1.0,2000,2D3C,2DE6,rmk_scd_chairS,Yes,,,,,alpine chair,-
0020,alpine closet,alpine closet (Natural - Nature),,,Nooklings,D,Yes,"2,380",-,595,476,-,Closet,1x1,No,No,No,,,Storage,Press,Press,151,alpine,Series,Rustic,brown,gray,-,iconic,,No,Yes,238,24,3,the wood-grain color,8,the fabric,-,-,,-,-,スカンジナビアクロゼット,armario nórdico,armario nórdico,armoire nordique,armoire nordique,Nordschrank,armadio nordico,스칸디나비아 옷장,0018,0763,0080,0080,0049,0049,1014,0073,0818,1.0,2380,2D3E,2DE8,rmk_scd_chestC,Yes,,,,,alpine closet,-
0021,alpine dresser,alpine dresser (Natural - Nature),,,Nooklings,D,Yes,"2,200",-,550,440,-,Dresser,2x1,No,No,No,,,Storage,Press,Press,151,alpine,Series,Rustic,brown,gray,-,iconic,,No,Yes,220,24,3,the wood-grain color,8,the fabric,-,-,,-,-,スカンジナビアなチェスト,cómoda nórdica,cómoda nórdica,commode nordique,commode nordique,Nordkommode,comò nordico,스칸디나비아 수납장,0019,0769,0486,0484,0495,0494,1010,0341,0817,1.0,2200,2D3D,2DE7,rmk_scd_chestA,Yes,,,,,alpine dresser,-
0022,alpine kitchen cart,alpine kitchen cart (Natural - Nature),,,Nooklings,D,Yes,"1,960",-,490,392,-,-,1x1,No,No,No,,,-,-,-,151,alpine,Series,Rustic,brown,gray,-,iconic,,No,Yes,196,24,3,the wood-grain color,8,the fabric,-,-,,-,-,スカンジナビアなワゴン,carrito nórdico,carrito nórdico,desserte nordique,desserte nordique,Nordwägelchen,carrello nordico,스칸디나비아 왜건,0020,0773,0385,0385,0563,0562,1018,0248,0819,1.0,1960,2D44,2DEE,rmk_scd_wagon,Yes,,,,,alpine kitchen cart,-
0023,alpine lamp,alpine lamp (Natural - Nature),,,Nooklings,D,Yes,"2,000",-,500,400,-,Light,1x1,No,No,No,,,Toggle,Light,Press,151,alpine,Series,Rustic,brown,gray,-,iconic,,No,Yes,200,24,3,the wood-grain color,8,the fabric,-,-,,-,-,スカンジナビアなランプ,lámpara nórdica,lámpara nórdica,lampe nordique,lampe nordique,Nordlampe,lampada nordica,스칸디나비아 램프,0021,0772,0805,0805,0905,0903,1011,0604,0814,1.0,2000,2D3F,2DE9,rmk_scd_lamp,Yes,,,,,alpine lamp,alpine lamp
0024,alpine low table,alpine low table (Natural - Nature),,,Nooklings,D,Yes,"2,000",-,500,400,-,Table,2x1,No,Yes,No,,,,,,151,alpine,Series,Rustic,brown,gray,-,iconic,,No,Yes,200,24,3,the wood-grain color,8,the fabric,-,-,,-,-,スカンジナビアテーブルM,mesita nórdica,mesita nórdica,table basse nordique,table basse nordique,Nord-Sofatisch,tavolino nordico,스칸디나비아 테이블 M,0022,0765,1051,1050,1487,1487,1016,1474,0823,1.0,2000,2D43,2DED,rmk_scd_tableM,Yes,,,,,alpine low table,alpine low table
0025,alpine panel,alpine panel (Nature),,,Nooklings,-,Yes,"1,800",-,450,360,-,-,1x1,Yes,No,No,,,-,-,-,151,alpine,Series,Rustic,brown,gray,-,iconic,,No,Yes,180,8,1,-,8,the fabric,-,-,,-,-,スカンジナビアなパネル,panel nórdico,panel nórdico,tableau nordique,tableau nordique,Nordfliese,piastrella nordica,스칸디나비아 패널,0023,0770,1162,1165,1579,1579,1009,0969,0824,1.0,1800,2D40,2DEA,rmk_scd_panel,Yes,,,,,alpine panel,-
0026,alpine shelf,alpine shelf (Natural - Nature),,,Nooklings,D,Yes,"2,100",-,525,420,-,-,1x1,No,No,No,,,-,-,-,151,alpine,Series,Rustic,brown,gray,-,iconic,,No,Yes,210,24,3,the wood-grain color,8,the fabric,-,-,,-,-,スカンジナビアなたな,aparador nórdico,aparador nórdico,étagère nordique,étagère nordique,Nordregal,credenza nordica,스칸디나비아 선반,0024,0767,0030,0030,0636,0633,1013,0384,0815,1.0,2100,2D41,2DEB,rmk_scd_shelf,Yes,,,,,alpine shelf,-
0027,alpine sofa,alpine sofa (Natural - Nature),,,Nooklings,D,Yes,"2,360",-,590,472,-,Seat,2x1,No,No,No,,,Sit,-,Sit,151,alpine,Series,Rustic,brown,gray,-,iconic,,No,Yes,236,24,3,the wood-grain color,8,the fabric,-,-,,-,-,スカンジナビアなソファ,sofá nórdico,sofá nórdico,canapé nordique,canapé nordique,Nordsofa,sofà nordico,스칸디나비아 소파,0025,0766,1512,1512,0297,0295,1015,1358,0816,1.0,2360,2D3B,2DE5,rmk_scd_chairL,Yes,,,,,alpine sofa,alpine sofa
0028,alto saxophone,alto saxophone,,,Weber's RV,-,No,-,-,600,480,-,Instrument,1x1,No,No,No,,,Press,-,Press,151,-,-,-,yellow,yellow,-,iconic,,No,No,-,1,1,-,1,-,-,-,,-,-,アルトサックス,saxofón,saxofón,saxophone alto,saxophone alto,Saxofon,sax contralto,알토 색소폰,0026,0109,1389,1388,1389,1387,1289,1115,0957,1.4,2400,-,2F86,int_oth_altosax,No,,,,alto saxophone,alto saxophone,-
0029,aluminum briefcase,aluminum briefcase,,,Post Office,-,No,-,-,300,240,-,-,1x1,No,No,Yes,,,Toggle,Toggle,Press,500,-,-,Trendy / Sci-Fi,gray,gray,-,modern,,No,No,-,1,1,-,1,-,-,-,,-,-,ジュラルミンケース,maletín de aluminio,maletín de aluminio,mallette aluminium,mallette aluminium,Alukoffer,valigetta di metallo,듀랄루민 케이스,0027,0705,0887,0883,1037,1035,0038,1683,0335,1.0,1200,2BFB,2CA5,int_oth_duralumin,Yes,,,,aluminum briefcase,aluminum briefcase,-
0030,amazing machine,amazing machine,,,Nooklings,A,Yes,"3,600",-,900,720,-,-,2x1,No,No,No,,,,,,151,mad scientist,Theme,Sci-Fi / Quirky,black,black,-,flashy,,No,No,-,1,1,-,1,-,-,-,,-,-,すごそうなキカイ,psicomáquina,psicomáquina,machine extra,machine extra,Elektromaschine,macchina strana,대단해 보이는 기계,0028,0779,1254,1257,1032,1030,0350,0744,0284,1.0,3600,2A9B,2B45,int_mad_mekaB,No,,,,amazing machine,amazing machine,-
0031,amiibo shelf,amiibo shelf,,,Desert Island Escape,-,No,-,-,700,-,-,-,1x1,No,No,No,,,-,Always,-,551,-,-,Toy Shop,white,colorful,-,modern,,No,No,-,1,1,-,1,-,-,-,,-,-,amiiboのたな,estante amiibo,estante amiibo,rayon amiibo,rayon amiibo,amiibo-Regal,scaffale amiibo,amiibo 장식장,0029,0016,0578,0576,1348,1346,0039,1120,0020,1.4,2800,-,301B,int_gms_shelf_a,No,,,,,amiibo shelf,-
0032,amp,amp,,,Nooklings,C,Yes,"2,400",-,600,480,-,-,1x1,No,No,No,,,-,-,-,151,-,-,Sci-Fi,black,black,-,rock 'n' roll,,No,No,-,1,1,-,1,-,-,-,,-,-,アンプ,amplificador,amplificador,ampli,ampli,Verstärker,amplificatore,앰프,0030,0117,0022,0022,0010,0010,1615,0016,0962,1.0,2400,2CA3,2D4D,int_oth_amp,Yes,,,,amp,amp,amp
0033,anatomical model,anatomical model,,,Nooklings,C,Yes,"3,360",-,840,672,-,Model,1x1,No,No,No,,,-,-,-,151,classroom,Set,Sci-Fi / Quirky,colorful,colorful,-,flashy,,No,No,-,1,1,-,1,-,-,-,,-,-,じんたいもけい,modelo anatómico,modelo anatómico,modèle musculaire,modèle musculaire,Anatomiemodell,modellino anatomico,인체 모형,0031,0737,1081,1080,1102,1100,0042,0800,1111,1.0,3360,2ABD,2B67,int_sch_manikin_normal,No,,,,anatomical model,anatomical model,-
0034,anchor,anchor,,,Pascal,-,No,-,-,475,380,-,-,2x2,No,No,No,,,,,,351,pirate ship,Theme,Toy Shop,black,brown,-,historical,,No,No,-,1,1,-,1,-,-,-,,-,-,いかり,ancla,ancla,ancre,ancre,Anker,ancora,닻,0032,0123,0024,0024,0011,0011,0043,0020,0279,1.0,1900,2AA2,2B4C,int_pir_ancho,No,,,,-,anchor,anchor
0035,antique clock,antique clock,,,Nooklings,A,Yes,"2,350",-,587,469,-,Clock,1x1,No,No,No,,,-,Always,Always,151,-,-,Antique,brown,brown,-,historical,,No,No,-,1,1,-,1,-,-,-,,-,-,アンティークなとけい,reloj antiguo,reloj antiguo,horloge ancienne,horloge ancienne,Antikstanduhr,vecchio orologio,앤티크 시계,0033,0115,1288,1288,0778,0776,0046,1710,0961,1.0,2350,2BA9,2C53,int_oth_clockP_antique,No,,,,antique clock,antique clock,antique clock
0036,antique shelf,antique shelf,,,Reese's RV,-,No,-,-,300,240,-,-,1x1,Yes,No,No,,,-,-,-,151,-,-,Antique,brown,colorful,-,historical,,No,No,-,1,1,-,1,-,-,-,,-,-,アンティークなかざりだな,estantería antigua,estantería antigua,étagère à bibelots,étagère à bibelots,Holzregal,scaffale antico,앤티크 쉘프,0034,0114,0585,0583,0614,0611,0615,1121,0960,1.4,1200,-,2EFC,int_oth_antiqueshelf,No,,,,,antique shelf,-
0037,Aquarius urn,Aquarius urn,,,DLC,-,Yes,"4,800",-,"1,200",960,-,-,1x1,No,No,No,,,-,Always,-,300,-,-,-,aqua,aqua,-,cute,,No,No,-,1,1,-,1,-,-,-,,-,-,アクエリアスのみずがめ,vasija Acuario,vasija Acuario,vase Verseau,vase Verseau,Wassermann-Krug,urna Acquario,물병자리 항아리,0035,0079,1719,1717,1699,1699,1662,1681,0524,1.0,4800,2E0D,2EB7,int_sgn_Aquarius,Yes,,,,Aquarius urn,Aquarius urn,Aquarius urn
0038,Arc de Triomphe,Arc de Triomphe,,,Spotlight,-,Yes,"9,200",-,"2,300","1,840",-,Model,1x1,No,No,No,,,-,-,-,351,-,-,Toy Shop,gray,gray,-,iconic,,No,No,-,1,1,-,1,-,-,-,,-,-,がいせんもん,Arco de Triunfo,Arco de Triunfo,Arc de Triomphe,Arc de Triomphe,Triumphbogen,arco di trionfo,개선문,0036,0300,0045,0045,0021,0021,1586,0039,0079,1.0,9200,2B64,2C0E,int_jhn_gate,No,,,,,Arc de Triomphe,-
0039,arcade machine,arcade machine,,,Nooklings,B,Yes,"4,400",-,"1,100",880,-,-,1x1,No,No,No,,,Toggle,Always,Toggle,151,-,-,Toy Shop,white,colorful,-,rock 'n' roll,,No,No,-,1,1,-,1,-,-,-,,-,-,アップライトゲームき,máquina recreativa,máquina recreativa,borne d'arcade,borne d'arcade,Arcade-Spiel,videogioco,오락실 오락기,0037,0097,0922,0919,0188,0186,0054,1726,1012,1.0,4400,2B5F,2C09,int_oth_upright,No,,,,arcade combat game,arcade machine,-
0040,Aries rocking chair,Aries rocking chair,,,DLC,-,Yes,"4,800",-,"1,200",960,-,-,1x1,No,No,No,,,Press,Press,Press,300,-,-,-,beige,beige,-,cute,,No,No,-,1,1,-,1,-,-,-,,-,-,アリエスのもくば,mecedora Aries,mecedora Aries,Bélier à bascule,Bélier à bascule,Schaukelwidder,Ariete a dondolo,양자리 목마,0038,0107,0935,0932,0140,0139,1307,0042,0972,1.0,4800,2E03,2EAD,int_sgn_Aries,Yes,,,,Aries rocking chair,Aries rocking chair,-
0041,aroma pot,aroma pot (Brown),,,Nooklings,D,Yes,"1,200",-,300,240,-,-,1x1,No,No,Yes,,,-,-,-,151,-,-,Trendy,gray,gray,-,cute,,No,Yes,120,4,4,the pot color,1,-,-,-,,-,-,アロマポット,quemador de esencias,quemador de esencias,brûle-parfum,brûle-parfum,Duftlampe,brucia essenze,아로마 포트,0039,0113,1263,1266,0214,0212,0292,0199,0917,1.0,1200,2C81,2D2B,rmk_oth_aroma,Yes,,,,aroma pot,aroma pot,aroma pot
0042,arrow sign,arrow sign (Right),,,Museum Shop,-,Yes,"3,500",-,875,700,-,-,1x1,No,No,No,,,-,-,-,199,museum,Set,Trendy,blue,white,-,official,,No,Yes,350,2,2,the arrow direction,1,-,-,-,,-,-,じゅんろ,señal sentido único,señal sentido único,panneau fléché,panneau fléché,Wegweiser,segnale direzione,동선 표지판,0040,0707,1393,1392,1173,1171,1669,1255,0312,1.0,3500,2C25,2CCF,rmk_mse_route,Yes,,,,,arrow sign,-
0043,Arwing,Arwing,,,Fortune,-,No,-,-,210,-,-,-,2x2,No,No,No,,,,,,151,Nintendo,Set,Sci-Fi / Toy Shop,gray,blue,-,modern,,No,No,-,1,1,-,1,-,-,-,,-,-,アーウィン,Arwing,Arwing,Arwing,Arwing,Arwing,Arwing,아윙,0041,0042,0096,0096,0067,0067,0056,0093,0930,1.0,840,2BEB,2C95,int_nin_arwing,No,,,,-,Arwing,-
0044,asteroid,asteroid,,,Nooklings,A,Yes,"1,800",-,450,360,-,-,1x1,No,No,No,,,-,Always,-,151,space,Theme,Sci-Fi / Toy Shop,gray,brown,-,flashy,,No,No,-,1,1,-,1,-,-,-,,-,-,いんせき,asteroide,asteroide,astéroïde,astéroïde,Sternensplitter,asteroide,운석,0042,0138,0106,0106,0073,0073,1468,0101,1059,1.0,1800,2A5D,2B07,int_uvs_meteo,No,,,,asteroid,asteroid,asteroid
0045,astro bed,astro bed (Orange and white),,,Nooklings,A,Yes,"3,200",-,800,640,-,Bed,2x1,No,No,No,,,Sleep,-,Sleep,151,astro,Series,Trendy / Sci-Fi,orange,white,-,flashy,,No,Yes,320,3,3,the body color,1,-,-,-,,-,-,きんみらいなベッド,cama futurista,cama futurista,lit astro,lit astro,Astrobett,letto futuro,미래형 침대,0043,0464,0317,0315,0953,0951,0063,0682,0544,1.0,3200,2D46,2DF0,rmk_fut_bedS,Yes,,,,,astro bed,-
0046,astro CD player,astro CD player (Orange and white),,,Nooklings,A,Yes,"3,600",-,900,720,-,Music Player,1x1,No,No,No,,,Music player,,Music,151,astro,Series,Trendy / Sci-Fi,orange,white,-,flashy,,No,Yes,360,3,3,the body color,1,-,-,-,,-,-,きんみらいなオーディオ,cadena futurista,cadena futurista,lecteur CD astro,lecteur CD astro,Astro-Anlage,stereo futuro,미래형 오디오,0044,0456,0262,0260,0944,0942,0062,1415,0541,1.0,3600,2D45,2DEF,rmk_fut_audioM,Yes,,,,,astro CD player,-
0047,astro chair,astro chair (Orange and white),,,Nooklings,A,Yes,"2,800",-,700,560,-,Seat,1x1,No,No,No,,,Sit,-,Sit,151,astro,Series,Trendy / Sci-Fi,orange,white,-,flashy,,No,Yes,280,3,3,the body color,1,-,-,-,,-,-,きんみらいなイス,silla futurista,silla futurista,fauteuil astro,fauteuil astro,Astrostuhl,sedia futuro,미래형 의자,0045,0455,1440,1440,0656,0654,0070,1214,0543,1.0,2800,2D48,2DF2,rmk_fut_chairS,Yes,,,,,astro chair,-
0048,astro clock,astro clock (Orange and white),,,Nooklings,-,Yes,"2,980",-,745,596,-,Clock,2x1,Yes,No,No,,,,,,151,astro,Series,Trendy / Sci-Fi,orange,white,-,flashy,,No,Yes,298,3,3,the body color,1,-,-,-,,-,-,きんみらいなとけい,reloj futurista,reloj futurista,horloge astro,horloge astro,Astrouhr,orologio futuro,미래형 시계,0046,0463,1310,1310,0781,0779,0072,0873,0540,1.0,2980,2D4B,2DF5,rmk_fut_clockD,Yes,,,,,astro clock,-
0049,astro closet,astro closet (Orange and white),,,Nooklings,A,Yes,"3,480",-,870,696,-,Closet,1x1,No,No,No,,,Storage,Press,Press,151,astro,Series,Trendy / Sci-Fi,orange,white,-,flashy,,No,Yes,348,3,3,the body color,1,-,-,-,,-,-,きんみらいなクロゼット,armario futurista,armario futurista,armoire astro,armoire astro,Astroschrank,armadio futuro,미래형 옷장,0047,0457,0065,0065,0028,0028,0068,0064,0542,1.0,3480,2D4A,2DF4,rmk_fut_chestF,Yes,,,,,astro closet,-
0050,astro dresser,astro dresser (Orange and white),,,Nooklings,A,Yes,"3,400",-,850,680,-,Dresser,2x1,No,No,No,,,Storage,Press,Press,151,astro,Series,Trendy / Sci-Fi,orange,white,-,flashy,,No,Yes,340,3,3,the body color,1,-,-,-,,-,-,きんみらいなタンス,cómoda futurista,cómoda futurista,commode astro,commode astro,Astrokommode,comò futuro,미래형 서랍장,0048,0460,0472,0470,0473,0472,0065,0331,0537,1.0,3400,2D49,2DF3,rmk_fut_chestA,Yes,,,,,astro dresser,-
0051,astro lamp,astro lamp (Orange and white),,,Nooklings,A,Yes,"2,680",-,670,536,-,Light,1x1,No,No,No,,,Toggle,Light,Press,151,astro,Series,Trendy / Sci-Fi,white,orange,-,flashy,,No,Yes,268,3,3,the body color,1,-,-,-,,-,-,きんみらいなランプ,lámpara futurista,lámpara futurista,lampe astro,lampe astro,Astrolampe,lampada futuro,미래형 램프,0049,0465,0786,0786,0870,0868,0066,0591,0536,1.0,2680,2D4F,2DF9,rmk_fut_lamp,Yes,,,,,astro lamp,-
0052,astro shelf,astro shelf (Orange and white),,,Nooklings,A,Yes,"2,800",-,700,560,-,-,1x1,No,No,No,,,-,-,-,151,astro,Series,Trendy / Sci-Fi,orange,white,-,flashy,,No,Yes,280,3,3,the body color,1,-,-,-,,-,-,きんみらいなシェルフ,estantería futurista,estantería futurista,étagère astro,étagère astro,Astroregal,scaffale futuro,미래형 쉘프,0050,0458,0590,0588,0618,0615,0067,1125,0539,1.0,2800,2D4E,2DF8,rmk_fut_shelf,Yes,,,,,astro shelf,-
0053,astro sofa,astro sofa (Orange and white),,,Nooklings,A,Yes,"3,280",-,820,656,-,Seat,2x1,No,No,No,,,Sit,-,Sit,151,astro,Series,Trendy / Sci-Fi,orange,white,-,flashy,,No,Yes,328,3,3,the body color,1,-,-,-,,-,-,きんみらいなソファ,sofá futurista,sofá futurista,canapé astro,canapé astro,Astrosofa,sofà futuro,미래형 소파,0051,0459,1504,1503,0275,0273,0069,1347,0538,1.0,3280,2D47,2DF1,rmk_fut_chairL,Yes,,,,,astro sofa,-
0054,astro table,astro table (Orange and white),,,Nooklings,A,Yes,"3,000",-,750,600,-,Table,2x1,No,Yes,No,,,,,,151,astro,Series,Trendy / Sci-Fi,orange,white,-,flashy,,No,Yes,300,3,3,the body color,1,-,-,-,,-,-,きんみらいなテーブル,mesa futurista,mesa futurista,table astro,table astro,Astrotisch,tavolo futuro,미래형 테이블,0052,0461,0988,0988,1476,1476,0071,1518,0545,1.0,3000,2D4C,2DF6,rmk_fut_tableM,Yes,,,,,astro table,-
0055,astro TV,astro TV (Orange and white),,,Nooklings,A,Yes,"3,200",-,800,640,-,-,2x1,No,No,Yes,,,,,,151,astro,Series,Trendy / Sci-Fi,orange,white,-,flashy,,No,Yes,320,3,3,the body color,1,-,-,-,,-,-,きんみらいなテレビ,tele futurista,tele futurista,télé astro,télé astro,Astrofernseher,TV futuro,미래형 TV,0053,0462,1609,1608,1616,1616,0064,1661,0535,1.0,3200,2D4D,2DF7,rmk_fut_tv,Yes,,,,,astro TV,-
0056,aurora screen,aurora screen,,,DLC,-,Yes,"4,080",-,"1,020",816,-,-,2x1,No,No,No,,,,,,300,-,-,Sci-Fi,colorful,black,-,basic,,No,No,-,1,1,-,1,-,-,-,,-,-,オーロラスクリーン,biombo aurora,biombo aurora,paravent aurore,paravent aurore,Nordlicht-Raumteiler,separé aurora,오로라 파티션,0054,0214,0191,0188,1183,1181,1012,1263,1015,1.0,4080,2E10,2EBA,int_mon_02,Yes,,,,,aurora screen,aurora screen
0057,autograph cards,autograph cards (Musician's autograph),,,Campground Shop,-,No,-,-,450,360,-,-,2x1,Yes,No,No,,,,,,151,-,-,-,white,white,-,modern,,No,Yes,180,2,1,-,2,the signer,-,-,,-,-,しきし,set de autógrafos,set de autógrafos,série d'autographes,série d'autographes,Kalligrafie-Deko,set calligrafie,두꺼운 종이,0055,0653,1398,1397,1402,1400,0663,1281,0323,1.4,1800,-,2FED,rmk_oth_shikishi_wall,Yes,,,,autograph cards,,-
0058,automatic washer,automatic washer,,,Nooklings,B,Yes,"4,800",-,"1,200",960,-,-,1x1,No,No,No,,,Toggle,Toggle,Toggle,151,-,-,Sci-Fi,white,white,-,basic,,No,No,-,1,1,-,1,-,-,-,,-,-,ぜんじどうせんたくき,lav. carga superior,lav. carga superior,lave-linge auto,lave-linge auto,Uralt-Waschmaschine,lavatrice automatica,전자동 세탁기,0056,0839,0832,0833,0938,0936,1607,0653,1171,1.0,4800,2B96,2C40,int_oth_washingA,No,,,,automatic washer,automatic washer,automatic washer
0059,autumn-leaf chair,autumn-leaf chair,,,DLC,-,Yes,"4,440",-,"1,110",888,-,Seat,1x1,No,No,No,,,Sit,-,Sit,300,-,-,Rustic,orange,orange,-,cute,,No,No,-,1,1,-,1,-,-,-,,-,-,おちばチェア,silla otoñal,silla otoñal,chaise automnale,chaise automnale,Herbstlaubstuhl,sedia foglia autunno,낙엽 체어,0057,0240,1458,1458,0337,0336,0572,1211,0195,1.0,4440,2E19,2EC3,int_mon_11,Yes,,,,,autumn-leaf chair,autumn-leaf chair
0060,Ayers Rock,Ayers Rock,,,Gulliver,-,Yes,"1,200",-,300,240,-,-,2x2,No,No,Yes,,,,,,1051,-,-,-,brown,brown,-,historical,,No,No,-,1,1,-,1,-,-,-,,-,-,エアーズロック,maqueta Ayers Rock,maqueta Ayers Rock,maquette d'Uluru,maquette d'Uluru,Ayers-Rock-Modell,modellino Ayers Rock,에어즈 록,0058,0168,0903,0900,1050,1049,0082,0802,0985,1.0,1200,2DC7,2E71,int_jhn_ayersrock,Yes,,,,,Ayers Rock,-
0061,azalea bonsai,azalea bonsai,,,Garden Shop,-,Yes,"1,500",-,375,300,-,Plant,1x1,No,No,Yes,,,-,-,-,199,bonsai,Set,Harmonious / Rustic,pink,blue,-,iconic,,No,No,-,1,1,-,1,-,-,-,,-,-,サツキのぼんさい,azalea bonsái,azalea bonsái,bonsaï azalée,bonsaï azalée,Azaleen-Bonsai,bonsai azalea,철쭉 분재,0059,0632,0114,0112,0178,0176,0083,0184,1242,1.0,1500,2B26,2BD0,int_bon_azalea,No,,,,,azalea bonsai,azalea bonsai
0062,azalea stool,azalea stool (Pink),,,Leif,-,No,-,-,550,-,-,Seat,1x1,No,Yes,No,,,Sit,-,Sit,751,-,-,Rustic / Fairy Tale,pink,pink,-,cute,,No,Yes,220,2,2,the flower color,1,-,-,-,,-,-,ツツジのスツール,taburete azalea,taburete azalea,tabouret azalée,tabouret azalée,Azaleenhocker,sgabello azalea,철쭉 스툴,0060,0993,1558,1558,1584,1584,0084,1305,1243,1.0,2200,2DF0,2E9A,rmk_flo_stool,Yes,,,,,azalea stool,azalea stool
0063,Baby bear,Baby bear (Blank),,,Nooklings,B,Yes,800,-,200,160,-,Doll,1x1,No,No,Yes,,,-,-,-,151,bear,Set,Fairy Tale / Toy Shop,orange,orange,-,cute,,No,Yes,80,6,6,the cloth,1,-,-,-,,-,-,くまのチビちゃん,osito,osito,bébé ours,bébé ours,Baby-Bär,orsetto,작은 곰인형,0061,0476,1148,1149,0138,0137,0096,0906,1138,1.0,800,2ADF,2B89,rmk_ber_bearS,No,,,,Baby bear,Baby bear,Baby bear
0064,baby bed,baby bed,,,Nooklings,B,Yes,"2,900",-,725,580,-,-,1x1,No,No,No,,,-,-,-,151,nursery,Theme,Fairy Tale,white,colorful,-,cute,,No,No,-,1,1,-,1,-,-,-,,-,-,ベビーベッド,cuna,cuna,lit bébé,lit bébé,Babybett,lettino,아기 침대,0062,1395,0528,0525,0955,0953,0097,0657,0913,1.0,2900,2A90,2B3A,int_bab_bed,No,,,,baby bed,baby bed,baby bed
0065,Baby panda,Baby panda,,,Nooklings,D,Yes,480,-,120,96,-,Doll,1x1,No,No,Yes,,,-,-,-,151,panda,Set,Harmonious / Fairy Tale / Toy Shop,white,green,-,cute,,No,No,-,1,1,-,1,-,-,-,,-,-,パンダのシャオシャオ,osito panda,osito panda,bébé panda,bébé panda,Baby-Panda,baby panda,작은 판다,0063,1274,1149,1150,0139,0138,0098,0110,1139,1.0,480,2AE3,2B8D,int_pnd_s,No,,,,Baby panda,Baby panda,-
0066,backpack,backpack,,,Tent Campers,-,Yes,"1,980",-,495,396,-,-,1x1,No,No,No,,,-,-,-,451,-,-,-,blue,brown,-,sporty,,No,No,-,1,1,-,1,-,-,-,,-,-,バックパック,mochila,mochila,sac à dos,sac à dos,Rucksack,zaino,등산 가방,0064,1202,1079,1078,1375,1373,1269,1738,0343,1.0,1980,2B69,2C13,int_tnt_backpack,No,,,,,backpack,backpack
0067,backyard pool,backyard pool,,,Nooklings,D,Yes,990,-,247,197,-,-,2x2,No,No,No,,,,,,151,mossy garden,Theme,-,aqua,aqua,-,sporty,,No,No,-,1,1,-,1,-,-,-,,-,-,プール,piscina,piscina,piscine de jardin,piscine de jardin,Planschbecken,piscina piccola,풀,0065,1335,1212,1216,1237,1235,1117,0991,1554,1.0,990,2A8A,2B34,int_gdn_pool,No,,,,,backyard pool,backyard pool
0068,bagpipes,bagpipes,,,Gulliver,-,Yes,"1,200",-,300,240,-,Instrument,1x1,No,No,No,,,Press,-,Press,1051,-,-,-,brown,black,-,iconic,,No,No,-,1,1,-,1,-,-,-,,-,-,バグパイプ,gaita,gaita,cornemuse,cornemuse,Dudelsack,cornamusa,백파이프,0066,1183,0670,0672,0539,0538,0291,0376,0592,1.0,1200,2DCB,2E75,int_jhn_bagpipe,Yes,,,,,bagpipes,-
0069,balance beam,balance beam,,,Louie's RV,-,No,-,-,700,560,-,-,2x1,No,No,No,,,,,,151,-,-,-,green,blue,-,sporty,,No,No,-,1,1,-,1,-,-,-,,-,-,へいきんだい,barra de gimnasia,barra de gimnasia,poutre gymnastique,poutre gymnastique,Schwebebalken,trave da ginnastica,평균대,0067,1392,0161,0158,1321,1319,1374,1630,1531,1.4,2800,-,2F2A,int_sch_heikindai,No,,,,,balance beam,-
0070,ball,ball (Basketball),,,Campground Shop,-,No,-,-,400,320,-,-,1x1,No,No,Yes,,,-,-,-,151,-,-,Toy Shop,orange,orange,-,sporty,,No,Yes,160,4,4,the type,1,-,-,-,,-,-,ボール,balón,balón,ballon,ballon,Ball,pallone,볼,0068,1413,0118,0115,0096,0096,0104,0914,0657,1.4,1600,-,2F3B,rmk_sch_ball,No,,,,ball,ball,-
0071,ball catcher,ball catcher (Plain brown ball),,,Nooklings,B,Yes,"2,040",-,510,408,-,-,2x2,No,No,No,,,,,,151,-,-,-,blue,brown,-,sporty,,No,Yes,204,4,4,the ball,1,-,-,-,,-,-,ボールいれ,jaula pelotas,jaula pelotas,porte-ballons,porte-ballons,Ballwagen,carrello,공보관함,0069,1414,0738,0739,1285,1283,0116,0242,0109,1.0,2040,2AC2,2B6C,rmk_sch_ballcase,No,,,,ball catcher,ball catcher,-
0072,ball return,ball return,,,Nooklings,D,Yes,"6,200",-,"1,550","1,240",-,-,2x1,No,No,No,,,,,,151,-,-,Toy Shop,white,colorful,-,sporty,,No,No,-,1,1,-,1,-,-,-,,-,-,ボウリングリターン,máquina de bolos,máquina de bolos,renvoi boules,renvoi boules,Bowlingmaschine,ritorno bocce,볼링 리턴,0070,1410,0909,0906,1361,1359,0178,1078,0658,1.0,6200,2B59,2C03,int_oth_bowl_return,No,,,,-,ball return,-
0073,balloon bed,balloon bed,,,Balloons,-,No,-,-,800,640,-,Bed,2x2,No,No,No,,,Sleep,-,Sleep,351,balloon,Series,Toy Shop,colorful,colorful,-,cute,,No,No,-,1,1,-,1,-,-,-,,-,-,バルーンベッド,cama globos,cama globos,lit ballons,lit ballons,Ballonbett,letto palloncini,풍선 침대,0071,1240,0318,0316,0954,0952,0105,0696,1564,1.0,3200,2DE4,2E8E,int_bal_bedW,Yes,,,,,balloon bed,balloon bed
0074,balloon chair,balloon chair,,,Balloons,-,No,-,-,620,496,-,Seat,1x1,No,No,No,,,Sit,-,Sit,351,balloon,Series,Toy Shop,colorful,colorful,-,cute,,No,No,-,1,1,-,1,-,-,-,,-,-,バルーンチェア,silla globos,silla globos,chaise ballons,chaise ballons,Ballonstuhl,sedia palloncini,풍선 체어,0072,1234,1441,1441,0338,0337,0113,1233,1563,1.0,2480,2DE5,2E8F,int_bal_chairS,Yes,,,,,balloon chair,balloon chair
0075,balloon clock,balloon clock,,,Balloons,-,No,-,-,620,496,-,Clock,1x1,Yes,No,No,,,-,Periodically,Always,351,balloon,Series,Toy Shop,colorful,colorful,-,cute,,No,No,-,1,1,-,1,-,-,-,,-,-,バルーンクロック,reloj globos,reloj globos,horloge ballons,horloge ballons,Ballonuhr,orologio palloncini,풍선 시계,0073,1232,1311,1311,0782,0780,0115,0893,1561,1.0,2480,2DE1,2E8B,int_bal_clockN,Yes,,,,,balloon clock,-
0076,balloon closet,balloon closet,,,Balloons,-,No,-,-,745,596,-,Closet,1x1,No,No,No,,,Storage,Press,Press,351,balloon,Series,Toy Shop,colorful,colorful,-,cute,,No,No,-,1,1,-,1,-,-,-,,-,-,バルーンクロゼット,armario globos,armario globos,armoire ballons,armoire ballons,Ballonschrank,armadio palloncini,풍선 옷장,0074,1231,0067,0067,0029,0029,0110,0074,1562,1.0,2980,2DE8,2E92,int_bal_chestF,Yes,,,,,balloon closet,-
0077,balloon dresser,balloon dresser,,,Balloons,-,No,-,-,670,536,-,Dresser,2x1,No,No,No,,,Storage,Press,Press,351,balloon,Series,Toy Shop,colorful,colorful,-,cute,,No,No,-,1,1,-,1,-,-,-,,-,-,バルーンチェスト,cómoda globos,cómoda globos,commode ballons,commode ballons,Ballonkommode,comò palloncini,풍선 수납장,0075,1235,0474,0472,0474,0473,0108,0342,1560,1.0,2680,2DE6,2E90,int_bal_chestA,Yes,,,,,balloon dresser,-
0078,balloon lamp,balloon lamp,,,Balloons,-,No,-,-,640,512,-,Light,1x1,No,No,No,,,Toggle,Light,Press,351,balloon,Series,Toy Shop,colorful,colorful,-,cute,,No,No,-,1,1,-,1,-,-,-,,-,-,バルーンランプ,lámpara globos,lámpara globos,lampe ballons,lampe ballons,Ballonlampe,lampada palloncini,풍선 램프,0076,1241,0787,0787,0872,0870,0109,0605,1558,1.0,2560,2DE2,2E8C,int_bal_lamp,Yes,,,,,balloon lamp,balloon lamp
0079,balloon sofa,balloon sofa,,,Balloons,-,No,-,-,670,536,-,Seat,2x1,No,No,No,,,Sit,-,Sit,351,balloon,Series,Toy Shop,colorful,colorful,-,cute,,No,No,-,1,1,-,1,-,-,-,,-,-,バルーンソファ,sofá globos,sofá globos,canapé ballons,canapé ballons,Ballonsofa,sofà palloncini,풍선 소파,0077,1233,1505,1504,0276,0274,0111,1359,1559,1.0,2680,2DE0,2E8A,int_bal_chairL,Yes,,,,,balloon sofa,-
0080,balloon table,balloon table,,,Balloons,-,No,-,-,720,576,-,Table,2x2,No,Yes,No,,,,,,351,balloon,Series,Toy Shop,colorful,colorful,-,cute,,No,No,-,1,1,-,1,-,-,-,,-,-,バルーンテーブル,mesa globos,mesa globos,table ballons,table ballons,Ballontisch,tavolo palloncini,풍선 테이블,0078,1236,0991,0991,1479,1479,0114,1538,1565,1.0,2880,2DE3,2E8D,int_bal_tableL,Yes,,,,,balloon table,balloon table
0081,balloon TV,balloon TV,,,Balloons,-,No,-,-,700,560,-,-,1x1,No,No,No,,,Toggle,Toggle,Toggle,351,balloon,Series,Toy Shop,colorful,colorful,-,cute,,No,No,-,1,1,-,1,-,-,-,,-,-,バルーンテレビ,tele globos,tele globos,télé ballons,télé ballons,Ballonfernseher,TV palloncini,풍선 TV,0079,1237,1611,1610,1617,1617,0106,1666,1556,1.0,2800,2DDF,2E89,int_bal_tv,Yes,,,,,balloon TV,balloon TV
0082,balloon vanity,balloon vanity,,,Balloons,-,No,-,-,700,560,-,-,1x1,No,No,No,,,-,-,-,351,balloon,Series,Toy Shop,colorful,colorful,-,cute,,No,No,-,1,1,-,1,-,-,-,,-,-,バルーンドレッサー,tocador globos,tocador globos,coiffeuse ballons,coiffeuse ballons,Ballonspiegel,toletta palloncini,풍선 화장대,0080,1239,1658,1656,0447,0446,0112,1600,1566,1.0,2800,2DE9,2E93,int_bal_dresser,Yes,,,,,balloon vanity,-
0083,balloon-dog lamp,balloon-dog lamp (Red),,,Balloons,-,No,-,-,750,600,-,Light,1x1,No,No,Yes,,,Toggle,Light,Press,351,balloon,Series,Toy Shop,red,red,-,cute,,No,Yes,300,6,6,the balloon color,1,-,-,-,,-,balloon-poodle lamp,バルーンドッグランプ,lámpara globos perro,lámpara globos perro,lampe-chien ballons,lampe-chien ballons,Ballonhundlampe,lampada cane pallon.,풍선 강아지 램프,0081,1238,0788,0788,0924,0922,0107,0575,1557,1.0,3000,2DE7,2E91,rmk_bal_lamp_dog,Yes,,,,,balloon-dog lamp,balloon-dog lamp
0084,bamboo bench,bamboo bench,,,Boots's RV,-,No,-,-,700,560,-,Seat,2x1,No,Yes,No,,,Sit,-,Sit,151,-,-,Rustic,yellow,yellow,-,historical,,No,No,-,1,1,-,1,-,-,-,,-,-,たけのベンチ,banco de bambú,banco de bambú,banc en bambou,banc en bambou,Bambusbank,panca in bambù,대나무 벤치,0082,0883,0122,0119,0107,0107,0118,0926,0282,1.4,2800,-,3000,int_jpn_bamboo_chairL,No,,,,bamboo bench,bamboo bench,bamboo bench
0085,bamboo fence,bamboo fence,,,Campground Shop,-,No,-,-,700,560,-,-,2x1,No,No,No,,,,,,151,-,-,Harmonious,brown,brown,-,historical,,No,No,-,1,1,-,1,-,-,-,,-,-,たけがき,mampara de bambú,mampara de bambú,palissade bambou,palissade bambou,Bambustrennwand,ringhiera bambù,대나무 발,0083,0882,0893,0890,1151,1149,0119,1076,0281,1.4,2800,-,2F8C,int_jpn_fence,No,,,,,bamboo fence,bamboo fence
0086,bamboo grass,bamboo grass,,,Isabelle,-,No,-,-,770,-,-,-,1x1,No,No,No,,,-,-,-,499,-,-,Harmonious,green,colorful,-,iconic,,No,No,-,1,1,-,1,-,-,-,,-,-,たなばたのささ,caña bambú,caña bambú,bambou à vœux,bambou à vœux,Bambus,pianta tradizionale,소원성취 대나무,0084,0895,0364,0362,0099,0099,0117,0966,0782,1.0,3080,2BFE,2CA8,int_oth_tanabata,No,,,,bamboo grass,,bamboo grass
0087,banana flower basket,banana flower basket,,,Kapp'n's RV,-,No,-,-,"3,000",-,-,-,1x1,No,No,No,,,-,-,-,151,-,-,Toy Shop,colorful,colorful,-,iconic,,No,No,-,1,1,-,1,-,-,-,,-,-,なんごくなディスプレイB,cesta con plátano,cesta con plátano,bouquet tropical B,bouquet tropical B,Bananenblumenkorb,cesta tropicale B,남국풍 꽃바구니 B,0085,1102,0413,0411,0206,0204,0120,0287,0199,1.4,12000,-,30AB,int_kpp_tropicalB,Yes,,,,,,-
0088,barbecue,barbecue,,,Nooklings,D,Yes,"1,760",-,440,352,-,-,1x1,No,No,No,,,-,Always,Always,151,mossy garden,Theme,-,red,red,-,sporty,,No,No,-,1,1,-,1,-,-,-,,-,-,バーベキューグリル,barbacoa,barbacoa,barbecue,barbecue,Grill,barbecue,바비큐 그릴,0086,1141,0158,0155,0123,0122,0526,0144,0568,1.0,1760,2A89,2B33,int_gdn_barbecue,No,,,,barbecue,,barbecue
0089,barbecue bed,barbecue bed,,,Nintendo Zone,-,No,-,-,711,568,-,Bed,2x2,No,No,No,,,Sleep,-,Sleep,300,-,-,-,brown,black,-,modern,,No,No,-,1,1,-,1,-,-,-,,-,-,ねぎしおぶたカルビベッド,cama barbacoa,cama barbacoa,lit lasagnes,lit lasagnes,Grillfleisch-Bett,letto lasagne,불고기 도시락 침대,0087,1116,0302,0300,0980,0978,0527,0688,0674,1.0,2844,2E25,2ECF,int_cvn_bedW,Yes,,,,,barbecue bed,-
0090,barbecue spit,barbecue spit,,,Felyne's RV,-,No,-,-,"3,000",-,-,-,2x1,No,No,No,,,,,,300,-,-,Toy Shop,brown,black,-,iconic,,No,No,-,1,1,-,1,-,-,-,,-,-,にくやきき,asador barbacoa,asador barbacoa,broche BBQ,broche BBQ,Grillspieß,spiedo barbecue,바비큐세트,0088,1104,0097,0097,0212,0210,0528,1385,0569,1.4,12000,-,301E,int_mnh_meat,No,,,,,barbecue spit,-
0091,barbell,barbell,,,Louie's RV,-,No,-,-,700,560,-,-,2x1,No,No,No,,,,,,151,-,-,-,black,gray,-,basic,,No,No,-,1,1,-,1,-,-,-,,-,-,バーベル,barra de pesas,barra de pesas,haltère,haltère,Langhantel,bilanciere,바벨,0089,1153,0162,0159,0754,0752,0840,0169,0567,1.4,2800,-,2F19,int_fns_barbell,No,,,,barbell,barbell,barbell
0092,barber's pole,barber's pole,,,Nooklings,C,Yes,"1,600",-,400,320,-,-,1x1,No,No,No,,,,,,151,-,-,-,colorful,colorful,-,cute,,No,No,-,1,1,-,1,-,-,-,,-,-,バーバーポール,poste de barbero,poste de barbero,enseigne barbier,enseigne barbier,Streifenstange,palo da barbiere,이발소 삼색원통,0090,1139,1244,1246,0592,0590,1486,0918,1101,1.0,1600,2BB7,2C61,int_oth_barber,No,,,,,,-
0093,barrel,barrel,,,Pascal,-,No,-,-,200,160,-,-,1x1,No,No,No,,,,,,351,pirate ship,Theme,Toy Shop,brown,brown,-,historical,,No,No,-,1,1,-,1,-,-,-,,-,-,たる,tonel,tonel,tonneau,tonneau,Fass,barile,나무통,0091,0928,1671,1669,1653,1653,0366,0146,0184,1.0,800,2A9F,2B49,int_pir_barrel01,No,,,,barrel,,barrel
0094,barrel planter,barrel planter (Natural),,,Campground Shop,-,No,-,-,400,320,-,Plant,1x1,No,No,No,,,-,-,-,151,-,-,-,brown,green,-,basic,,No,Yes,160,4,4,the barrel color,1,-,-,-,,-,-,バレルプランター,macetero barril,macetero barril,jardinière tonneau,jardinière tonneau,Pflanzkasten,fioriera in legno,나무통 식물,0092,1245,0880,0876,0836,0834,1091,0465,0185,1.4,1600,-,2FCF,rmk_oth_planter,No,,,,,barrel planter,barrel planter
0095,baseball set,baseball set,,,Campground Shop,-,No,-,-,300,240,-,-,1x1,No,No,Yes,,,,,,151,-,-,-,brown,brown,-,sporty,,No,No,-,1,1,-,1,-,-,-,,-,-,バットとグローブ,set de béisbol,set de béisbol,équipement baseball,équipement baseball,Baseball-Set,set da baseball,야구 세트,0093,1208,1399,1398,0607,0604,0127,1283,0963,1.4,1200,-,2F5C,int_sch_baseball,No,,,,baseball set,baseball set,baseball set
0096,basic display stand,basic display stand (White),,,Campground Shop,-,No,-,-,400,320,-,-,1x1,No,Yes,No,,,,,,151,-,-,-,white,white,-,official,,No,Yes,160,6,6,the body color,1,-,-,-,,-,-,よくあるちんれつだい,expositor sencillo,expositor sencillo,socle expo simple,socle expo simple,Warenauslage,espositore comune,평범한 진열대,0094,1607,0615,0613,1434,1433,1644,0430,1537,1.4,1600,-,2FB1,rmk_shp_tbl,No,,,,,basic display stand,basic display stand
0097,basic teacher's desk,basic teacher's desk,,,Leopold's RV,-,No,-,-,700,560,-,Table,2x1,No,Yes,No,,,,,,151,-,-,-,gray,brown,-,official,,No,No,-,1,1,-,1,-,-,-,,-,-,きょうたく,mesa de maestro,mesa de maestro,bureau du prof,bureau du prof,Schulpult,cattedra da prof.,교탁,0095,0433,0965,0964,0235,0233,1367,0278,0125,1.4,2800,-,2EEB,int_sch_teacher_table,No,,,,basic teacher's desk,basic teacher's desk,basic teacher's desk
0098,basic trash can,basic trash can (Light wood),,,Campground Shop,-,No,-,-,400,320,-,-,1x1,No,No,No,,,,,,151,-,-,-,brown,brown,-,basic,,No,Yes,160,6,6,the body color,1,-,-,-,,-,-,よくあるごみばこ,papelera práctica,papelera práctica,corbeille ordinaire,corbeille ordinaire,Abfallkorb,cestino in legno,평범한 휴지통,0096,1605,1168,1171,0537,0536,0017,0292,1539,1.4,1600,-,2FB9,rmk_oth_trash_f,No,,,,,basic trash can,basic trash can
0099,basket chair,basket chair (Natural brown - White),,,Stella's RV,-,No,-,-,400,320,-,Seat,1x1,No,No,No,,,Sit,-,Sit,151,-,-,-,yellow,white,-,basic,,No,Yes,160,20,4,the frame,5,the cushion,-,-,,-,-,バスケットチェア,silla redonda ratán,silla redonda ratán,chaise en osier,chaise en osier,Rattanstuhl,poltrona circolare,배스킷 체어,0097,1191,1468,1468,0362,0361,1185,1005,0591,1.4,1600,-,3011,rmk_oth_basket_chairS,No,,,,,basket chair,basket chair
0100,basketball hoop,basketball hoop,,,Nooklings,D,Yes,"2,120",-,530,424,-,-,2x2,No,No,No,,,,,,151,-,-,-,white,gray,-,sporty,,No,No,-,1,1,-,1,-,-,-,,-,-,バスケットのゴール,canasta,canasta,panneau de basket,panneau de basket,Basketballkorb,canestro basket,농구골대,0098,1192,0365,0363,1165,1163,0128,0232,0231,1.0,2120,2B5A,2C04,int_oth_basketgoal,No,,,,basketball hoop,,-
0101,bass,bass,,,Nooklings,C,Yes,"2,400",-,600,480,-,Instrument,1x1,No,No,No,,,Press,-,Press,151,string section,Set,-,brown,brown,-,basic,,No,No,-,1,1,-,1,-,-,-,,-,-,コントラバス,contrabajo,contrabajo,contrebasse,contrebasse,Kontrabass,contrabbasso,콘트라베이스,0099,0610,0510,0508,0532,0531,0773,0371,1363,1.0,2400,2B3E,2BE8,int_vio_bass,No,,,,-,,-
0102,bath mat,bath mat (Bath),,,Nooklings,A,Yes,600,-,150,120,-,-,2x1,No,No,No,,,,,,151,spa,Theme,Harmonious,green,green,-,basic,,No,Yes,60,3,3,the style,1,-,-,-,,-,-,おふろマット,alfombra baño,alfombra baño,tapis de bain,tapis de bain,Badematte,tappetino bagno,목욕탕 발판,0100,0258,0012,0011,1596,1596,0101,1442,0497,1.0,600,2B04,2BAE,rmk_oth_mat,No,,,,,,-
0103,bath set,bath set,,,Paolo's RV,-,No,-,-,300,240,-,-,1x1,No,No,Yes,,,,,,151,-,-,-,white,white,-,basic,,No,No,-,1,1,-,1,-,-,-,,-,-,おふろセット,set de aseo japonés,set de aseo japonés,bassine s. de bains,bassine s. de bains,Wasch-Set,set terme giapponesi,목욕 세트,0101,0256,1397,1396,0135,0134,1656,1298,0495,1.4,1200,-,2FF4,int_bth_chair,No,,,,,bath set,-
0104,bathroom shelf,bathroom shelf,,,Campground Shop,-,No,-,-,350,280,-,-,1x1,Yes,No,No,,,,,,151,-,-,-,white,gray,-,basic,,No,No,-,1,1,-,1,-,-,-,,-,-,よくしつのたな,estantería de baño,estantería de baño,tablette salle d'eau,tablette salle d'eau,Badezimmerregal,mensola da bagno,욕실 선반,0102,1610,0588,0586,1582,1582,0103,0768,1046,1.4,1400,-,300E,int_bth_wall,No,,,,,bathroom shelf,-
0105,bathroom sink,bathroom sink,,,Nooklings,A,Yes,"1,200",-,300,240,-,-,1x1,No,No,No,,,,,,151,-,-,-,white,white,-,basic,,No,No,-,1,1,-,1,-,-,-,,-,-,せんめんだい,lavabo,lavabo,meuble lavabo,meuble lavabo,Waschbecken,lavandino da bagno,세면대,0103,0845,0833,0834,1075,1074,1651,0645,0776,1.0,1200,2C8D,2D37,int_oth_washstand,Yes,,,,bathroom sink,bathroom sink,bathroom sink
0106,bathroom stall,bathroom stall,,,Nooklings,A,Yes,"2,000",-,500,400,-,-,1x1,No,No,No,,,,,,151,-,-,-,white,white,-,flashy,,No,No,-,1,1,-,1,-,-,-,,-,-,こしつトイレ,cabina retrete,cabina retrete,cabine de WC fixe,cabine de WC fixe,Toilettenkabine,cabina bagno,공용 화장실,0104,0586,0250,0248,0244,0242,1571,0205,0112,1.0,2000,2CD2,2D7C,int_oth_wc_room,Yes,,,,bathroom stall,bathroom stall,bathroom stall
0107,bathtub,bathtub (Tile),,,Nooklings,C,Yes,"2,400",-,600,480,-,-,2x2,No,No,No,,,,,,151,spa,Theme,Harmonious,aqua,aqua,-,basic,,No,Yes,240,3,3,the material,1,-,-,-,,-,-,ゆぶね,bañera terma,bañera terma,baignoire,baignoire,Badebecken,vasca,목욕탕,0105,1596,0156,0153,0085,0085,0100,1687,0496,1.0,2400,2B06,2BB0,rmk_bth_bathtub,No,,,,,,bathtub
0108,beach chair,beach chair,,,Souvenir Shop,-,No,-,35,437,349,21,Bed,2x1,No,No,No,,,Sleep,-,Sleep,1200,-,-,-,white,white,-,sporty,,No,No,-,1,1,-,1,-,-,-,,-,-,ビーチベッド,silla de playa,silla de playa,transat,transat,Sonnenstuhl,sedia a sdraio,비치 의자,0106,1285,1418,1418,1672,1672,1427,1179,0701,1.0,1750,2B83,2C2D,int_isl_bedS,No,,,,beach chair,,beach chair
0109,beach table,beach table (Blue and white),,,Souvenir Shop,-,No,-,30,375,300,18,-,1x1,No,No,No,,,,,,1200,-,-,-,white,blue,-,sporty,,No,Yes,150,3,1,-,3,the parasol,-,-,,-,-,パラソルつきテーブル,mesa de playa,mesa de playa,table de plage,table de plage,Strandtisch,tavolo da spiaggia,파라솔 테이블,0107,1220,0970,0969,1516,1516,1475,1503,1482,1.0,1500,2B87,2C31,rmk_isl_parasol,No,,,,,,beach table
0110,beacon fire,beacon fire,,,Nooklings,D,Yes,"1,000",-,250,200,-,-,1x1,No,No,No,,,,,,151,-,-,Harmonious,black,red,-,historical,,No,No,-,1,1,-,1,-,-,-,,-,-,かがりび,fogata,fogata,brasero,brasero,Fackelständer,fiaccola per esterni,화톳불,0108,0314,0653,0654,0210,0208,0363,0445,1709,1.0,1000,2D71,2E1B,int_frt_fire,Yes,,,,,beacon fire,beacon fire
0111,bear pole,bear pole,,,Nooklings,A,Yes,"1,400",-,350,280,-,-,1x1,No,No,No,,,,,,151,totem pole,Set,Rustic,brown,colorful,-,iconic,,No,No,-,1,1,-,1,-,-,-,,-,-,トーテムポール・アラ,tótem oso,tótem oso,totem ours,totem ours,Bären-Totempfahl,totem orso,토템폴 아라,0109,1044,1683,1682,1659,1659,0123,1624,1432,1.0,1400,2AEA,2B94,int_tpl_tpl01,No,,,,,,-
0112,beauty-salon cart,beauty-salon cart (White),,,Tasha's RV,-,No,-,-,400,320,-,-,1x1,No,No,No,,,,,,151,-,-,Sci-Fi,white,colorful,-,modern,,No,Yes,160,2,2,the wagon color,1,-,-,-,,-,-,びよういんのワゴン,equipo de peluquería,equipo de peluquería,chariot esthéticien,chariot esthéticien,Make-up-Wagen,carrello estetista,미용실 카트,0110,1314,0546,0544,0411,0410,0892,0246,0547,1.4,1600,-,2F62,rmk_oth_estheticwagon,No,,,,,beauty-salon cart,-
0113,beetle chair,beetle chair,,,Nat,-,No,-,-,450,360,-,Seat,1x1,No,No,No,,,Sit,-,Sit,651,insect,Set,Toy Shop,brown,brown,-,cute,,No,No,-,1,1,-,1,-,-,-,,-,-,カブトチェア,silla esc. astado,silla esc. astado,chaise scarabée,chaise scarabée,Nashornkäferstuhl,sedia scarabeo,장수풍뎅이 체어,0111,0341,1431,1431,0392,0391,0982,1243,1152,1.0,1800,2CD9,2D83,int_isc_chairS_A,Yes,,,,,beetle chair,-
0114,bell knickknack,bell knickknack,,,Isabelle,-,No,-,-,500,-,-,-,1x1,No,No,No,,,,,,499,-,-,Harmonious,yellow,yellow,-,iconic,,No,No,-,1,1,-,1,-,-,-,,-,-,かねのおきもの,campana de metal,campana de metal,cloche en bronze,cloche en bronze,Bronzeglocke,campana di metallo,종 모형,0112,0338,0360,0358,0434,0433,0187,0222,1193,1.0,2000,2C38,2CE2,int_oth_bell,Yes,,,,,bell knickknack,-
0115,berliner,berliner,,,Isabelle,-,No,-,-,240,-,-,-,1x1,No,No,Yes,,,,,,499,-,-,Fairy Tale,white,white,-,iconic,,No,No,-,1,1,-,1,-,-,-,,-,-,ベルリーナー,plato de berlinesas,plato de berlinesas,assiette de beignets,assiette de beignets,Berliner,piatto di krapfen,베를리너,0114,1399,1231,1230,0070,0070,0135,0974,0611,1.0,960,2DD3,2E7D,int_oth_berliner,Yes,,,,berliner,berliner,-
0116,big amp,big amp,,,Sprocket's RV,-,No,-,-,500,400,-,-,1x1,No,No,No,,,,,,151,-,-,Toy Shop,black,black,-,rock 'n' roll,,No,No,-,1,1,-,1,-,-,-,,-,-,でかいアンプ,amplificador grande,amplificador grande,grand ampli,grand ampli,Gitarrenverstärker,amplificatore grande,대형 앰프,0115,1012,0023,0023,0730,0728,0484,0017,0288,1.4,2000,-,2FC0,int_oth_amp_L,No,,,,,big amp,big amp
0117,Big Ben,Big Ben,,,Gulliver,-,Yes,"1,200",-,300,240,-,Model,1x1,No,No,No,,,-,,,1051,-,-,-,beige,beige,-,iconic,,No,No,-,1,1,-,1,-,-,-,,-,-,ビッグベン,Big Ben,Big Ben,maquette de Big Ben,maquette de Big Ben,Big Ben,Big Ben,빅 벤,0116,1300,0187,0185,1045,1044,0139,0166,0703,1.0,1200,2DCC,2E76,int_jhn_bigben,Yes,,,,,Big Ben,-
0118,big festive tree,big festive tree,,,Nooklings,-,Yes,"2,480",-,620,496,-,-,2x2,No,No,No,,,,,,451,-,-,Rustic / Toy Shop,green,colorful,-,cute,,No,No,-,1,1,-,1,-,-,-,,-,-,おおきなクリスマスツリー,árbol festivo,árbol festivo,grand sapin,grand sapin,Tannenbaum,albero festivo,큰 크리스마스트리,0117,0211,0036,0036,0733,0731,1529,0008,1390,1.0,2480,2BF3,2C9D,int_oth_Xmas_L,No,,,,big festive tree,,-
0119,bilboquet,bilboquet (Red),,,Nooklings,A,Yes,"2,000",-,500,400,-,-,1x1,No,No,No,,,,,,151,-,-,Harmonious / Toy Shop,red,red,-,sporty,,No,Yes,200,4,2,the ball color,1,-,2,Gold Nugget / Silver Nugget,,-,-,ジャンボけんだま,boliche,boliche,bilboquet,bilboquet,Bilboquet,kendama,죽방울,0118,0694,0213,0211,0148,0147,0140,0550,1206,1.0,2000,2CFD,2DA7,rmk_oth_kendama,Yes,,,,,bilboquet,-
0120,Bill Blaster,Bill Blaster,,,Fortune,-,No,-,-,210,-,-,-,1x1,No,No,No,,,,,,151,Mario,Theme,Toy Shop,black,black,-,cute,,No,No,-,1,1,-,1,-,-,-,,-,-,キラーほうだい,cañón Bill,cañón Bill,Bill Boum,Bill Boum,Willi-Kanone,Cannone Bill,킬러 대포,0119,0438,0371,0369,0149,0148,1704,0234,1409,1.0,840,2BE3,2C8D,int_smb_killer,No,,,cannon,,,-
0121,billboard,billboard (Green - Landscape),,,Campground Shop,-,No,-,-,850,680,-,-,2x1,Yes,No,No,,,,,,151,-,-,-,green,colorful,-,official,,No,Yes,340,9,3,the board color,3,the poster,-,-,,-,-,けいじばん,tablón de avisos,tablón de avisos,panneau d'annonces,panneau d'annonces,Aushang,bacheca annunci,게시판,0120,0527,1553,1553,1164,1162,0077,0111,0089,1.4,3400,-,2F82,rmk_oth_bulletinboard,No,,,,,billboard,-
0122,billiard table,billiard table,,,Nooklings,B,Yes,"1,800",-,450,360,-,-,2x1,No,No,No,,,,,,151,-,-,Toy Shop,green,brown,-,rock 'n' roll,,No,No,-,1,1,-,1,-,-,-,,-,-,ビリヤードのだい,mesa de billar,mesa de billar,billard,billard,Billardtisch,tavolo da biliardo,당구대,0121,1320,0958,0959,0150,0149,0142,1501,0278,1.0,1800,2B5B,2C05,int_oth_billiads,No,,,,billiard table,,billiard table
0123,bingo wheel,bingo wheel,,,Nooklings,D,Yes,"2,400",-,600,480,-,-,1x1,No,No,Yes,,,,,,151,-,-,Toy Shop,yellow,black,-,rock 'n' roll,,No,No,-,1,1,-,1,-,-,-,,-,-,ビンゴマシン,bombo de bingo,bombo de bingo,sphère pour tirage,sphère pour tirage,Zahlenkugel-Maschine,urna per estrazioni,빙고 머신,0122,1323,0220,0218,1443,1442,1721,1682,0705,1.0,2400,2C88,2D32,int_oth_bingo,Yes,,,,bingo wheel,bingo wheel,-
0124,bird feeder,bird feeder,,,Nooklings,C,Yes,"1,260",-,315,252,-,-,1x1,No,No,No,,,,,,151,mossy garden,Theme,-,white,brown,-,cute,,No,No,-,1,1,-,1,-,-,-,,-,-,バードフィーダー,comedero pájaros,comedero pájaros,mangeoire à oiseaux,mangeoire à oiseaux,Vogelfutterplatz,portamangime,야생조류 먹이대,0123,1137,0459,0457,1042,1040,1621,1030,0964,1.0,1260,2A86,2B30,int_gdn_birdfeeder,No,,,,,,-
0125,birdbath,birdbath,,,Nooklings,B,Yes,"1,450",-,362,289,-,-,1x1,No,No,No,,,,,,151,mossy garden,Theme,-,green,green,-,cute,,No,No,-,1,1,-,1,-,-,-,,-,-,バードバス,bañadero pájaros,bañadero pájaros,bassin à oiseaux,bassin à oiseaux,Vogeltränke,piscina uccelli,수반,0124,1136,0120,0117,0133,0132,1625,0992,0799,1.0,1450,2A84,2B2E,int_gdn_birdbath,No,,,,birdbath,,-
0126,birdcage,birdcage,,,Nooklings,B,Yes,"1,700",-,425,340,-,-,1x1,No,No,No,,,,,,151,-,-,Rustic / Fairy Tale,brown,brown,-,basic,,No,No,-,1,1,-,1,-,-,-,,-,-,とりかご,jaula de pájaros,jaula de pájaros,cage à oiseaux,cage à oiseaux,Vogelkäfig,gabbia,새장,0125,1081,0737,0738,0258,0256,1623,0498,0736,1.0,1700,2BBA,2C64,int_oth_birdcage,No,,,,birdcage,,birdcage
0127,birdhouse,birdhouse,,,Nooklings,A,Yes,"1,620",-,405,324,-,-,1x1,No,No,No,,,,,,151,mossy garden,Theme,Rustic,brown,brown,-,cute,,No,No,-,1,1,-,1,-,-,-,,-,-,すばこ,casita pájaros,casita pájaros,abri à oiseaux,abri à oiseaux,Vogelhaus,casetta uccelli,새집,0126,0814,0403,0401,0002,0002,1622,0259,0737,1.0,1620,2A7E,2B28,int_gdn_birdhouse,No,,,,birdhouse,,-
0128,birthday cake,birthday cake,,,Birthday,-,No,-,-,100,-,-,-,1x1,No,No,Yes,,,,,,451,-,-,Fairy Tale,white,red,Month of Birthday,cute,,Yes,No,-,1,1,-,1,-,-,-,,-,-,バースデーケーキ,tarta de cumpleaños,tarta de cumpleaños,gâteau d'anniv,gâteau d'anniv,Geburtstagstorte,torta di compleanno,생일 케이크,0127,1126,1597,1598,0721,0719,0462,1618,0748,1.0,400,2DB7,2E61,int_oth_cake,No,,,,birthday cake,,-
0129,birthday candles,birthday candles,,,Birthday,-,No,-,-,300,-,-,-,1x1,No,No,Yes,,,,,,451,-,-,Fairy Tale,colorful,red,Month of Birthday,cute,,No,No,-,1,1,-,1,-,-,-,,-,-,バースデーキャンドル,lote de velas cumple,lote de velas cumple,lot bougies d'anniv,lot bougies d'anniv,Geburtstagsdeko,ornamento compleanno,생일 양초,0128,1125,0869,0865,1008,1006,0459,0850,0747,1.0,1200,2DB5,2E5F,int_btd_candle,Yes,,,,birthday candles,birthday candles,-
0130,birthday sign,birthday sign,,,Birthday,-,No,-,-,300,-,-,-,2x1,No,No,No,,,,,,451,-,-,Fairy Tale,colorful,colorful,Month of Birthday,cute,,No,No,-,1,1,-,1,-,-,-,,-,-,バースデーボード,cartel de cumpleaños,cartel de cumpleaños,panneau d'anniv,panneau d'anniv,Geburtstagsschild,cartello compleanno,생일 보드,0129,1128,0393,0393,1163,1161,0460,0255,0746,1.0,1200,2DB6,2E60,int_btd_board,Yes,,,,birthday sign,birthday sign,-
0131,birthday table,birthday table,,,Birthday,-,No,-,-,300,-,-,-,2x2,No,No,No,,,,,,451,-,-,Fairy Tale,white,red,Month of Birthday,cute,,No,No,-,1,1,-,1,-,-,-,,-,-,バースデーテーブル,mesa de cumpleaños,mesa de cumpleaños,table d'anniv,table d'anniv,Geburtstagstisch,tavolo compleanno,생일 테이블,0130,1127,0962,0961,1506,1506,0461,1495,0749,1.0,1200,2DB4,2E5E,int_btd_table,Yes,,,,birthday table,birthday table,birthday table
0132,bishop,bishop (Natural brown),,,Nooklings,B,Yes,"2,800",-,700,560,-,-,1x1,No,No,No,,,,,,151,chess,Set,Toy Shop,brown,brown,-,modern,,No,Yes,280,4,3,the piece color,1,-,1,Gold Nugget,,-,-,ビショップのこま,alfil,alfil,fou,fou,Läufer,alfiere,비숍,0131,1295,0010,0009,0706,0704,0846,0011,0699,1.0,2800,2AAD,2B57,rmk_chs_bishop,No,,,"black bishop, white bishop",-,,-
0133,bistro table,bistro table (White),,,Olive's RV,-,No,-,-,"1,200",960,-,-,2x2,No,No,No,,,,,,151,-,-,-,brown,white,-,cute,,No,Yes,480,5,1,-,5,the parasol color,-,-,,-,-,カフェなパラソルテーブル,mesa de bistro,mesa de terraza,table parasol,table parasol,Gartentisch,tavolo con parasole,카페 테이블,0132,0339,0959,0975,1550,1550,0452,1496,1305,1.4,4800,-,2F15,rmk_oth_parasol,No,,,,bistro table,bistro table,bistro table
0134,biwa lute,biwa lute,,,Nooklings,B,Yes,"1,800",-,450,360,-,Instrument,1x1,No,No,No,,,Press,-,Press,151,-,-,Harmonious,brown,brown,-,iconic,,No,No,-,1,1,-,1,-,-,-,,-,-,びわ,laúd,laúd,luth biwa,luth biwa,Laute,liuto,비파,0133,1322,0831,0832,1018,1016,0847,0728,0702,1.0,1800,2B48,2BF2,int_oth_lute,No,,,,-,,biwa lute
0135,black katana,black katana,,,Nooklings,D,Yes,"12,000",-,"3,000","2,400",-,-,2x1,No,No,Yes,,,,,,151,-,-,Harmonious / Antique / Quirky,black,black,-,iconic,,No,No,-,1,1,-,1,-,-,-,,-,-,くろいにほんとう,katana negra,katana negra,katana noir,katana noir,Mondkatana,set katana,검정 장검,0134,0517,0754,0754,0851,0849,0956,1294,0087,1.0,12000,2AFE,2BA8,int_jpn_swordB,No,,,,,,black katana
0136,black phone,black phone,,,Billy's RV,-,No,-,-,300,240,-,-,1x1,No,No,Yes,,,,,,151,-,-,Antique,black,black,-,historical,,No,No,-,1,1,-,1,-,-,-,,-,-,くろでんわ,teléfono baquelita,teléfono baquelita,téléphone noir,téléphone noir,Wählscheibentelefon,telefono nero,검정 전화기,0135,0520,1628,1627,1636,1636,1632,1575,0088,1.4,1200,-,2F5A,int_oth_phone_bl,No,,,,,black phone,black phone
0137,Block,Block,,,Fortune,-,No,-,-,210,-,-,Table,1x1,No,Yes,No,,,,,,151,Mario,Theme,Toy Shop,brown,brown,-,cute,,No,No,-,1,1,-,1,-,-,-,,-,-,レンガブロック,bloque,bloque,bloc,bloc,Block,blocco,블록,0136,1684,0204,0201,0151,0150,0150,0171,0679,1.0,840,2BD8,2C82,int_smb_blocA,No,,,brick block,block,,Block
0138,blossom lantern,blossom lantern,,,Nooklings,-,Yes,"2,400",-,600,480,-,Light,1x1,No,No,No,,,Toggle,Light,Press,451,-,-,Harmonious,black,white,-,iconic,,No,No,-,1,1,-,1,-,-,-,,-,-,ぼんぼり,lámpara bonbori,lámpara bonbori,lampe fleurie,lampe fleurie,Blütenlampe,lanterna floreale,꽃그림 육면등,0137,1442,0766,0766,0888,0886,0171,0625,0177,1.0,2400,2C18,2CC2,int_oth_bonbori,No,,,,blossom lantern,,blossom lantern
0139,blowfish sashimi,blowfish sashimi,,,Chip's RV,-,No,-,-,300,240,-,-,1x1,No,No,Yes,,,,,,151,-,-,-,white,blue,-,basic,,No,No,-,1,1,-,1,-,-,-,,-,-,フグさし,platillo de sashimi,carpaccio de pescado,sashimi pois.-ballon,sashimi pois.-ballon,Sashimi,carpaccio di pesce,복어 회,0138,1347,1226,0375,1387,1385,1287,0240,0655,1.4,1200,-,2FFA,int_oth_hugusashi,No,,,,,blowfish sashimi,-
0140,blue bed,blue bed (Blue - Yellow),,,Nooklings,A,Yes,"2,100",-,525,420,-,Bed,2x1,No,No,No,,,Sleep,-,Sleep,151,blue,Series,Rustic,blue,yellow,-,basic,,No,Yes,210,8,3,the frame,2,the bedding,1,Sapphire,,-,-,あおいベッド,cama azul,cama azul,lit bleu,lit bleu,Azurbett,letto blu,블루 침대,0139,0069,0301,0299,0956,0954,0086,0665,0688,1.0,2100,2961,2A0B,rmk_blu_bedS,No,,,,,,blue bed
0141,blue bench,blue bench (Blue),,,Nooklings,A,Yes,"1,900",-,475,380,-,Seat,2x1,No,No,No,,,Sit,-,Sit,151,blue,Series,Rustic,blue,blue,-,basic,,No,Yes,190,4,3,the wood color,1,-,1,Sapphire,,-,-,あおいベンチ,banco azul,banco azul,banc bleu,banc bleu,Azurbank,panca blu,블루 벤치,0140,0070,0121,0118,0100,0100,0085,0919,0681,1.0,1900,2965,2A0F,rmk_blu_chairL,No,,,,,,blue bench
0142,blue bookcase,blue bookcase (Blue),,,Nooklings,A,Yes,"1,900",-,475,380,-,-,2x1,No,Yes,No,,,,,,151,blue,Series,Rustic,blue,blue,-,basic,,No,Yes,190,4,3,the wood color,1,-,1,Sapphire,,-,-,あおいほんだな,librería azul,librería azul,étagère bleue,étagère bleue,Azurregal,libreria blu,블루 책장,0141,0071,0850,0848,0619,0616,0088,0714,0687,1.0,1900,2967,2A11,rmk_blu_bookshelf,No,,,,,,blue bookcase
0143,blue bureau,blue bureau (Blue),,,Nooklings,A,Yes,"2,160",-,540,432,-,Dresser,2x1,No,Yes,No,,,Storage,Press,Press,151,blue,Series,Rustic,blue,blue,-,basic,,No,Yes,216,4,3,the wood color,1,-,1,Sapphire,,-,-,あおいタンス,cómoda azul,cómoda azul,commode bleue,commode bleue,Azurkommode,comò blu,블루 서랍장,0142,0064,0460,0458,0476,0475,0087,0318,0683,1.0,2160,2962,2A0C,rmk_blu_chestA,No,,,,,,blue bureau
0144,blue cabinet,blue cabinet (Blue),,,Nooklings,A,Yes,"2,400",-,600,480,-,Closet,1x1,No,No,No,,,Storage,Press,Press,151,blue,Series,Rustic,blue,blue,-,basic,,No,Yes,240,4,3,the wood color,1,-,1,Sapphire,,-,-,あおいキャビネット,ropero azul,ropero azul,armoire bleue,armoire bleue,Azurspind,credenza blu,블루 캐비닛,0143,0062,1369,1368,0030,0030,0091,0381,0689,1.0,2400,2968,2A12,rmk_blu_chestC,No,,,,,,blue cabinet
0145,blue certificate,blue certificate,,,Nooklings,-,Yes,960,-,240,192,-,-,1x1,Yes,No,No,,,,,,151,-,-,-,white,brown,-,iconic,,No,No,-,1,1,-,1,-,-,-,,-,-,ヨコがきのしょうじょう,certificado azul,certificado azul,diplôme bleu,diplôme bleu,Urkunde,attestato corso surf,가로로 쓴 표창장,0144,1612,0411,0409,0567,0566,1608,0105,0053,1.0,960,2CC4,2D6E,int_oth_awardY,Yes,,,,,blue certificate,-
0146,blue chair,blue chair (Blue),,,Nooklings,A,Yes,"1,200",-,300,240,-,Seat,1x1,No,No,No,,,Sit,-,Sit,151,blue,Series,Rustic,blue,blue,-,basic,,No,Yes,120,4,3,the wood color,1,-,1,Sapphire,,-,-,あおいイス,silla azul,silla azul,chaise bleue,chaise bleue,Azurstuhl,sedia blu,블루 의자,0145,0060,1403,1402,0339,0338,0092,1186,0686,1.0,1200,2964,2A0E,rmk_blu_chairS,No,,,,,,blue chair
0147,blue clock,blue clock (Blue),,,Nooklings,A,Yes,"1,600",-,400,320,-,Clock,1x1,No,No,No,,,,,,151,blue,Series,Rustic,blue,blue,-,basic,,No,Yes,160,4,3,the wood color,1,-,1,Sapphire,,-,-,あおいとけい,reloj azul,reloj azul,horloge bleue,horloge bleue,Azuruhr,orologio blu,블루 괘종시계,0146,0067,1290,1290,0784,0782,0094,0863,0680,1.0,1600,2969,2A13,rmk_blu_clockP,No,,,,,,blue clock
0148,blue corner,blue corner,,,Spotlight,-,Yes,"6,800",-,"1,700","1,360",-,-,2x2,No,No,No,,,,,,351,boxing,Theme,-,white,blue,-,sporty,,No,No,-,1,1,-,1,-,-,-,,-,-,あおコーナー,esquina azul,esquina azul,coin bleu,coin bleu,Ecke (blau),angolo blu,청 코너,0147,0072,0569,0567,0463,0462,0297,0022,1245,1.0,6800,2A76,2B20,int_wrs_bedW02,No,,,,blue corner,,blue corner
0149,blue dresser,blue dresser (Blue),,,Nooklings,A,Yes,"2,100",-,525,420,-,Light,1x1,No,No,No,,,Toggle,Light,Press,151,blue,Series,Rustic,blue,white,-,basic,,No,Yes,210,4,3,the wood color,1,-,1,Sapphire,,-,-,あおいチェスト,cajonera azul,cajonera azul,buffet bleu,buffet bleu,Azurschränkchen,comodino blu,블루 수납장,0148,0065,0291,0289,0216,0214,0090,0357,0684,1.0,2100,296A,2A14,rmk_blu_lamp,No,,,,,,blue dresser
0150,Blue Falcon,Blue Falcon,,,Fortune,-,No,-,-,210,-,-,-,2x2,No,No,No,,,,,,151,Nintendo,Set,Sci-Fi / Toy Shop,blue,blue,-,sporty,,No,No,-,1,1,-,1,-,-,-,,-,-,ブルーファルコン,Blue Falcon,Blue Falcon,Blue Falcon,Blue Falcon,Blue Falcon,Blue Falcon,블루 팔콘,0149,1383,0206,0203,0153,0152,0162,0173,0691,1.0,840,2BE9,2C93,int_nin_bluefalcon,No,,,,-,,-
0151,blue table,blue table (Blue - Yellow),,,Nooklings,A,Yes,"1,800",-,450,360,-,Table,2x2,No,Yes,No,,,,,,151,blue,Series,Rustic,blue,yellow,-,basic,,No,Yes,180,8,3,the wood color,2,the tablecloth,1,Sapphire,,-,-,あおいテーブル,mesa azul,mesa azul,table bleue,table bleue,Azurtisch,tavolo blu,블루 테이블,0150,0066,0941,0940,1491,1491,0093,1487,0690,1.0,1800,2966,2A10,rmk_blu_tableL,No,,,,,,blue table
0152,blue vase,blue vase,,,Nooklings,A,Yes,"2,500",-,625,500,-,-,1x1,No,No,Yes,,,,,,151,vase,Set,Harmonious / Antique,aqua,aqua,-,historical,,No,No,-,1,1,-,1,-,-,-,,-,-,せいじのつぼ,jarrón azul,jarrón azul,vase bleu,vase bleu,Ming-Vase,vaso blu,청자,0151,0828,0728,0729,1697,1697,0925,1693,1248,1.0,2500,2B0C,2BB6,int_jar_jar_seiji,No,,,,,,blue vase
0153,blue wall shelf,blue wall shelf (Blue),,,Nooklings,-,Yes,"2,000",-,500,400,-,-,1x1,Yes,No,No,,,,,,151,blue,Series,Rustic,blue,blue,-,basic,,No,Yes,200,4,3,the wood color,1,-,1,Sapphire,,-,-,あおいウォールシェルフ,estante pared azul,estante pared azul,étagère mur bleue,étagère mur bleue,Azurwandregal,mensola blu,블루 벽걸이 쉘프,0152,0061,0583,0581,0632,0629,0095,0766,0682,1.0,2000,296B,2A15,rmk_blu_shelf_wall,Yes,,,,,blue wall shelf,-
0154,blue wardrobe,blue wardrobe (Blue),,,Nooklings,A,Yes,"1,920",-,480,384,-,Closet,1x1,No,No,No,,,Storage,Press,Press,151,blue,Series,Rustic,blue,blue,-,basic,,No,Yes,192,4,3,the wood color,1,-,1,Sapphire,,-,-,あおいクロゼット,armario azul,armario azul,penderie bleue,penderie bleue,Azurschrank,armadio blu,블루 옷장,0153,0063,0051,0051,1201,1199,0089,0050,0685,1.0,1920,2963,2A0D,rmk_blu_chestB,No,,,,,,-
0155,blueprints,blueprints,,,Digby's RV,-,No,-,-,"3,000",-,-,-,2x1,Yes,No,No,,,,,,151,-,-,Toy Shop,beige,white,-,official,,No,No,-,1,1,-,1,-,-,-,,-,-,まどりずのボード,tablón planos,tablón planos,panneau de plans,panneau de plans,Lageplan,planimetria,방 배치도 보드,0154,1476,1556,1556,1166,1164,0836,0996,0583,1.4,12000,-,30C4,int_szo_map,Yes,,,,,,-
0156,board game,board game,,,Claude's RV,-,No,-,-,300,240,-,-,1x1,No,No,Yes,,,,,,151,-,-,Toy Shop,colorful,green,-,cute,,No,No,-,1,1,-,1,-,-,-,,-,-,すごろく,juego de mesa,juego de tablero,plateau de jeu,plateau de jeu,Brettspiel,gioco da tavolo,보드게임,0155,0780,0742,0743,1263,1261,0183,0512,0635,1.4,1200,-,2FF2,int_oth_sugoroku,No,,,,board game,board game,board game
0157,bobsled,bobsled,,,Snowman,-,No,-,-,"1,200",-,-,-,2x1,No,No,No,,,,,,88,-,-,-,aqua,aqua,-,sporty,,No,No,-,1,1,-,1,-,-,-,,-,-,ボブスレー,trineo de carreras,trineo de carreras,bobsleigh,bobsleigh,Bob,bob,봅슬레이,0157,1432,1694,1693,0154,0153,0172,0174,0660,1.0,4800,2DC2,2E6C,int_oth_bobsleigh,Yes,,,,,bobsled,bobsled
0158,bomb,bomb,,,Ganon's RV,-,No,-,-,"3,000",-,-,-,1x1,No,No,Yes,,,,,,300,-,-,Toy Shop,black,yellow,-,iconic,,No,No,-,1,1,-,1,-,-,-,,-,-,バクダン,bomba,bomba,bombe,bombe,Bombe,bomba,폭탄,0158,1182,0218,0216,0176,0174,0176,0181,1544,1.4,12000,-,3080,int_zld_bomb,Yes,,,,,,-
0159,bonfire,bonfire,,,Tent Campers,-,Yes,"2,240",-,560,448,-,-,2x2,No,No,No,,,,,,451,-,-,-,red,brown,-,sporty,,No,No,-,1,1,-,1,-,-,-,,-,-,キャンプファイア,hoguera,hoguera,feu de joie,feu de joie,Feuer,fuoco di bivacco,캠프파이어,0159,0427,0712,0713,0678,0676,0396,0495,1312,1.0,2240,2B70,2C1A,int_tnt_fire02,No,,,,bonfire,,bonfire
0160,book stands,book stands,,,Leopold's RV,-,No,-,-,300,240,-,-,1x1,No,No,Yes,,,,,,151,-,-,-,colorful,gray,-,basic,,No,No,-,1,1,-,1,-,-,-,,-,-,ブックスタンド,sujetalibros,sujetalibros,serre-livres,serre-livres,Buchstütze,coppia di fermalibri,북엔드,0160,1356,1534,1534,1404,1402,0195,0373,0671,1.4,1200,-,2F4C,int_oth_bookstand,No,,,,book stands,book stands,-
0161,boomerang,boomerang,,,Nooklings,-,Yes,"1,200",-,300,240,-,-,1x1,Yes,No,No,,,,,,151,-,-,-,aqua,brown,-,iconic,,No,No,-,1,1,-,1,-,-,-,,-,-,ブーメラン,bumerán,bumerán,boomerang,boomerang,Bumerang,boomerang,부메랑,0161,1334,0229,0227,0187,0185,0200,0192,0663,1.0,1200,2D7C,2E26,int_jhn_boomerang,Yes,,,,boomerang,boomerang,-
0162,Boston bag,Boston bag (Brown),,,Stu's RV,-,No,-,-,400,320,-,-,1x1,No,No,Yes,,,,,,151,-,-,-,brown,brown,-,historical,,No,Yes,160,5,5,the body color,1,-,-,-,,-,-,ボストンバッグ,bolsa de viaje,bolsa de viaje,sac Boston,sac Boston,Weekender,borsa Boston,보스턴백,0162,1420,0216,0213,1377,1375,1668,0193,0641,1.4,1600,-,2F11,rmk_oth_bostonbag,No,,,,,Boston bag,Boston bag
0163,bottled ship,bottled ship,,,Souvenir Shop,-,No,-,60,750,600,37,-,1x1,No,No,Yes,,,,,,451,-,-,Toy Shop,gray,brown,-,iconic,,No,No,-,1,1,-,1,-,-,-,,-,-,ボトルシップ,barco en botella,barco en botella,bateau bouteille,bateau bouteille,Flaschenschiff,modellino nave,보틀쉽,0163,1431,0160,0157,0136,0135,0410,0810,0642,1.0,3000,2BC9,2C73,int_jhn_botle,No,,,,bottled ship,,bottled ship
0164,bow,bow,,,Nooklings,B,Yes,"1,400",-,350,280,-,-,1x1,No,No,No,,,,,,151,-,-,Harmonious / Antique / Quirky,black,yellow,-,iconic,,No,No,-,1,1,-,1,-,-,-,,-,-,ゆみ,arco,arco,arc,arc,Bogen,arco,활,0164,1597,0044,0044,0020,0020,0174,0038,1712,1.0,1400,2AFC,2BA6,int_jpn_bow,No,,,,bow,,-
0165,bowl sink,bowl sink (Light wood),,,Stella's RV,-,No,-,-,400,320,-,-,1x1,No,No,No,,,,,,151,-,-,-,beige,white,-,modern,,No,Yes,160,3,3,the shelf color,1,-,-,-,,-,-,せんめんボウル,lavabo tipo cuenco,lavabo tipo bol,vasque lavabo,vasque lavabo,Keramikwaschbecken,lavandino a ciotola,둥근 세면대,0165,0846,0836,0837,1700,1700,0711,0643,0328,1.4,1600,-,2F3A,rmk_oth_washbowl,No,,,,plain sink,bowl sink,bowl sink
0166,bowling pins,bowling pins,,,Nooklings,A,Yes,"1,200",-,300,240,-,-,1x1,No,No,No,,,,,,151,-,-,Toy Shop,white,white,-,sporty,,No,No,-,1,1,-,1,-,-,-,,-,-,ボウリングのピン,juego de bolos,juego de bolos,jeu de quilles,jeu de quilles,Bowlingset,set da bowling,볼링핀,0166,1409,0741,0742,0839,0837,0179,1284,0659,1.0,1200,2B58,2C02,int_oth_bowl_pin,No,,,,-,,-
0167,box corner sofa,box corner sofa (Green),,,Nooklings,A,Yes,"1,600",-,400,320,-,Seat,1x1,No,No,No,,,Sit,-,Sit,151,-,-,Trendy,green,green,-,basic,,No,Yes,160,8,8,the leather color,1,-,-,-,,-,-,ボックスソファのコーナー,módulo sofá esquina,módulo sofá esquina,angle de canapé,angle de canapé,Sofa-Eckelement,sofà pezzo d'angolo,사각 소파 코너,0167,1424,1085,1084,0012,0012,1420,1363,0715,1.0,1600,2CF6,2DA0,rmk_oth_LchairS02,Yes,,,,box corner sofa,box corner sofa,-
0168,box of chocolates,box of chocolates,,,Souvenir Shop,-,No,-,20,250,200,12,-,1x1,No,No,Yes,,,,,,451,-,-,-,brown,brown,-,cute,,No,No,-,1,1,-,1,-,-,-,,-,-,おみやげチョコレート,caja de bombones,caja de bombones,boîte de chocolats,boîte de chocolats,Schokolade,scatola cioccolatini,선물 초콜릿,0168,0265,0274,0272,0166,0164,1354,1140,0765,1.0,1000,2B68,2C12,int_oth_chocolate,No,,,chocolates,,,-
0169,box of tissues,box of tissues,,,Post Office,-,No,-,-,320,256,-,-,1x1,No,No,Yes,,,,,,500,-,-,-,white,white,-,basic,,No,No,-,1,1,-,1,-,-,-,,-,-,ティッシュペーパー,caja de pañuelos,caja de pañuelos,mouchoir,mouchoir,Taschentuch,scatola fazzolettini,티슈,0169,1004,0281,0279,1109,1107,1533,1145,1480,1.0,1280,2BF8,2CA2,int_oth_tissue,No,,,,,,box of tissues
0170,box sofa,box sofa (Green),,,Nooklings,D,Yes,"2,400",-,600,480,-,Seat,1x1,No,No,No,,,Sit,-,Sit,151,-,-,Trendy,green,green,-,basic,,No,Yes,240,8,8,the leather color,1,-,-,-,,-,-,ボックスソファ,módulo sofá largo,módulo sofá largo,module de canapé,module de canapé,Sofa-Element,sofà elemento lungo,사각 소파,0170,1423,1086,1085,1104,1102,1421,1346,0714,1.0,2400,2CF5,2D9F,rmk_oth_LchairS01,Yes,,,,box sofa,box sofa,-
0171,box with helmet,box with helmet,,,Resetti's RV,-,No,-,-,"3,000",-,-,-,1x1,No,No,Yes,,,,,,151,-,-,Toy Shop,yellow,beige,-,flashy,,No,No,-,1,1,-,1,-,-,-,,-,-,ヘルメットのはこ,caja con cascos,caja con cascos,boîte de casques,carton de casques,Helmkiste,scatola elmetto,헬멧 박스,0171,1398,0272,0270,0165,0317,0566,1144,1677,1.4,12000,-,30AE,int_mol_helmets,Yes,,,,,,box with helmet
0172,boxed figurine,boxed figurine (Girl),,,Bang ticket,-,No,-,-,300,240,-,Doll,1x1,No,No,Yes,,,,,,1051,-,-,Toy Shop,pink,pink,-,cute,,No,Yes,120,2,2,the figure,1,-,-,-,,-,-,はこいりフィギュア,muñeco de juguete,muñeco de juguete,figurine jouet,figurine jouet,Spielzeugfiguren-Set,figura giocattolo,피규어,0172,1189,1117,1116,0693,0691,1436,0447,1585,1.0,1200,2CF9,2DA3,rmk_oth_figure,Yes,,,,,boxed figurine,boxed figurine
0173,boxing barricade,boxing barricade,,,Nooklings,A,Yes,"1,050",-,262,209,-,-,1x1,No,No,No,,,,,,151,boxing,Theme,-,blue,blue,-,sporty,,No,No,-,1,1,-,1,-,-,-,,-,-,きゃくせきのフェンス,valla boxeo,valla boxeo,barrière de ring,barrière de ring,Absperrung,transenna boxe,안전 펜스,0173,0418,1714,1712,0129,0128,0024,1626,0953,1.0,1050,2A74,2B1E,int_wrs_barricade,No,,,,,,-
0174,boxing mat,boxing mat (Blue),,,Nooklings,A,Yes,"1,180",-,295,236,-,-,2x1,No,No,No,,,,,,151,boxing,Theme,-,blue,blue,-,sporty,,No,Yes,118,3,3,the color,1,-,-,-,,-,-,マット,colchoneta boxeo,colchoneta boxeo,tapis de boxe,tapis de boxe,Matte,tappetino boxe,매트,0174,1475,0451,0451,1597,1597,0905,1443,0454,1.0,1180,2A79,2B23,rmk_wrs_boxingmat,No,,,,blue exercise mat,,-
0175,box-shaped seat,box-shaped seat,,,Campground Shop,-,No,-,-,300,240,-,Seat,1x1,No,Yes,No,,,Sit,-,Sit,151,-,-,-,brown,brown,-,historical,,No,No,-,1,1,-,1,-,-,-,,-,-,はこイス,taburete de trabajo,taburete de trabajo,tabouret cubique,tabouret cubique,Arbeitsschemel,sgabello cubico,박스 모양 의자,0175,1187,1562,1561,1587,1587,0052,1310,0573,1.4,1200,-,2F54,int_oth_workstool,No,,,,box-shaped seat,box-shaped seat,box-shaped seat
0176,bread basket,bread basket,,,Bea's RV,-,No,-,-,300,240,-,-,1x1,No,No,Yes,,,,,,151,-,-,-,brown,brown,-,basic,,No,No,-,1,1,-,1,-,-,-,,-,-,パンかご,cesta de pan,cesta de pan,corbeille à pain,corbeille à pain,Brotkorb,cesto di pane,빵 바구니,0176,1264,0417,0415,0536,0535,0190,0295,0711,1.4,1200,-,2F00,int_oth_breads,No,,,,,bread basket,bread basket
0177,bread box,bread box (Normal bread),,,Nooklings,A,Yes,800,-,200,160,-,-,1x1,No,No,Yes,,,,,,151,-,-,-,gray,brown,-,basic,,No,Yes,80,4,4,the bread,1,-,-,-,,-,-,パンケース,panera,panera,boîte à pain,boîte à pain,Brotkasten,cassetta per il pane,브레드 박스,0177,1266,1163,1166,0162,0161,0189,0270,0678,1.0,800,2CF2,2D9C,rmk_oth_breadcase,Yes,,,,,bread box,bread box
0178,bread-making set,bread-making set,,,Bea's RV,-,No,-,-,300,240,-,-,1x1,No,No,Yes,,,,,,151,-,-,-,beige,colorful,-,basic,,No,No,-,1,1,-,1,-,-,-,,-,-,パンづくりセット,equipo de panadería,equipo de panadería,nécessaire à pain,nécessaire à pain,Back-Set,set da panettiere,제빵 세트,0178,1277,0545,0543,1116,1114,0099,1288,1188,1.4,1200,-,2FE5,int_oth_cooking_b,No,,,,,bread-making set,bread-making set
0179,breaker,breaker,,,Nooklings,-,Yes,800,-,200,160,-,-,1x1,Yes,No,No,,,,,,151,-,-,Sci-Fi,white,white,-,basic,,No,No,-,1,1,-,1,-,-,-,,-,-,ブレーカー,interruptor,interruptor,disjoncteur,disjoncteur,Sicherungskasten,quadro interruttori,전원 차단기,0179,1384,0723,0724,0569,0568,1393,1056,1170,1.0,800,2CC9,2D73,int_oth_breaker,Yes,,,,breaker,breaker,-
0180,brick oven,brick oven,,,Campground Shop,-,No,-,-,700,560,-,-,2x1,No,No,No,,,,,,151,-,-,-,brown,black,-,iconic,,No,No,-,1,1,-,1,-,-,-,,-,-,いしがま,horno de piedra,horno de piedra,four en pierre,four en pierre,Steinofen,forno in mattoni,벽돌 가마,0180,0124,0715,0716,0708,0706,1466,0478,0629,1.4,2800,-,2F9C,int_oth_stoneoven,No,,,,brick oven,brick oven,brick oven
0181,broken post,broken post,,,Nooklings,C,Yes,"1,800",-,450,360,-,-,1x1,No,No,No,,,,,,151,-,-,Antique / Quirky,gray,gray,-,historical,,No,No,-,1,1,-,1,-,-,-,,-,-,おれたはしら,columna rota,columna rota,colonne brisée,colonne brisée,Antiksäule,colonna spezzata,부러진 기둥,0181,0271,0456,0456,0467,0466,0045,0315,0661,1.0,1800,2B52,2BFC,int_oth_piller_d,No,,,,ruined broken pillar,,-
0182,bromeliaceae,bromeliaceae,,,Garden Shop,-,Yes,"1,300",-,325,260,-,Plant,1x1,No,No,No,,,-,-,-,199,house plant,Set,Rustic,green,white,-,basic,,No,No,-,1,1,-,1,-,-,-,,-,-,アナナス,bromeliácea,bromeliácea,guzmania,guzmania,Bromelia,bromelia,아나나스,0182,0100,0224,0222,0752,0750,0185,0198,0914,1.0,1300,2B37,2BE1,int_plt_ananas,No,,,,,,bromeliaceae
0183,bronze bug trophy,bronze bug trophy,,,Nat,-,No,-,-,"1,150",-,-,-,1x1,No,No,Yes,,,,,,499,-,-,-,-,-,-,ornate,,No,No,-,1,1,-,1,-,-,-,,-,-,どうのムシトロフィー,bichotrofeo bronce,bichotrofeo bronce,trophée insecte brze,trophée insecte brze,Bronze-Insektenpokal,trofeo ins. bronzo,동 곤충 트로피,0183,1039,0180,0177,1683,1683,0188,1640,0307,1.0,4600,2C34,2CDE,int_oth_trophy_iC,Yes,,,,bronze bug trophy,bronze bug trophy,-
0184,bronze fish trophy,bronze fish trophy,,,Chip,-,No,-,-,"1,150",-,-,-,1x1,No,No,Yes,,,,,,499,-,-,-,-,-,-,ornate,,No,No,-,1,1,-,1,-,-,-,,-,-,どうのサカナトロフィー,pez de bronce,pez de bronce,trophée pêche bronze,trophée pêche bronze,Bronze-Angelpokal,trofeo pesca bronzo,동 물고기 트로피,0184,1038,1187,1189,1686,1686,0186,1643,0308,1.0,4600,2C31,2CDB,int_oth_trophy_fC,Yes,,,,bronze fish trophy,bronze fish trophy,bronze fish trophy
0185,brown pot,brown pot (Brown),,,Nooklings,A,Yes,800,-,200,160,-,-,1x1,No,No,Yes,,,,,,151,-,-,-,brown,brown,-,basic,,No,Yes,80,4,4,the design,1,-,-,-,,-,-,ちゃいろいかめ,olla marrón,olla marrón,pot marron,pot marron,Brauntopf,vaso marrone,갈색 항아리,0185,0950,1139,1141,1302,1300,0182,1698,0068,1.0,800,2C0C,2CB6,rmk_oth_kameB,No,,,,pot,,brown pot
0186,brown seat,brown seat (Brown),,,Spike's RV,-,No,-,-,800,640,-,Seat,2x1,No,No,No,,,Sit,-,Sit,151,-,-,-,brown,black,-,modern,,No,Yes,320,5,5,the body color,1,-,-,-,,-,-,ちゃいろのソファ,asiento marrón doble,asiento fofo doble,banc en cuir,banc en cuir,Ledersitzbank,sofà in pelle,갈색 소파,0186,0951,0101,0101,0108,0108,0853,1351,0067,1.4,3200,-,2FB4,rmk_oth_brown_chairL,No,,,,,brown seat,brown seat
0187,bucket,bucket,,,Nooklings,B,Yes,600,-,150,120,-,-,1x1,No,No,Yes,,,,,,151,spa,Theme,Harmonious,yellow,yellow,-,basic,,No,No,-,1,1,-,1,-,-,-,,-,-,おけ,palangana,palangana,seau,seau,Schüssel,secchio,대야,0187,0234,1155,1156,1395,1393,1371,1173,0285,1.0,600,2B05,2BAF,int_bth_pail,No,,,,,,-
0188,buffet server,buffet server,,,Nintendo Zone,-,No,-,-,711,568,-,-,1x1,No,No,Yes,,,,,,300,-,-,Harmonious,brown,gray,-,modern,,No,No,-,1,1,-,1,-,-,-,,-,-,おでんのなべ,bufé,bufé,chauffe-plat,chauffe-plat,Büfett,scaldavivande buffet,어묵 판매대,0188,0243,0227,0225,0423,0422,0196,1135,0980,1.0,2844,2CA8,2D52,int_oth_oden,Yes,,,,,buffet server,-
0189,bug zapper,bug zapper,,,Nooklings,B,Yes,"1,200",-,300,240,-,-,1x1,No,No,No,,,,,,151,mossy garden,Theme,-,blue,blue,-,cute,,No,No,-,1,1,-,1,-,-,-,,-,-,ゆうがとう,matabichos,matabichos,anti-moustiques,anti-moustiques,Insektenfänger,lampada insetticida,유아등,0189,1579,0931,0928,0013,0013,0643,0594,1076,1.0,1200,2A82,2B2C,int_gdn_bugzapper,No,,,,,,-
0190,bunk bed,bunk bed,,,Nooklings,C,Yes,"2,800",-,700,560,-,Bed,2x1,No,No,No,,,Sleep,-,Sleep,151,-,-,-,brown,white,-,iconic,,No,No,-,1,1,-,1,-,-,-,,-,-,にだんベッド,litera,litera,lit superposé,lit superposé,Etagenbett,letto a castello,2층 침대,0190,1107,0865,0863,1000,0998,0359,0659,0007,1.0,2800,2C49,2CF3,int_oth_bunkbed,Yes,,,,bunk bed,bunk bed,-
0191,bureom,bureom,,,Isabelle,-,No,-,-,300,-,-,-,1x1,No,No,Yes,,,,,,499,-,-,Harmonious,red,brown,-,iconic,,No,No,-,1,1,-,1,-,-,-,,-,-,ブロム,bureom,bureom,bureom,bureom,Nuss-Schälchen,bureom,부럼,0191,1391,0230,0228,0241,0239,1027,0202,0662,1.0,1200,2C0A,2CB4,int_oth_peanut,No,,,,,,-
0192,burger meal,burger meal,,,Huck's RV,-,No,-,-,300,240,-,-,1x1,No,No,Yes,,,,,,151,-,-,-,red,colorful,-,modern,,No,No,-,1,1,-,1,-,-,-,,-,-,ハンバーガーセット,combo hamburguesa,menú hamburguesa,menu de fast-food,menu de fast-food,Burger-Menü,pasto da fast food,햄버거 세트,0192,1280,0457,0936,1061,1060,0215,0944,1657,1.4,1200,-,2EDE,int_oth_hamburger,No,,,,,burger meal,-
0193,busing station,busing station (Light wood),,,Huck's RV,-,No,-,-,400,320,-,-,1x1,No,No,No,,,,,,151,-,-,-,beige,beige,-,modern,,No,Yes,160,4,4,the body color,1,-,-,-,,-,-,ダストコーナー,puesto bandejas,puesto bandejas,poubelle fast-food,poubelle fast-food,Tablettrückgabe,bidone fast food,분리수거 코너,0193,0886,1258,1261,1308,1306,1521,0164,0672,1.4,1600,-,2F76,rmk_fod_dustcorner,Yes,,,,busing station,,-
0194,bus-stop stand,bus-stop stand,,,Boyd's RV,-,No,-,-,300,240,-,-,1x1,No,No,No,,,,,,151,-,-,-,blue,red,-,historical,,No,No,-,1,1,-,1,-,-,-,,-,-,のりば,parada de autobús,parada de bus,panneau arrêt de bus,panneau arrêt de bus,Bushaltestelle,segnale fermata,정류장,0194,1123,1171,1174,1161,1159,0220,1256,1179,1.4,1200,-,3001,int_oth_busstop,No,,,,,bus-stop stand,-
0195,butterfly machine,butterfly machine,,,Nooklings,B,Yes,"2,680",-,670,536,-,Seat,1x1,No,No,No,,,Sit,-,Sit,151,-,-,Sci-Fi,black,gray,-,sporty,,No,No,-,1,1,-,1,-,-,-,,-,-,バタフライマシン,máquina pectorales,máquina pectorales,station papillon,station papillon,Kraftstation,panca pettorali,가슴 운동 기구,0195,1201,0920,0917,1448,1448,0791,0930,0056,1.0,2680,2CEF,2D99,int_fns_butterfly,Yes,,,,,butterfly machine,butterfly machine
0196,cabana armchair,cabana armchair (Plain - White),,,Souvenir Shop,-,No,-,40,500,400,25,Seat,1x1,No,No,No,,,Sit,-,Sit,451,cabana,Series,Harmonious / Rustic,brown,white,-,iconic,,No,Yes,200,6,2,the wicker color,2,the seat,1,Gold Nugget,,-,-,リゾートなソファ,butaca mimbre,butaca mimbre,fauteuil rotin,fauteuil rotin,Korbsessel,poltrona vimini,리조트 소파,0196,1648,0239,0237,0671,0669,0783,1017,0418,1.0,2000,2970,2A1A,rmk_rst_chairS01,No,,,,,,cabana armchair
0197,cabana bed,cabana bed (Plain - White),,,Souvenir Shop,-,No,-,40,500,400,25,Bed,2x2,No,No,No,,,Sleep,-,Sleep,451,cabana,Series,Harmonious / Rustic,brown,white,-,iconic,,No,Yes,200,6,2,the wicker color,2,the bedding,1,Gold Nugget,,-,-,リゾートなベッド,cama mimbre,cama mimbre,lit rotin,lit rotin,Korbbett,letto vimini,리조트 침대,0197,1652,0328,0326,0995,0993,0778,0710,0422,1.0,2000,296C,2A16,rmk_rst_bedW,No,,,,,,cabana bed
0198,cabana bookcase,cabana bookcase (Plain),,,Souvenir Shop,-,No,-,40,500,400,25,-,2x1,No,No,No,,,,,,451,cabana,Series,Harmonious / Rustic,brown,brown,-,iconic,,No,Yes,200,3,2,the wicker color,1,-,1,Gold Nugget,,-,-,リゾートなラック,librería mimbre,librería mimbre,étagère rotin,étagère rotin,Korb-Bücherregal,libreria vimini,리조트 수납 선반,0198,1653,0859,0857,0639,0636,0779,0725,0419,1.0,2000,2973,2A1D,rmk_rst_bookshelf,No,,,,,,-
0199,cabana chair,cabana chair (Plain),,,Souvenir Shop,-,No,-,40,500,400,25,Seat,1x1,No,No,No,,,Sit,-,Sit,451,cabana,Series,Harmonious / Rustic,brown,brown,-,iconic,,No,Yes,200,3,2,the wicker color,1,-,1,Gold Nugget,,-,-,リゾートなイス,silla mimbre,silla mimbre,chaise rotin,chaise rotin,Korbstuhl,sedia vimini,리조트 의자,0199,1644,1451,1451,0389,0388,0785,1253,0421,1.0,2000,296F,2A19,rmk_rst_chairS02,No,,,,,,cabana chair
0200,cabana dresser,cabana dresser (Plain),,,Souvenir Shop,-,No,-,40,500,400,25,Dresser,2x1,No,Yes,No,,,Storage,Press,Press,451,cabana,Series,Harmonious / Rustic,brown,brown,-,iconic,,No,Yes,200,3,2,the wicker color,1,-,1,Gold Nugget,,-,-,リゾートなタンス,cómoda mimbre,cómoda mimbre,commode rotin,commode rotin,Korbkommode,comò vimini,리조트 서랍장,0200,1649,0481,0479,0504,0503,0780,0354,0417,1.0,2000,296D,2A17,rmk_rst_chestA,No,,,,,,cabana dresser
0201,cabana lamp,cabana lamp (Plain),,,Souvenir Shop,-,No,-,40,500,400,25,Light,1x1,No,No,No,,,Toggle,Light,Press,451,cabana,Series,Harmonious / Rustic,blue,brown,-,iconic,,No,Yes,200,3,2,the wicker color,1,-,1,Gold Nugget,,-,-,リゾートなランプ,lámpara mimbre,lámpara mimbre,lampe rotin,lampe rotin,Korblampe,lampada vimini,리조트 램프,0201,1654,0799,0799,0915,0913,0781,0619,0415,1.0,2000,2972,2A1C,rmk_rst_lamp,No,,,,,,cabana lamp
0202,cabana screen,cabana screen (Plain),,,Souvenir Shop,-,No,-,40,500,400,25,-,2x1,No,No,No,,,,,,451,cabana,Series,Harmonious / Rustic,brown,brown,-,iconic,,No,Yes,200,3,2,the wicker color,1,-,1,Gold Nugget,,-,-,リゾートなスクリーン,biombo mimbre,biombo mimbre,paravent rotin,paravent rotin,Korb-Wandschirm,separé vimini,리조트 파티션,0202,1647,0198,0195,1191,1189,0788,1277,0424,1.0,2000,2975,2A1F,rmk_rst_screen,No,,,,,,cabana screen
0203,cabana table,cabana table (Plain),,,Souvenir Shop,-,No,-,40,500,400,25,Table,2x1,No,Yes,No,,,,,,451,cabana,Series,Harmonious / Rustic,brown,brown,-,iconic,,No,Yes,200,3,2,the wicker color,1,-,1,Gold Nugget,,-,-,リゾートなテーブル,mesa mimbre,mesa mimbre,table rotin,table rotin,Korbtisch,tavolo vimini,리조트 테이블,0203,1650,1003,1003,1564,1564,0786,1560,0423,1.0,2000,2971,2A1B,rmk_rst_tableM,No,,,,,,cabana table
0204,cabana vanity,cabana vanity (Plain),,,Souvenir Shop,-,No,-,40,500,400,25,-,1x1,No,No,No,,,,,,451,cabana,Series,Harmonious / Rustic,brown,brown,-,iconic,,No,Yes,200,3,2,the wicker color,1,-,1,Gold Nugget,,-,-,リゾートなドレッサー,tocador mimbre,tocador mimbre,coiffeuse rotin,coiffeuse rotin,Korbspiegel,toletta vimini,리조트 화장대,0204,1651,1661,1659,0457,0456,0784,1605,0425,1.0,2000,2974,2A1E,rmk_rst_dresser,No,,,,,,cabana vanity
0205,cabana wall radio,cabana wall radio (Plain),,,Souvenir Shop,-,No,-,40,500,400,25,-,1x1,Yes,No,No,,,,,,451,cabana,Series,Harmonious / Rustic,brown,brown,-,iconic,,No,Yes,200,3,2,the wicker color,1,-,1,Gold Nugget,,-,-,リゾートなかべかけラジオ,radio mimbre,radio mimbre,radio mur rotin,radio mur rotin,Korb-Wandradio,radio a muro vimini,리조트 벽걸이 라디오,0205,1645,1269,1272,1338,1336,0787,1062,0416,1.0,2000,2976,2A20,rmk_rst_wall,Yes,,,,,cabana wall radio,-
0206,cabana wardrobe,cabana wardrobe (Plain),,,Souvenir Shop,-,No,-,40,500,400,25,Closet,1x1,No,No,No,,,Storage,Press,Press,451,cabana,Series,Harmonious / Rustic,brown,brown,-,iconic,,No,Yes,200,3,2,the wicker color,1,-,1,Gold Nugget,,-,-,リゾートなクロゼット,armario mimbre,armario mimbre,armoire rotin,armoire rotin,Korbschrank,armadio vimini,리조트 옷장,0206,1646,0075,0075,0054,0054,0782,0088,0420,1.0,2000,296E,2A18,rmk_rst_chestC,No,,,,,,cabana wardrobe
0207,cabin armchair,cabin armchair (Normal tree - Normal),,,Nooklings,C,Yes,"2,280",-,570,456,-,Seat,1x1,No,No,No,,,Sit,-,Sit,151,cabin,Series,Rustic,brown,colorful,-,iconic,,No,Yes,228,9,3,the wood material,3,the cushion,-,-,,-,-,ログソファ,butaca cabaña,butaca cabaña,fauteuil chalet,fauteuil chalet,Blockhaussessel,poltrona rustica,통나무 소파,0207,1700,0235,0233,0658,0656,0155,1013,1436,1.0,2280,2986,2A30,rmk_log_chairS02,No,,,,,,cabin armchair
0208,cabin bed,cabin bed (Normal tree - Normal),,,Nooklings,C,Yes,"2,400",-,600,480,-,Bed,2x1,No,No,No,,,Sleep,-,Sleep,151,cabin,Series,Rustic,brown,colorful,-,iconic,,No,Yes,240,9,3,the frame,3,the bedding,-,-,,-,-,ログベッド,cama cabaña,cama cabaña,lit chalet,lit chalet,Blockhausbett,letto rustico,통나무 침대,0208,1707,0304,0302,0963,0961,0151,0702,1443,1.0,2400,2982,2A2C,rmk_log_bedS,No,,,,,,cabin bed
0209,cabin bookcase,cabin bookcase (Normal tree - Normal),,,Nooklings,C,Yes,"2,300",-,575,460,-,-,2x1,No,Yes,No,,,,,,151,cabin,Series,Rustic,brown,colorful,-,iconic,,No,Yes,230,9,3,the wood material,3,the cloth,-,-,,-,-,ログほんだな,librería cabaña,librería cabaña,étagère chalet,étagère chalet,Blockhausregal,libreria rustica,통나무 책장,0209,1708,0851,0849,0625,0622,0153,0722,1441,1.0,2300,298A,2A34,rmk_log_bookshelf,No,,,,,,-
0210,cabin chair,cabin chair (Normal tree),,,Nooklings,C,Yes,"1,700",-,425,340,-,Seat,1x1,No,No,No,,,Sit,-,Sit,151,cabin,Series,Rustic,brown,brown,-,iconic,,No,Yes,170,3,3,the wood material,1,-,-,-,,-,-,ログチェア,silla cabaña,silla cabaña,chaise chalet,chaise chalet,Blockhausstuhl,sedia rustica,통나무 체어,0210,1703,1405,1404,0347,0346,0157,1242,1442,1.0,1700,2985,2A2F,rmk_log_chairS01,No,,,,,,cabin chair
0211,cabin clock,cabin clock (Normal tree),,,Nooklings,C,Yes,"2,000",-,500,400,-,Clock,1x1,No,No,No,,,,,,151,cabin,Series,Rustic,brown,brown,-,iconic,,No,Yes,200,3,3,the wood material,1,-,-,-,,-,-,ログはとどけい,reloj cabaña,reloj cabaña,horloge chalet,horloge chalet,Blockhausuhr,orologio rustico,통나무 비둘기시계,0211,1706,1292,1292,0789,0787,0160,0900,1435,1.0,2000,298B,2A35,rmk_log_clockB,No,,,,,,cabin clock
0212,cabin couch,cabin couch (Normal tree - Normal),,,Nooklings,C,Yes,"2,480",-,620,496,-,Seat,2x1,No,No,No,,,Sit,-,Sit,151,cabin,Series,Rustic,brown,colorful,-,iconic,,No,Yes,248,9,3,the wood material,3,the set of cushions,-,-,,-,-,ログソファL,sofá cabaña,sofá cabaña,canapé chalet,canapé chalet,Blockhaussofa,sofà rustico,통나무 소파 L,0212,1701,1490,1490,0283,0281,0156,1366,1437,1.0,2480,2987,2A31,rmk_log_chairL,No,,,,,,cabin couch
0213,cabin dresser,cabin dresser (Normal tree - Normal),,,Nooklings,C,Yes,"2,160",-,540,432,-,Dresser,1x1,No,No,No,,,Storage,Press,Press,151,cabin,Series,Rustic,brown,colorful,-,iconic,,No,Yes,216,9,3,the wood material,3,the cloth,-,-,,-,-,ログチェスト,cómoda cabaña,cómoda cabaña,commode chalet,commode chalet,Blockhauskommode,comò rustico,통나무 수납장,0213,1704,0461,0459,0480,0479,0152,0348,1439,1.0,2160,2983,2A2D,rmk_log_chestA,No,,,,,,cabin dresser
0214,cabin low table,cabin low table (Normal tree - Normal),,,Nooklings,C,Yes,"2,100",-,525,420,-,Table,2x1,No,Yes,No,,,,,,151,cabin,Series,Rustic,brown,colorful,-,iconic,,No,Yes,210,9,3,the wood material,3,the tablecloth,-,-,,-,-,ログソファテーブル,mesita cabaña,mesita cabaña,table basse chalet,table basse chalet,Blockhaustischchen,tavolino rustico,통나무 소파 테이블,0214,1702,1034,1033,1482,1482,0159,1479,1438,1.0,2100,2989,2A33,rmk_log_tableM,No,,,,,,cabin low table
0215,cabin table,cabin table (Normal tree - Normal),,,Nooklings,C,Yes,"2,100",-,525,420,-,Table,2x2,No,Yes,No,,,,,,151,cabin,Series,Rustic,brown,colorful,-,iconic,,No,Yes,210,9,3,the wood material,3,the tablecloth,-,-,,-,-,ログテーブル,mesa cabaña,mesa cabaña,table chalet,table chalet,Blockhaustisch,tavolo rustico,통나무 테이블,0215,1705,0947,0946,1500,1500,0158,1550,1444,1.0,2100,2988,2A32,rmk_log_tableL,No,,,,,,cabin table
0216,cabin wall clock,cabin wall clock (Normal tree),,,Nooklings,-,Yes,"1,800",-,450,360,-,Clock,1x1,Yes,No,No,,,,,,151,cabin,Series,Rustic,brown,brown,-,iconic,,No,Yes,180,3,3,the wood material,1,-,-,-,,-,-,ログかべかけどけい,reloj pared cabaña,reloj pared cabaña,horloge mur chalet,horloge mur chalet,Blockhauswanduhr,orol. muro rustico,통나무 벽시계,0216,1698,1326,1326,0809,0807,0161,0854,1434,1.0,1800,298C,2A36,rmk_log_wall,Yes,,,,,cabin wall clock,-
0217,cabin wardrobe,cabin wardrobe (Normal tree),,,Nooklings,C,Yes,"2,480",-,620,496,-,Closet,1x1,No,No,No,,,Storage,Press,Press,151,cabin,Series,Rustic,brown,brown,-,iconic,,No,Yes,248,3,3,the wood material,1,-,-,-,,-,-,ログクロゼット,armario cabaña,armario cabaña,armoire chalet,armoire chalet,Blockhausschrank,armadio rustico,통나무 옷장,0217,1699,0052,0052,0036,0036,0154,0080,1440,1.0,2480,2984,2A2E,rmk_log_chestC,No,,,,,,-
0218,cable spool,cable spool,,,Campground Shop,-,No,-,-,300,240,-,-,1x1,No,Yes,No,,,,,,151,-,-,-,brown,brown,-,basic,,No,No,-,1,1,-,1,-,-,-,,-,-,ケーブルドラム,bobina de cable,bobina de cable,touret,touret,Kabelrolle,bobina,케이블 릴,0218,0531,0207,0204,1666,1666,0653,0175,1351,1.4,1200,-,2F5B,int_oth_cabledrum,No,,,,,cable spool,cable spool
0219,cacao tree,cacao tree,,,Valentine's Day,-,No,-,-,420,-,-,Plant,1x1,No,No,No,,,-,-,-,499,-,-,Rustic,green,white,-,basic,,No,No,-,1,1,-,1,-,-,-,,-,-,カカオ,planta de cacao,planta de cacao,cacaoyer,cacaoyer,Kakaobaum,pianta di cacao,카카오,0219,0311,1222,1225,0248,0246,0662,0960,1302,1.0,1680,2D78,2E22,int_plt_cacao,Yes,,,,cacao tree,cacao tree,cacao tree
0220,cactus,cactus,,,Garden Shop,-,Yes,"1,700",-,425,340,-,Plant,1x1,No,No,No,,,-,-,-,199,cactus,Set,Rustic,green,brown,-,basic,,No,No,-,1,1,-,1,-,-,-,,-,-,へんぺいサボテン,cactus,cactus,cactus,cactus,Flachkaktus,cactus,납작 선인장,0220,1404,0252,0250,0249,0247,0409,0210,0202,1.0,1700,2AE5,2B8F,int_cct_smooth,No,,,,cactus,,cactus
0221,cafeteria table,cafeteria table (Green),,,Sylvana's RV,-,No,-,-,800,640,-,Table,2x1,No,Yes,No,,,,,,151,-,-,-,green,gray,-,basic,,No,Yes,320,3,3,the countertop color,1,-,-,-,,-,-,しょくどうのテーブル,mesa de cafetería,mesa de bar,table de café,table de café,Bistrotisch,tavolo da bar,식당 테이블,0221,0718,0960,0958,1508,1508,0146,1500,0877,1.4,3200,-,2FA7,rmk_jpn_almtableM,No,,,,,cafeteria table,cafeteria table
0222,caladium,caladium,,,Garden Shop,-,Yes,"1,300",-,325,260,-,Plant,1x1,No,No,No,,,-,-,-,199,house plant,Set,Rustic,green,brown,-,basic,,No,No,-,1,1,-,1,-,-,-,,-,-,カラジューム,alocasia,alocasia,caladium,caladium,Buntwurz,calladio,칼라디움,0222,0359,0017,0016,0269,0267,0214,0217,1306,1.0,1300,2B2E,2BD8,int_plt_caladium,No,,,,,,caladium
0223,camp stove,camp stove,,,Igloo Campers,-,Yes,"1,200",-,300,240,-,-,1x1,No,No,Yes,,,,,,451,-,-,-,black,yellow,-,sporty,,No,No,-,1,1,-,1,-,-,-,,-,-,コッフェル,hornillo acampada,hornillo acampada,réchaud de camping,réchaud de camping,Campingofen,fornello campeggio,코펠,0223,0594,0714,0715,1355,1353,0224,0474,1361,1.0,1200,2DC4,2E6E,int_oth_campstove,Yes,,,,camp stove,camp stove,camp stove
0224,campfire,campfire,,,Igloo Campers,-,Yes,"1,360",-,340,272,-,-,1x1,No,No,No,,,,,,451,-,-,-,red,brown,-,sporty,,No,No,-,1,1,-,1,-,-,-,,-,-,たきび,fuego campamento,fuego campamento,feu de camp,feu de camp,Lagerfeuer,fuoco da campo,모닥불,0224,0878,0663,0665,0677,0675,0837,0494,0483,1.0,1360,2B6F,2C19,int_tnt_fire01,No,,,,campfire,,-
0225,campfire cookware,campfire cookware,,,Tent Campers,-,Yes,800,-,200,160,-,-,1x1,No,No,No,,,,,,451,-,-,-,black,brown,-,iconic,,No,No,-,1,1,-,1,-,-,-,,-,-,はんごう,cazuela hoguera,cazuela hoguera,casserole de camping,casserole de camping,Camping-Kochkessel,falò da campeggio,반합,0225,1267,0407,0405,0325,0324,0223,0439,0581,1.0,800,2C62,2D0C,int_tnt_messtin,Yes,,,,campfire cookware,campfire cookware,campfire cookware
0226,Cancer table,Cancer table,,,DLC,-,Yes,"4,800",-,"1,200",960,-,Table,1x1,No,Yes,No,,,,,,300,-,-,-,yellow,yellow,-,cute,,No,No,-,1,1,-,1,-,-,-,,-,-,キャンサーのテーブル,mesa Cáncer,mesa Cáncer,table Cancer,table Cancer,Krebs-Tisch,tavolo Cancro,게자리 테이블,0226,0425,0949,0949,1494,1494,0795,1490,0091,1.0,4800,2E06,2EB0,int_sgn_Cancer,Yes,,,,Cancer table,Cancer table,-
0227,candelabra,candelabra,,,Billy's RV,-,No,-,-,300,240,-,Light,1x1,No,No,Yes,,,Toggle,Light,Press,151,-,-,Antique,white,yellow,-,ornate,,No,No,-,1,1,-,1,-,-,-,,-,-,ごうかなしょくだい,candelabro de mesa,candelabro de mesa,chandelier fantaisie,chandelier fantaisie,Armleuchter,candelabro dorato,호화로운 촛대,0227,0550,0366,0364,0401,0400,0055,0230,1687,1.4,1200,-,2EDF,int_oth_kcandle_sp,No,,,,,candelabra,candelabra
0228,candle,candle,,,Nooklings,A,Yes,"1,280",-,320,256,-,Light,1x1,No,No,Yes,,,Toggle,Light,Press,151,-,-,Quirky,white,yellow,-,basic,,No,No,-,1,1,-,1,-,-,-,,-,-,ろうそく,vela,vela,bougeoir,bougeoir,Kerze,candela,촛불,0228,1696,1720,1718,0195,0193,0712,0227,1263,1.0,1280,2BD2,2C7C,int_oth_candle_lamp,No,,,,candle,,candle
0229,candy jar,candy jar,,,Nooklings,B,Yes,"2,200",-,550,440,-,-,1x1,No,No,Yes,,,,,,151,-,-,Fairy Tale,colorful,colorful,-,cute,,No,No,-,1,1,-,1,-,-,-,,-,-,おかしケース,bote con chuches,bote con chuches,pot à bonbons,pot à bonbons,Bonbonglas,barattolo caramelle,과자 케이스,0229,0216,0221,0219,1295,1293,0177,0142,0120,1.0,2200,2C5B,2D05,int_oth_sweet,Yes,,,,,candy jar,candy jar
0230,candy machine,candy machine,,,Nooklings,D,Yes,980,-,245,196,-,-,1x1,No,No,No,,,,,,151,-,-,Toy Shop,red,colorful,-,cute,,No,No,-,1,1,-,1,-,-,-,,-,-,キャンディマシン,máquina dulces,máquina dulces,distributeur bonbons,distributeur bonbons,Snackautomat,distrib. caramelle,캔디 머신,0230,0426,0915,0912,0572,0571,1417,0411,1311,1.0,980,2BB8,2C62,int_oth_candymachine,No,,,,candy machine,,candy machine
0231,cans,cans,,,Campground Shop,-,No,-,-,300,240,-,-,1x1,No,No,Yes,,,,,,151,-,-,-,colorful,colorful,-,basic,,No,No,-,1,1,-,1,-,-,-,,-,-,かんづめ,lote de conservas,lote de conservas,lot de conserves,lot de conserves,Dosenstapel,mucchio scatolette,통조림 캔,0231,0380,0868,0864,1010,1008,0284,0828,1445,1.4,1200,-,2F89,int_oth_foodcan,No,,,,cans,cans,cans
0232,Capricorn ornament,Capricorn ornament,,,DLC,-,Yes,"4,800",-,"1,200",960,-,Dresser,2x1,No,No,No,,,Storage,Press,Press,300,-,-,-,white,white,-,cute,,No,No,-,1,1,-,1,-,-,-,,-,-,カプリコーンのおきもの,estatua Capricornio,estatua Capricornio,statue Capricorne,statue Capricorne,Steinbock-Skulptur,statua Capricorno,염소자리 모형,0232,0342,0599,0597,1451,1451,1465,1392,1006,1.0,4800,2E0C,2EB6,int_sgn_Capricornus,Yes,,,,Capricorn ornament,Capricorn ornament,-
0233,capsule-toy machine,capsule-toy machine (Red),,,Nooklings,D,Yes,"1,480",-,370,296,-,-,1x1,No,No,No,,,,,,151,-,-,Toy Shop,red,beige,-,cute,,No,Yes,148,6,6,the body color,1,-,-,-,,-,-,カプセルトイ,expendedora juguetes,expendedora juguetes,distributeur jouets,distributeur jouets,Spielzeugautomat,distributore giochi,장난감 뽑기,0233,0340,0607,0605,0574,0573,1435,0415,1147,1.0,1480,2CFC,2DA6,rmk_oth_cupsuletoy,Yes,,,,capsule-toy machine,capsule-toy machine,capsule-toy machine
0234,captain's monitor,captain's monitor,,,Spotlight,-,Yes,"2,800",-,700,560,-,-,2x1,No,No,No,,,,,,351,sci-fi,Theme,Sci-Fi / Toy Shop,red,colorful,-,modern,,No,No,-,1,1,-,1,-,-,-,,-,-,キャプテンのモニター,monitor del capitán,monitor del capitán,moniteur capitaine,moniteur capitaine,Pilotenmonitor,monitor del capitano,함장 모니터,0234,0424,1094,1093,1106,1104,1096,0816,1642,1.0,2800,2DAC,2E56,int_sff_monitor01,Yes,,,,,captain's monitor,captain's monitor
0235,card bed,card bed (Red),,,GracieGrace,-,No,"220,000",-,"55,000",-,-,Bed,2x1,No,No,No,,,Sleep,-,Sleep,299,card,Series,Toy Shop,red,white,-,cute,,No,Yes,22000,2,2,the card-back color,1,-,-,-,,-,-,トランプベッド,cama naipes,cama naipes,lit cartes,lit cartes,Kartenbett,letto carte,트럼프 침대,0235,1077,0332,0330,0961,0959,0688,0667,1472,1.0,220000,2D51,2DFB,rmk_trp_bedS,Yes,,,,,card bed,-
0236,card chair,card chair (Red),,,GracieGrace,-,No,"100,000",-,"25,000",-,-,Seat,1x1,No,No,No,,,Sit,-,Sit,299,card,Series,Toy Shop,red,white,-,cute,,No,Yes,10000,2,2,the card-back color,1,-,-,-,,-,-,トランプチェア,silla naipes,silla naipes,chaise cartes,chaise cartes,Kartenstuhl,sedia carte,트럼프 체어,0236,1075,1454,1454,0346,0345,0696,1189,1471,1.0,100000,2D53,2DFD,rmk_trp_chairS,Yes,,,,,card chair,-
0237,card closet,card closet (Red),,,GracieGrace,-,No,"240,000",-,"60,000",-,-,Closet,1x1,No,No,No,,,Storage,Press,Press,299,card,Series,Toy Shop,red,white,-,cute,,No,Yes,24000,2,2,the card-back color,1,-,-,-,,-,-,トランプクロゼット,armario naipes,armario naipes,armoire cartes,armoire cartes,Kartenschrank,armadio carte,트럼프 옷장,0237,1069,0078,0078,0034,0034,0694,0052,1470,1.0,240000,2D55,2DFF,rmk_trp_chestB,Yes,,,,,card closet,-
0238,card dresser,card dresser (Red),,,GracieGrace,-,No,"120,000",-,"30,000",-,-,Dresser,1x1,No,No,No,,,Storage,Press,Press,299,card,Series,Toy Shop,red,white,-,cute,,No,Yes,12000,2,2,the card-back color,1,-,-,-,,-,-,トランプタンス,cómoda naipes,cómoda naipes,commode cartes,commode cartes,Kartenkommode,comò carte,트럼프 서랍장,0238,1074,0484,0482,0479,0478,0690,0320,1467,1.0,120000,2D54,2DFE,rmk_trp_chestA,Yes,,,,,card dresser,-
0239,card lamp,card lamp (Red),,,GracieGrace,-,No,"80,000",-,"20,000",-,-,Light,1x1,No,No,No,,,Toggle,Light,Press,299,card,Series,Toy Shop,red,white,-,cute,,No,Yes,8000,2,2,the card-back color,1,-,-,-,,-,-,トランプランプ,lámpara naipes,lámpara naipes,lampe cartes,lampe cartes,Kartenlampe,lampada carte,트럼프 램프,0239,1078,0802,0802,0877,0875,0691,0576,1465,1.0,80000,2D57,2E01,rmk_trp_lamp,Yes,,,,,card lamp,-
0240,card screen,card screen (Red),,,GracieGrace,-,No,"90,000",-,"22,500",-,-,-,2x1,No,No,No,,,,,,299,card,Series,Toy Shop,red,white,-,cute,,No,Yes,9000,2,2,the card-back color,1,-,-,-,,-,-,トランプスクリーン,biombo naipes,biombo naipes,paravent cartes,paravent cartes,Kartenraumteiler,separé carte,트럼프 파티션,0240,1071,0199,0196,1184,1182,0692,1265,1475,1.0,90000,2D58,2E02,rmk_trp_screen,Yes,,,,,card screen,-
0241,card shelf,card shelf (Red),,,GracieGrace,-,No,"68,000",-,"17,000",-,-,-,1x1,No,No,No,,,,,,299,card,Series,Toy Shop,red,white,-,cute,,No,Yes,6800,2,2,the card-back color,1,-,-,-,,-,-,トランプシェルフ,estantería naipes,estantería naipes,étagère cartes,étagère cartes,Kartenregal,scaffale carte,트럼프 쉘프,0241,1070,0593,0591,0624,0621,0693,1123,1469,1.0,68000,2D59,2E03,rmk_trp_shelf,Yes,,,,,card shelf,-
0242,card sofa,card sofa (Red),,,GracieGrace,-,No,"180,000",-,"45,000",-,-,Seat,2x1,No,No,No,,,Sit,-,Sit,299,card,Series,Toy Shop,red,white,-,cute,,No,Yes,18000,2,2,the card-back color,1,-,-,-,,-,-,トランプソファ,sofá naipes,sofá naipes,canapé cartes,canapé cartes,Kartensofa,sofà carte,트럼프 소파,0242,1072,1510,1509,0281,0279,0695,1336,1468,1.0,180000,2D52,2DFC,rmk_trp_chairL,Yes,,,,,card sofa,-
0243,card table,card table (Red),,,GracieGrace,-,No,"200,000",-,"50,000",-,-,Table,2x2,No,Yes,No,,,,,,299,card,Series,Toy Shop,red,white,-,cute,,No,Yes,20000,2,2,the card-back color,1,-,-,-,,-,-,トランプテーブル,mesa naipes,mesa naipes,table cartes,table cartes,Kartentisch,tavolo carte,트럼프 테이블,0243,1076,1005,1005,1498,1498,0697,1491,1474,1.0,200000,2D5A,2E04,rmk_trp_tableL,Yes,,,,,card table,-
0244,card tower,card tower (Red),,,GracieGrace,-,No,"80,000",-,"20,000",-,-,-,2x1,No,No,No,,,,,,299,card,Series,Toy Shop,red,white,-,cute,,No,Yes,8000,2,2,the card-back color,1,-,-,-,,-,-,トランプタワー,torre naipes,torre naipes,tour de cartes,tour de cartes,Kartenhaus,castello carte,트럼프 타워,0244,1073,1678,1675,1663,1663,0689,0274,1473,1.0,80000,2D50,2DFA,rmk_trp_tower,Yes,,,,card tower,card tower,-
0245,card wall clock,card wall clock (Red),,,GracieGrace,-,No,"300,000",-,"75,000",-,-,Clock,1x1,Yes,No,No,,,,,,299,card,Series,Toy Shop,red,white,-,cute,,No,Yes,30000,2,2,the card-back color,1,-,-,-,,-,-,トランプウォールクロック,reloj pared naipes,reloj pared naipes,horloge cartes,horloge cartes,Kartenwanduhr,orologio carte,트럼프 벽시계,0245,1068,1331,1331,0787,0785,0698,0865,1466,1.0,300000,2D56,2E00,rmk_trp_clockN,Yes,,,,,card wall clock,-
0246,cardboard bed,cardboard bed,,,Re-Tail,-,No,"1,000",-,250,200,-,Bed,2x1,No,No,No,,,Sleep,-,Sleep,151,-,-,Quirky,brown,brown,-,flashy,,No,No,-,1,1,-,1,-,-,-,,-,-,ダンボールベッド,cama cartón,cama cartón,lit carton,lit carton,Kartonbett,letto scatolone,박스 침대,0246,0941,0306,0304,0962,0960,0700,0703,0577,1.0,1000,2D98,2E42,int_dmb_bedS,Yes,,,,cardboard bed,cardboard bed,cardboard bed
0247,cardboard box,cardboard box (Blank),,,Nooklings,B,Yes,100,-,25,20,-,Table,1x1,No,Yes,No,,,,,,151,-,-,-,brown,brown,-,flashy,,No,Yes,10,3,3,the box printing,1,-,-,-,,-,-,ダンボール,caja de cartón,caja de cartón,boîte en carton,boîte en carton,Karton,scatolone,종이 상자,0247,0936,0275,0273,0171,0169,0699,1147,1194,1.0,100,2BCF,2C79,rmk_oth_box01,No,,,,cardboard box,,cardboard box
0248,cardboard chair,cardboard chair,,,Re-Tail,-,No,800,-,200,160,-,Seat,1x1,No,Yes,No,,,Sit,-,Sit,151,-,-,Quirky,brown,brown,-,flashy,,No,No,-,1,1,-,1,-,-,-,,-,-,ダンボールイス,silla cartón,silla cartón,siège carton,siège carton,Kartonhocker,sgabello scatolone,박스 의자,0248,0937,1408,1407,1414,1413,0701,1323,0576,1.0,800,2D95,2E3F,int_dmb_stool,Yes,,,,cardboard chair,cardboard chair,-
0249,cardboard closet,cardboard closet,,,Re-Tail,-,No,920,-,230,184,-,Closet,1x1,No,No,No,,,Storage,Press,Press,151,-,-,Quirky,brown,brown,-,flashy,,No,No,-,1,1,-,1,-,-,-,,-,-,ダンボールクロゼット,armario cartón,armario cartón,armoire carton,armoire carton,Kartonschrank,armadio scatolone,박스 옷장,0249,0938,0054,0054,0035,0035,0702,0081,0575,1.0,920,2D97,2E41,int_dmb_chestC,Yes,,,,,cardboard closet,-
0250,cardboard sofa,cardboard sofa,,,Re-Tail,-,No,960,-,240,192,-,Seat,2x1,No,No,No,,,Sit,-,Sit,151,-,-,Quirky,brown,brown,-,flashy,,No,No,-,1,1,-,1,-,-,-,,-,-,ダンボールソファ,sofá cartón,sofá cartón,canapé carton,canapé carton,Kartonsofa,sofà scatolone,박스 소파,0250,0939,1492,1492,0282,0280,0703,1367,0574,1.0,960,2D96,2E40,int_dmb_chairL,Yes,,,,cardboard sofa,cardboard sofa,-
0251,cardboard table,cardboard table,,,Re-Tail,-,No,960,-,240,192,-,Table,2x2,No,Yes,No,,,,,,151,-,-,Quirky,brown,brown,-,flashy,,No,No,-,1,1,-,1,-,-,-,,-,-,ダンボールテーブル,mesa cartón,mesa cartón,table carton,table carton,Kartontisch,tavolo scatolone,박스 테이블,0251,0940,0950,0950,1499,1499,0704,1551,0578,1.0,960,2D94,2E3E,int_dmb_tableL,Yes,,,,cardboard table,cardboard table,-
0252,carp banner,carp banner,,,Nooklings,-,Yes,"2,020",-,505,404,-,-,1x1,No,No,No,,,,,,451,-,-,Harmonious,colorful,colorful,-,iconic,,No,No,-,1,1,-,1,-,-,-,,-,-,こいのぼり,koinobori,koinobori,bannière carpe,bannière carpe,Karpfenwimpel,pennone koinobori,잉어 깃발,0252,0544,0760,0760,0118,0117,0686,0950,1129,1.0,2020,2C11,2CBB,int_oth_koinobori,No,,,,carp banner,,carp banner
0253,carpentry set,carpentry set,,,Cyrus's RV,-,No,-,-,"3,000",-,-,-,2x1,No,No,Yes,,,,,,151,-,-,Toy Shop,beige,white,-,basic,,No,No,-,1,1,-,1,-,-,-,,-,-,だいくセット,plano restauración,plano restauración,ens. de charpenterie,set de charpenterie,Tischlerzubehör,set da carpentiere,목공 세트,0253,0860,1220,1224,0591,1408,1562,1285,0493,1.4,12000,-,30BE,int_rpc_working,Yes,,,,,,-
0254,cart return,cart return,,,Timmy and Tommy's RV,-,No,-,-,"3,000",-,-,-,2x1,No,No,No,,,,,,151,-,-,Toy Shop,gray,gray,-,modern,,No,No,-,1,1,-,1,-,-,-,,-,-,カートおきば,fila de carritos,fila de carritos,rangée de chariots,rangée de chariots,Einkaufswagendepot,fila di carrelli,카트 보관소,0254,0280,0645,0645,1341,1339,0324,0460,1304,1.4,12000,-,30AD,int_lrn_trolley,Yes,,,,,,-
0255,Casablanca lilies,Casablanca lilies,,,Ursala's RV,-,No,-,-,300,240,-,Plant,1x1,No,No,Yes,,,-,-,-,151,-,-,-,white,green,-,basic,,No,No,-,1,1,-,1,-,-,-,,-,-,カサブランカ,jarrón de azucenas,jarrón de azucenas,lys casablanca,lys casablanca,Lilienstrauß,vaso di gigli,카사블랑카 백합,0255,0318,0733,0734,1019,1017,0863,1695,1296,1.4,1200,-,2FF7,int_oth_casablanca,No,,,,Casablanca lilies,Casablanca lilies,Casablanca lilies
0256,cash register,cash register,,,Nooklings,C,Yes,"6,480",-,"1,620","1,296",-,-,1x1,No,No,Yes,,,,,,151,café,Set,-,yellow,brown,-,historical,,No,No,-,1,1,-,1,-,-,-,,-,-,レジスター,registradora,registradora,caisse,caisse,Kasse,cassa,계산대,0256,1672,1282,1282,0261,0259,0707,0260,0094,1.0,6480,2AD7,2B81,int_oth_register,No,,,,antique cash register,,-
0257,cash tray,cash tray (Silver),,,June's RV,-,No,-,-,400,320,-,-,1x1,No,No,Yes,,,,,,151,-,-,-,gray,gray,-,modern,,No,Yes,160,4,4,the body color,1,-,-,-,,-,-,キャッシュトレー,bandeja con cambio,bandeja con cambio,ramasse-monnaie,ramasse-monnaie,Trinkgeldschale,piattino del conto,캐시 트레이,0257,0421,0139,0136,1340,1338,1583,0970,1309,1.4,1600,-,2F69,rmk_shp_cashtray,No,,,,,cash tray,-
0258,cassette player,cassette player (Red),,,Nooklings,B,Yes,"1,500",-,375,300,-,Music Player,1x1,No,No,Yes,,,Music player,,Music,151,-,-,-,red,red,-,historical,,No,Yes,150,3,3,the tape-deck color,1,-,-,-,,-,-,ダブルラジカセ,radiocasete doble,radiocasete doble,lecteur de cassettes,lecteur de cassettes,Kassettenrekorder,mangianastri,더블 데크,0258,0903,1271,1274,0945,0943,0708,0750,0289,1.0,1500,2BA6,2C50,rmk_msc_Wdeck,No,,,"red boom box, white boom box",cassette player,,-
0259,casual display stand,casual display stand (Wood-and-white tile),,,Campground Shop,-,No,-,-,400,320,-,-,1x1,No,Yes,No,,,,,,151,-,-,-,beige,white,-,official,,No,Yes,160,4,4,the body color,1,-,-,-,,-,-,カジュアルなちんれつだい,expositor informal,expositor informal,socle expo commun,socle expo commun,Kunststoffauslage,espositore standard,캐주얼 진열대,0259,0321,0612,0610,1432,1431,0815,0436,1310,1.4,1600,-,2FAF,rmk_shp_tbl_ca,No,,,,,casual display stand,casual display stand
0260,cat tower,cat tower,,,Nintendo Zone,-,Yes,"1,600",-,400,320,-,-,1x1,No,No,No,,,,,,300,-,-,-,beige,beige,-,cute,,No,No,-,1,1,-,1,-,-,-,,-,-,キャットタワー,torre para gatos,torre para gatos,arbre à chat,arbre à chat,Kratzbaum,torre per gatti,캣타워,0260,0422,1679,1676,0017,0017,0794,1614,1313,1.0,1600,2C6D,2D17,int_oth_cattower,Yes,,,,cat tower,cat tower,cat tower
0261,caterpillar sofa,caterpillar sofa,,,Nat,-,No,-,-,450,360,-,Seat,2x1,No,No,No,,,Sit,-,Sit,651,insect,Set,Toy Shop,green,green,-,cute,,No,No,-,1,1,-,1,-,-,-,,-,-,いもむしソファ,sofá oruga,sofá oruga,canapé bombyx,canapé bombyx,Raupensofa,sofà bruco,송충이 소파,0261,0135,1514,1514,0278,0276,1194,1335,0788,1.0,1800,2CD8,2D82,int_isc_chairL,Yes,,,,,caterpillar sofa,-
0262,CD player,CD player,,,Nooklings,A,Yes,"1,600",-,400,320,-,Music Player,1x1,No,No,Yes,,,Music player,,Music,151,-,-,-,aqua,aqua,-,historical,,No,No,-,1,1,-,1,-,-,-,,-,-,CDラジカセ,lector de CD,lector de CD,lecteur CD,lecteur CD,CD-Player,lettore CD,CD카세트라디오,0262,0020,0846,0845,0943,0941,0225,0711,0023,1.0,1600,2BA5,2C4F,int_msc_CD,No,,,,,,-
0263,CD shelf,CD shelf,,,Nooklings,B,Yes,"1,200",-,300,240,-,-,1x1,No,No,No,,,,,,151,-,-,Trendy,brown,colorful,-,rock 'n' roll,,No,No,-,1,1,-,1,-,-,-,,-,-,CDラック,estantería para CD,estantería para CD,étagère à CD,étagère à CD,CD-Schrank,mobile porta CD,CD 수납 선반,0263,0021,0594,0592,0615,0612,0226,0797,0022,1.0,1200,2C70,2D1A,int_oth_cdrack,Yes,,,,,CD shelf,CD shelf
0264,cello,cello,,,Nooklings,A,Yes,"1,800",-,450,360,-,Instrument,1x1,No,No,No,,,Press,-,Press,151,string section,Set,-,brown,brown,-,basic,,No,No,-,1,1,-,1,-,-,-,,-,-,チェロ,violonchelo,violonchelo,violoncelle,violoncelle,Cello,violoncello,첼로,0264,0946,1729,1727,1713,1713,0227,1728,1251,1.0,1800,2B3D,2BE7,int_vio_cello,No,,,,cello,,-
0265,cement mixer,cement mixer,,,Nooklings,A,Yes,"1,600",-,400,320,-,-,1x1,No,No,No,,,,,,151,construction,Theme,-,yellow,yellow,-,rock 'n' roll,,No,No,-,1,1,-,1,-,-,-,,-,-,セメントミキサー,hormigonera,hormigonera,bétonneuse,bétonneuse,Zementmischer,betoniera,시멘트 믹서,0265,0838,0713,0714,0143,0142,1730,0158,0872,1.0,1600,2A72,2B1C,int_csx_sement,No,,,,cement mixer,,cement mixer
0266,ceramic hot pot,ceramic hot pot (Crab boil),,,Nooklings,B,Yes,"1,000",-,250,200,-,-,1x1,No,No,Yes,,,,,,151,-,-,Harmonious,brown,brown,-,iconic,,No,Yes,100,5,5,the menu,1,-,-,-,,-,-,どなべ,fondue oriental,fondue oriental,appareil à fondue,appareil à fondue,Feuertopf,set per zuppa,전골 냄비,0266,1059,0654,0655,0014,0014,0401,1296,1161,1.0,1000,2CAA,2D54,rmk_jpn_pot,Yes,,,,,ceramic hot pot,ceramic hot pot
0267,chain divider,chain divider,,,Gonzo's RV,-,No,-,-,700,560,-,-,2x1,No,No,No,,,,,,151,-,-,-,gray,gray,-,basic,,No,No,-,1,1,-,1,-,-,-,,-,-,チェーンポール,cadena de separación,cadena de separación,chaîne de balisage,chaîne de balisage,Absperrkette,dissuasore stradale,체인 폴,0267,0945,0258,0256,0330,0329,0022,0409,1249,1.4,2800,-,2FC6,int_oth_chainpole,No,,,,,chain divider,chain divider
0268,chaise lounge,chaise lounge (Cream),,,Nooklings,B,Yes,"2,480",-,620,496,-,Seat,2x1,No,No,No,,,Sit,-,Sit,151,-,-,Trendy,beige,brown,-,ornate,,No,Yes,248,6,6,the leather color,1,-,-,-,,-,-,カウチ,diván,diván,méridienne,méridienne,Chaiselongue,chaise longue,카우치,0268,0306,0537,0534,1065,1064,0229,0300,1299,1.0,2480,2CF3,2D9D,rmk_oth_couch,Yes,,,,,chaise lounge,chaise lounge
0269,chalkboard,chalkboard (Blank),,,Nooklings,D,Yes,"1,400",-,350,280,-,-,2x1,No,No,No,,,,,,151,classroom,Set,Sci-Fi,black,gray,-,official,,No,Yes,140,4,4,the chalk writing,1,-,-,-,,-,-,こくばん,pizarra,pizarra,tableau noir,tableau noir,Tafel,lavagna,칠판,0269,0581,1213,1217,1578,1578,1523,0637,1283,1.0,1400,2ABA,2B64,rmk_sch_blackboard,No,,,,chalkboard,,-
0270,changing room,changing room (White),,,Louie's RV,-,No,-,-,400,320,-,-,1x1,No,No,No,,,,,,151,-,-,-,white,white,-,modern,,No,Yes,160,6,6,the coloring,1,-,-,-,,-,-,しちゃくしつ,probador,probador,cabine d'essayage,cabine d'essayage,Umkleide,cabina di prova,피팅 룸,0270,0657,1246,1249,0246,0244,1602,0206,1597,1.4,1600,-,2F22,rmk_oth_fittingroom,No,,,,changing room,changing room,changing room
0271,checkout counter,checkout counter,,,Nooklings,D,Yes,"3,480",-,870,696,-,Table,1x1,No,Yes,No,,,,,,151,café,Set,-,brown,brown,-,historical,,No,No,-,1,1,-,1,-,-,-,,-,-,レジカウンター,mostrador,mostrador,comptoir,comptoir,Hoteltresen,sportello cassa,계산대 카운터,0271,1671,1104,1103,0516,0515,0622,1387,0095,1.0,3480,2AD6,2B80,int_oth_regicounter,No,,,,checkout counter,,-
0272,cheese,cheese,,,Norma's RV,-,No,-,-,300,240,-,-,1x1,No,No,Yes,,,,,,151,-,-,-,yellow,orange,-,basic,,No,No,-,1,1,-,1,-,-,-,,-,-,チーズ,tabla de quesos,tabla de quesos,plateau de fromages,plateau de fromages,Käseplatte,tagliere di formaggi,치즈,0272,0944,1546,1546,1262,1260,0706,1435,1270,1.4,1200,-,2FDD,int_oth_cheese,No,,,,,cheese,cheese
0273,cherry-blossom clock,cherry-blossom clock,,,DLC,-,Yes,"4,160",-,"1,040",832,-,Clock,1x1,Yes,No,No,,,,,,300,-,-,Rustic,pink,pink,-,cute,,No,No,-,1,1,-,1,-,-,-,,-,-,さくらクロック,reloj flor de cerezo,reloj flor de cerezo,horloge cerisier,horloge cerisier,Kirschblütenuhr,orol. fiore ciliegio,벚꽃 시계,0273,0628,1309,1309,0788,0786,0737,0851,0610,1.0,4160,2E12,2EBC,int_mon_04,Yes,,,,cherry-blossom clock,cherry-blossom clock,-
0274,Chihuahua ornament,Chihuahua ornament,,,Fortune,-,No,-,-,"3,000",-,-,Doll,1x1,No,No,Yes,,,,,,151,-,-,Toy Shop,white,white,-,cute,,No,No,-,1,1,-,1,-,-,-,,-,-,チワワのおきもの,figura chihuahua,figura chihuahua,statuette chihuahua,statuette chihuahua,Chihuahua-Ornament,statua chihuahua,치와와 모형,0274,0974,0627,0627,1458,1458,0232,1394,1269,1.4,12000,-,3090,int_nin_dog_Ch,No,,,Chihuahua model,,,-
0275,chocolate cake,chocolate cake,,,Isabelle,-,No,-,-,150,120,-,-,1x1,No,No,Yes,,,,,,0,-,-,Fairy Tale,brown,brown,-,cute,,Yes,No,-,1,1,-,1,-,-,-,,-,-,チョコレートケーキ,tarta de chocolate,tarta de chocolate,gâteau au chocolat,gâteau au chocolat,Schokoladenkuchen,torta al cioccolato,초콜릿 케이크,0275,0970,1596,1597,0720,0718,1356,1616,1262,1.0,600,2DAF,2E59,int_oth_chococake,Yes,,,,,chocolate cake,chocolate cake
0276,chocolate fountain,chocolate fountain (Milk chocolate),,,Nooklings,C,Yes,"2,200",-,550,440,-,-,1x1,No,No,Yes,,,,,,151,-,-,Fairy Tale,brown,brown,-,ornate,,No,Yes,220,2,2,the chocolate,1,-,-,-,,-,-,チョコレートフォンデュ,fuente de chocolate,fuente de chocolate,fontaine de chocolat,fontaine de chocolat,Schokoladenbrunnen,fontana cioccolato,초콜릿 분수,0276,0971,0665,0667,0704,0702,1355,0470,1259,1.0,2200,2CF4,2D9E,rmk_oth_fondue,Yes,,,,,chocolate fountain,chocolate fountain
0277,cicada stereo,cicada stereo,,,Nat,-,No,-,-,450,360,-,Music Player,1x1,No,No,No,,,Music player,,Music,651,insect,Set,Toy Shop,blue,brown,-,cute,,No,No,-,1,1,-,1,-,-,-,,-,-,セミコンポ,radio cigarra,radio cigarra,hi-fi cigale,hi-fi cigale,Zikadenanlage,stereo cicala,매미 오디오,0277,0837,1267,1270,0762,0760,1738,1411,0453,1.0,1800,2CE0,2D8A,int_isc_audio,Yes,,,,,cicada stereo,-
0278,Cinnamoroll parasol,Cinnamoroll parasol,,,Chai's RV,-,No,-,-,"3,000",-,-,-,1x1,No,No,No,,,,,,300,-,-,Fairy Tale / Toy Shop,colorful,pink,-,cute,,No,No,-,1,1,-,1,-,-,-,,-,-,シナモロールなパラソル,parasol Cinnamoroll,parasol Cinnamoroll,parasol Cinnamoroll,parasol Cinnamoroll,Cinnamoroll-Schirm,parasole Cinnamoroll,시나모롤 파라솔,0278,0680,1173,1176,1179,1177,0235,0940,0870,1.4,12000,-,306D,int_cnm_parasol,Yes,,,,Cinnamoroll parasol,,Cinnamoroll parasol
0279,Cinnamoroll sign,Cinnamoroll sign,,,Chai's RV,-,No,-,-,"3,000",-,-,-,1x1,No,No,No,,,,,,300,-,-,Fairy Tale / Toy Shop,aqua,white,-,cute,,No,No,-,1,1,-,1,-,-,-,,-,-,シナモロールなボード,cartel Cinnamoroll,cartel Cinnamoroll,menu Cinnamoroll,menu Cinnamoroll,Cinnamoroll-Menü,cartello Cinnamoroll,시나모롤 보드,0279,0681,0390,0390,1060,1059,0234,0254,0865,1.4,12000,-,306F,int_cnm_sign,Yes,,,,Cinnamoroll signage,,Cinnamoroll sign
0280,Cinnamoroll sofa,Cinnamoroll sofa,,,Chai's RV,-,No,-,-,"3,000",-,-,Seat,2x1,No,No,No,,,Sit,-,Sit,300,-,-,Fairy Tale / Toy Shop,white,pink,-,cute,,No,No,-,1,1,-,1,-,-,-,,-,-,シナモロールなソファ,sofá Cinnamoroll,sofá Cinnamoroll,canapé Cinnamoroll,canapé Cinnamoroll,Cinnamoroll-Sofa,sofà Cinnamoroll,시나모롤 소파,0280,0677,1494,1494,0284,0282,0236,1338,0866,1.4,12000,-,306E,int_cnm_chairL,Yes,,,,Cinnamoroll sofa,,Cinnamoroll sofa
0281,Cinnamoroll stool,Cinnamoroll stool,,,Chai's RV,-,No,-,-,"3,000",-,-,Seat,1x1,No,Yes,No,,,Sit,-,Sit,300,-,-,Fairy Tale / Toy Shop,white,beige,-,cute,,No,No,-,1,1,-,1,-,-,-,,-,-,シナモロールなスツール,taburete Cinnamoroll,taburete Cinnamoroll,tabouret Cinnamoroll,tabouret Cinnamoroll,Cinnamoroll-Hocker,sgabello Cinnamoroll,시나모롤 스툴,0281,0676,1560,1559,1586,1586,0233,1307,0867,1.4,12000,-,3070,int_cnm_stool,Yes,,,,Cinnamoroll stool,,Cinnamoroll stool
0282,Cinnamoroll table,Cinnamoroll table,,,Chai's RV,-,No,-,-,"3,000",-,-,Table,1x1,No,Yes,No,,,,,,300,-,-,Fairy Tale / Toy Shop,white,pink,-,cute,,No,No,-,1,1,-,1,-,-,-,,-,-,シナモロールなテーブル,mesita Cinnamoroll,mesita Cinnamoroll,table Cinnamoroll,table Cinnamoroll,Cinnamoroll-Tisch,tavolo Cinnamoroll,시나모롤 테이블,0282,0678,1036,1035,1502,1502,0238,1494,0868,1.4,12000,-,306C,int_cnm_tableS,Yes,,,,Cinnamoroll table,,Cinnamoroll table
0283,Cinnamoroll tray,Cinnamoroll tray,,,Chai's RV,-,No,-,-,"3,000",-,-,-,1x1,No,No,Yes,,,,,,300,-,-,Fairy Tale / Toy Shop,white,beige,-,cute,,No,No,-,1,1,-,1,-,-,-,,-,-,シナモロールなトレー,bandeja Cinnamoroll,bandeja Cinnamoroll,plateau Cinnamoroll,plateau Cinnamoroll,Cinnamoroll-Tablett,vassoio Cinnamoroll,시나모롤 트레이,0283,0679,0138,0135,1260,1258,0237,1704,0869,1.4,12000,-,3071,int_cnm_teaset,Yes,,,,Cinnamoroll tray,,Cinnamoroll tray
0284,circle banner,circle banner (Circle),,,Nooklings,C,Yes,"1,200",-,300,240,-,-,1x1,No,No,No,,,,,,151,-,-,Harmonious,black,red,-,historical,,No,Yes,120,4,1,-,4,the flag design,-,-,,-,-,のぼりのはた,banderín alargado,banderín alargado,bannière,étendard,Fahnenmast,stendardo,진군 깃발,0284,1122,0150,0147,0117,0640,0364,1409,1219,1.0,1200,2D72,2E1C,rmk_frt_flag,Yes,,,,,circle banner,-
0285,clackercart,clackercart,,,Nooklings,C,Yes,"1,380",-,345,276,-,-,1x1,No,No,No,,,,,,151,nursery,Theme,Fairy Tale,brown,colorful,-,cute,,No,No,-,1,1,-,1,-,-,-,,-,-,ておしぐるま,carrito carraca,carrito carraca,chariot,chariot,Spielwagen,macchinina,장난감차,0285,1011,0381,0381,0404,0403,1434,0745,1150,1.0,1380,2A91,2B3B,int_bab_cart,No,,,,clackercart,,-
0286,classic bed,classic bed (Brown - White),,,Nooklings,C,Yes,"2,520",-,630,504,-,Bed,2x2,No,No,No,,,Sleep,-,Sleep,151,classic,Series,Rustic,brown,white,-,basic,,No,Yes,252,9,3,the frame,3,the bedding,-,-,,-,-,シックなベッド,cama clásica,cama clásica,lit rustique,lit rustique,Klassikbett,letto antico,클래식 침대,0286,0669,0308,0306,0997,0995,0743,0662,1402,1.0,2520,294B,29F5,rmk_chc_bedW,No,,,,,,classic bed
0287,classic bookcase,classic bookcase (Brown),,,Nooklings,C,Yes,"2,560",-,640,512,-,-,2x1,No,Yes,No,,,,,,151,classic,Series,Rustic,brown,brown,-,basic,,No,Yes,256,3,3,the wood color,1,-,-,-,,-,-,シックなほんだな,librería clásica,librería clásica,étagère rustique,étagère rustique,Klassikregal,libreria antica,클래식 책장,0287,0670,0854,0852,0640,0637,0746,0712,1401,1.0,2560,2951,29FB,rmk_chc_book,No,,,,,,-
0288,classic buffet,classic buffet (Brown - Brown),,,Nooklings,C,Yes,"3,360",-,840,672,-,Table,2x1,No,Yes,No,,,,,,151,classic,Series,Rustic,brown,brown,-,basic,,No,Yes,336,9,3,the wood color,3,the cloth,-,-,,-,-,シックなローテーブル,mesa baja clásica,mesa baja clásica,console rustique,console rustique,Klassiksofatisch,tavolino antico,클래식 낮은 테이블,0288,0671,0942,0941,0529,0528,0750,1458,1394,1.0,3360,2952,29FC,rmk_chc_tableM,No,,,,,,classic buffet
0289,classic chair,classic chair (Brown),,,Nooklings,C,Yes,"1,800",-,450,360,-,Seat,1x1,No,No,No,,,Sit,-,Sit,151,classic,Series,Rustic,brown,brown,-,basic,,No,Yes,180,3,3,the wood color,1,-,-,-,,-,-,シックなイス,silla clásica,silla clásica,chaise rustique,chaise rustique,Klassikstuhl,sedia antica,클래식 의자,0289,0661,1410,1409,0391,0390,0752,1181,1400,1.0,1800,294E,29F8,rmk_chc_chairS,No,,,,,,classic chair
0290,classic clock,classic clock (Brown),,,Nooklings,C,Yes,"2,180",-,545,436,-,Clock,1x1,No,No,No,,,,,,151,classic,Series,Rustic,brown,brown,-,basic,,No,Yes,218,3,3,the wood color,1,-,-,-,,-,-,シックなふりこどけい,reloj clásico,reloj clásico,horloge rustique,horloge rustique,Klassikstanduhr,orologio antico,클래식 괘종시계,0290,0668,1296,1296,0828,0826,0751,0860,1393,1.0,2180,2954,29FE,rmk_chc_clockP,No,,,,antique clock,,classic clock
0291,classic desk,classic desk (Brown),,,Nooklings,C,Yes,"2,200",-,550,440,-,-,1x1,No,No,No,,,,,,151,classic,Series,Rustic,brown,brown,-,basic,,No,Yes,220,3,3,the wood color,1,-,-,-,,-,-,シックなビューロ,buró clásico,buró clásico,bureau rustique,bureau rustique,Klassiksekretär,scrittoio antico,클래식 뷰로,0291,0667,0231,0229,0239,0237,0748,1160,1396,1.0,2200,2953,29FD,rmk_chc_byuro,No,,,,,,classic desk
0292,classic screen,classic screen,,,Stella's RV,-,No,-,-,700,560,-,-,2x1,No,No,No,,,,,,151,-,-,Antique,black,black,-,historical,,No,No,-,1,1,-,1,-,-,-,,-,-,クラシックなついたて,biombo típico,biombo típico,paravent classique,paravent classique,Trennwand,paravento classico,클래식 파티션,0292,0482,0201,0198,1185,1183,1579,0942,1404,1.4,2800,-,2EE4,int_oth_screen_b,No,,,,,classic screen,classic screen
0293,classic sofa,classic sofa (Brown),,,Nooklings,C,Yes,"2,240",-,560,448,-,Seat,2x1,No,No,No,,,Sit,-,Sit,151,classic,Series,Rustic,yellow,yellow,-,basic,,No,Yes,224,3,3,the wood color,1,-,-,-,,-,-,シックなソファ,sofá clásico,sofá clásico,canapé rustique,canapé rustique,Klassiksofa,sofà antico,클래식 소파,0293,0664,1495,1495,0305,0303,0749,1331,1398,1.0,2240,294F,29F9,rmk_chc_chairL,No,,,,,,classic sofa
0294,classic table,classic table (Brown - Brown),,,Nooklings,C,Yes,"1,600",-,400,320,-,Table,1x1,No,Yes,No,,,,,,151,classic,Series,Rustic,brown,brown,-,basic,,No,Yes,160,9,3,the wood color,3,the cloth,-,-,,-,-,シックなテーブル,mesita clásica,mesita clásica,table rustique,table rustique,Klassiktisch,tavolo antico,클래식 테이블,0294,0666,1037,1036,1566,1566,0753,1483,1403,1.0,1600,2950,29FA,rmk_chc_tableS,No,,,,antique mini table,,classic table
0295,classic vanity,classic vanity (Brown),,,Nooklings,C,Yes,"2,560",-,640,512,-,Dresser,2x1,No,No,No,,,Storage,Press,Press,151,classic,Series,Rustic,brown,brown,-,basic,,No,Yes,256,3,3,the wood color,1,-,-,-,,-,-,シックなタンス,tocador clásico,tocador clásico,coiffeuse rustique,coiffeuse rustique,Klassikfrisiertisch,toletta antica,클래식 서랍장,0295,0665,1654,1652,0459,0458,0744,1590,1397,1.0,2560,294C,29F6,rmk_chc_chestA,No,,,,antique vanity,,-
0296,classic wall shelf,classic wall shelf (Brown),,,Nooklings,-,Yes,"2,400",-,600,480,-,-,1x1,Yes,No,No,,,,,,151,classic,Series,Rustic,brown,brown,-,basic,,No,Yes,240,3,3,the wood color,1,-,-,-,,-,-,シックなウォールシェルフ,estan. pared clásico,estan. pared clásico,étagère mur rustique,étagère mur rustique,Klassikhängeschrank,mensola antica,클래식 벽걸이 쉘프,0296,0662,0574,0572,0634,0631,0745,0765,1395,1.0,2400,2955,29FF,rmk_chc_shelf_wall,Yes,,,,,classic wall shelf,-
0297,classic wardrobe,classic wardrobe (Brown),,,Nooklings,C,Yes,"2,560",-,640,512,-,Closet,1x1,No,No,No,,,Storage,Press,Press,151,classic,Series,Rustic,brown,brown,-,basic,,No,Yes,256,3,3,the wood color,1,-,-,-,,-,-,シックなクロゼット,armario clásico,armario clásico,armoire rustique,armoire rustique,Klassikschrank,armadio antico,클래식 옷장,0297,0663,0056,0056,0056,0056,0747,0048,1399,1.0,2560,294D,29F7,rmk_chc_chestB,No,,,,,,-
0298,claw-foot tub,claw-foot tub (White),,,Nooklings,D,Yes,"1,280",-,320,256,-,-,2x1,No,No,No,,,,,,151,-,-,Fairy Tale,white,white,-,cute,,No,Yes,128,7,5,the bathtub color,1,-,2,Gold Nugget / Silver Nugget,,-,-,ねこあしバスタブ,bañera,bañera,baignoire à pieds,baignoire à pieds,Badewanne,vasca da bagno,럭셔리 욕조,0298,1117,0153,0150,0086,0086,0102,1688,0375,1.0,1280,2BC5,2C6F,rmk_oth_bathtub,No,,,,claw-foot tub,,claw-foot tub
0299,clay furnace,clay furnace,,,Nooklings,D,Yes,"1,800",-,450,360,-,-,1x1,No,No,No,,,,,,151,-,-,Harmonious,gray,brown,-,historical,,No,No,-,1,1,-,1,-,-,-,,-,-,かまど,chimenea terracota,chimenea terracota,four en terre cuite,four en terre cuite,Kochstelle,forno di terracotta,아궁이,0299,0355,0423,0421,0709,0707,0764,0477,0912,1.0,1800,2C86,2D30,int_jpn_cookstove,Yes,,,,clay furnace,clay furnace,clay furnace
0300,clear model,clear model,,,Nooklings,D,Yes,"3,360",-,840,672,-,Model,1x1,No,No,No,,,-,,,151,classroom,Set,Sci-Fi / Quirky,red,blue,-,flashy,,No,No,-,1,1,-,1,-,-,-,,-,-,とうめいなもけい,modelo arterial,modelo arterial,modèle circulation,modèle circulation,Kreislaufmodell,modello trasparente,투명 모형,0300,1040,1082,1081,1100,1098,0798,0813,1446,1.0,3360,2ABE,2B68,int_sch_manikin_clear,No,,,,-,,-
0301,clothes closet,clothes closet,,,Nooklings,C,Yes,"1,340",-,335,268,-,Dresser,1x1,No,No,No,,,Storage,Press,Press,151,-,-,-,beige,beige,-,cute,,No,No,-,1,1,-,1,-,-,-,,-,-,ファッションケース,armario de tela,armario de tela,penderie en tissu,penderie en tissu,Kleiderschrank,appendiabiti,패션 케이스,0301,1331,0060,0060,1202,1200,0757,0029,1511,1.0,1340,2BC4,2C6E,int_oth_fashioncase,No,,,,clothes closet,,-
0302,clothesline pole,clothesline pole (White shirt),,,Nooklings,B,Yes,960,-,240,192,-,-,2x1,No,No,No,,,,,,151,-,-,-,aqua,white,-,iconic,,No,Yes,96,4,1,-,4,the drying shirt,-,-,,-,-,ものほしざお,tendedero,tendedero,étendoir,étendoir,Wäscheleine,corda del bucato,빨래 건조대,0302,1570,1636,1635,0643,0641,1653,0375,0710,1.0,960,2B81,2C2B,rmk_oth_clothes,No,,,,clothesline pole,,clothesline pole
0303,cloud-making machine,cloud-making machine,,,Étoile's RV,-,No,-,-,"3,000",-,-,-,2x1,No,No,No,,,,,,300,-,-,Fairy Tale / Toy Shop,pink,white,-,cute,,No,No,-,1,1,-,1,-,-,-,,-,-,くもせいぞうき,máquina de nubes,máquina de nubes,machine à nuages,machine à nuages,Wolkenmaschine,macchina crea-nuvole,구름 제조기,0303,0478,0912,0909,1028,1026,1709,0736,0128,1.4,12000,-,306B,int_lts_machine,Yes,,,,Kiki & Lala cloud maker,,cloud machine
0304,coat hanger,coat hanger,,,Nooklings,C,Yes,"1,100",-,275,220,-,-,1x1,No,No,No,,,,,,151,-,-,Trendy,brown,gray,-,basic,,No,No,-,1,1,-,1,-,-,-,,-,-,コートハンガー,perchero,perchero,portemanteau,portemanteau,Garderobenständer,attaccapanni,코트 옷걸이,0304,0574,1182,1185,1288,1286,0446,0102,1360,1.0,1100,2C75,2D1F,int_oth_coathanger,Yes,,,,iron hanger stand,coat hanger,-
0305,coconut juice,coconut juice,,,Campground Shop,-,No,-,-,300,240,-,-,1x1,No,No,Yes,,,,,,151,-,-,Rustic,green,red,-,basic,,No,No,-,1,1,-,1,-,-,-,,-,-,ココナッツジュース,agua de coco,zumo de coco,jus de noix de coco,jus de noix de coco,Kokosnusswasser,acqua di cocco,코코넛 주스,0305,0584,0006,1742,0846,0844,0768,0003,1358,1.4,1200,-,2EDB,int_oth_coconut,No,,,,coconut juice,coconut juice,coconut juice
0306,coconut palm,coconut palm,,,Garden Shop,-,Yes,"1,200",-,300,240,-,Plant,1x1,No,No,No,,,-,-,-,199,house plant,Set,Rustic,green,brown,-,basic,,No,No,-,1,1,-,1,-,-,-,,-,-,ココヤシ,cocotero,cocotero,cocotier,cocotier,Kokosnusspalme,palma da cocco,코코야자,0306,0585,0440,0440,0436,0435,0767,0916,1359,1.0,1200,2B2C,2BD6,int_plt_palm,No,,,,,,coconut palm
0307,coffee cup,coffee cup,,,Brewster,-,No,-,-,500,400,-,-,1x1,No,No,Yes,,,,,,451,-,-,-,white,brown,-,official,,No,No,-,1,1,-,1,-,-,-,,-,-,コーヒーカップ,taza de café,taza de café,tasse de café,tasse de café,Kaffeetasse,tazza di caffè,커피 잔,0307,0575,1600,1600,1611,1611,0659,1562,1315,1.0,2000,2DB1,2E5B,int_oth_coffeecup,Yes,,,,coffee cup,coffee cup,-
0308,coffee grinder,coffee grinder,,,Brewster,-,No,-,-,400,320,-,-,1x1,No,No,Yes,,,,,,451,-,-,Trendy,brown,gray,-,historical,,No,No,-,1,1,-,1,-,-,-,,-,-,コーヒーミル,molinillo de café,molinillo de café,moulin à café,moulin à café,Kaffeemühle,macinino per caffè,커피밀,0308,0577,1087,1086,1110,1108,0658,0747,1317,1.0,1600,2DB3,2E5D,int_oth_coffeemill,Yes,,,,coffee grinder,coffee grinder,coffee grinder
0309,coffeemaker,coffeemaker,,,Brewster,-,No,-,-,200,160,-,-,1x1,No,No,Yes,,,,,,451,café,Set,Trendy,white,white,-,basic,,No,No,-,1,1,-,1,-,-,-,,-,-,コーヒーメーカー,cafetera,cafetera,cafetière,cafetière,Kaffeemaschine,macchina da caffè,커피메이커,0309,0578,0268,0266,0256,0254,0657,0737,1316,1.0,800,2AD5,2B7F,int_oth_coffeemaker,No,,,,,,-
0310,Coin,Coin,,,Fortune,-,No,-,-,210,-,-,-,1x1,No,No,Yes,,,,,,151,Mario,Theme,Toy Shop,yellow,yellow,-,cute,,No,No,-,1,1,-,1,-,-,-,,-,-,コイン,moneda,moneda,pièce,pièce,Münze,moneta,코인,0310,0545,1090,1089,1221,1219,0966,0815,1357,1.0,840,2BD9,2C83,int_smb_coin,No,,,coin,Coin,,Coin
0311,coin locker,coin locker,,,Stu's RV,-,No,-,-,300,240,-,Closet,1x1,No,No,No,,,Storage,Press,Press,151,-,-,-,gray,blue,-,official,,No,No,-,1,1,-,1,-,-,-,,-,-,コインロッカー,taquilla de monedas,taquilla de monedas,consigne automatique,consigne automatique,Gepäckaufbewahrung,armadietto a moneta,물품 보관함,0311,0546,1584,1584,0526,0525,0470,0045,0526,1.4,1200,-,2F6D,int_oth_locker,No,,,,,coin locker,coin locker
0312,colorful wheel,colorful wheel,,,Nooklings,B,Yes,"2,000",-,500,400,-,-,2x1,No,No,No,,,,,,151,-,-,Toy Shop,colorful,colorful,-,rock 'n' roll,,No,No,-,1,1,-,1,-,-,-,,-,-,ルーレット,ruleta colorida,ruleta colorida,roue colorée,roue colorée,Zahlenrad,ruota colorata,룰렛,0312,1661,1376,1375,1368,1367,1722,1097,0414,1.0,2000,2C64,2D0E,int_oth_roulette,Yes,,,,colorful wheel,colorful wheel,colorful wheel
0313,common bed,common bed (Red),,,Nooklings,B,Yes,800,-,200,160,-,Bed,2x1,No,No,No,,,Sleep,-,Sleep,151,-,-,-,red,brown,-,basic,,No,Yes,80,6,6,the bedding color,1,-,-,-,,-,-,よくあるベッド,cama básica,cama básica,lit ordinaire,lit ordinaire,Normalbett,letto comune,평범한 침대,0313,1609,0303,0301,0987,0985,1019,0669,1538,1.0,800,2BD7,2C81,rmk_def_bedS,No,,,"basic red bed, basic blue bed, basic yellow bed, basic green bed",,,common bed
0314,common chair,common chair (Green),,,Nooklings,C,Yes,800,-,200,160,-,Seat,1x1,No,No,No,,,Sit,-,Sit,151,-,-,-,green,green,-,basic,,No,Yes,80,7,7,the chair color,1,-,-,-,,-,-,よくあるチェア,silla básica,silla básica,chaise ordinaire,chaise ordinaire,Normalstuhl,sedia comune,평범한 의자,0314,1606,1404,1403,0380,0379,1020,1193,1535,1.0,800,2BAF,2C59,rmk_oth_chairS,No,,,"jade econo-chair, ruby econo-chair, gold econo-chair",,,common chair
0315,compact car,compact car (White),,,Rex's RV,-,No,-,-,"3,000","2,400",-,-,3x2,No,No,No,,,,,,151,-,-,Toy Shop,white,white,-,modern,,No,Yes,1200,5,5,the theme color,1,-,-,-,,-,-,コンパクトカー,auto compacto,coche compacto,voiture compacte,voiture compacte,Kleinwagen,auto compatta,소형 자동차,0315,0611,0112,0430,1731,1731,0758,0106,0784,1.4,12000,-,2FD9,rmk_car_com,No,,,,minicar,compact car,-
0316,compass,compass,,,Nooklings,B,Yes,"1,280",-,320,256,-,-,1x1,No,No,Yes,,,,,,151,-,-,Sci-Fi,gray,gray,-,basic,,No,No,-,1,1,-,1,-,-,-,,-,-,ほういじしゃく,brújula,brújula,boussole,boussole,Kompass,bussola,방위자석,0316,1406,0225,0223,0207,0205,0769,0203,0585,1.0,1280,2B67,2C11,int_jhn_compass,No,,,,-,,-
0317,complex machine,complex machine,,,Nooklings,B,Yes,"3,840",-,960,768,-,Table,2x2,No,Yes,No,,,,,,151,mad scientist,Theme,Sci-Fi / Quirky,black,gray,-,flashy,,No,No,-,1,1,-,1,-,-,-,,-,-,ややこしそうなキカイ,psicogenerador,psicogenerador,machine complexe,machine complexe,Streckmaschine,macchina complessa,복잡해 보이는 기계,0317,1578,1252,1255,1030,1028,1477,0735,0656,1.0,3840,2A9D,2B47,int_mad_mekaA,No,,,,-,,complex machine
0318,computer,computer,,,Nooklings,B,Yes,"1,720",-,430,344,-,-,1x1,No,No,No,,,,,,151,-,-,Sci-Fi,white,brown,-,basic,,No,No,-,1,1,-,1,-,-,-,,-,-,パソコンとラック,ordenador,ordenador,ordinateur,ordinateur,Computer,computer,컴퓨터와 책상,0318,1198,1141,1142,1137,1135,0239,0359,1343,1.0,1720,2BBE,2C68,int_oth_computer,No,,,,,,computer
0319,computer desk,computer desk,,,Nooklings,A,Yes,"3,600",-,900,720,-,-,1x1,No,No,No,,,,,,151,-,-,Trendy / Sci-Fi,black,white,-,official,,No,No,-,1,1,-,1,-,-,-,,-,-,オフィスパソコンラック,ordenador oficina,ordenador oficina,bureau avec PC,bureau avec PC,PC-Arbeitsplatz,postazione ufficio,사무용 컴퓨터 책상,0319,0255,1142,1143,0229,0227,1082,1042,0721,1.0,3600,2C7A,2D24,int_oth_computer_ofc,Yes,,,,,computer desk,computer desk
0320,conga drum,conga drum,,,Nooklings,A,Yes,"1,600",-,400,320,-,Instrument,1x1,No,No,No,,,Press,-,Press,151,drum,Set,-,brown,beige,-,basic,,No,No,-,1,1,-,1,-,-,-,,-,-,コンガ,tambor conga,tambor conga,conga,conga,Kongatrommel,conga,콩가,0320,0607,1576,1576,0522,0521,0770,0361,1364,1.0,1600,2B39,2BE3,int_pcs_conga,No,,,,-,,-
0321,console table,console table (Wood grain),,,Piper's RV,-,No,-,-,"1,400","1,120",-,Table,2x1,No,Yes,No,,,,,,151,-,-,Antique,brown,brown,-,ornate,,No,Yes,560,3,3,the body color,1,-,-,-,,-,-,コンソールテーブル,consola de madera,consola de madera,console à tiroirs,console à tiroirs,Konsolentisch,consolle elegante,콘솔 테이블,0321,0609,0506,0504,0527,0526,0772,0369,1362,1.4,5600,-,300A,rmk_oth_console,No,,,,,console table,console table
0322,conveyor belt,conveyor belt,,,Murphy's RV,-,No,-,-,900,720,-,-,2x1,No,Yes,No,,,,,,151,-,-,Sci-Fi,black,gray,-,modern,,No,No,-,1,1,-,1,-,-,-,,-,-,ベルトコンベアー,cinta transportadora,cinta transportadora,tapis mécanique,tapis mécanique,Fließband,nastro trasportatore,컨베이어 벨트,0322,1396,0427,0425,1598,1598,0411,0832,1318,1.4,3600,-,2EFD,int_oth_beltconveyor,No,,,,conveyor belt,conveyor belt,conveyor belt
0323,conveyor-belt sushi,conveyor-belt sushi (White plate),,,Nooklings,B,Yes,"3,600",-,900,720,-,-,2x2,No,No,No,,,,,,151,-,-,Harmonious,gray,colorful,-,modern,,No,Yes,360,4,4,the sushi,1,-,-,-,,-,-,かいてんずし,sushi giratorio,sushi giratorio,tapis roulant sushis,tapis roulant sushis,Sushi-Bar,trasportatore sushi,회전 초밥,0323,0304,1542,1542,1600,1600,1504,1628,1728,1.0,3600,2C92,2D3C,rmk_oth_sushi,Yes,,,,,conveyor-belt sushi,-
0324,cool globe,cool globe,,,Isabelle,-,No,-,-,"1,200",-,-,-,1x1,No,No,Yes,,,,,,499,-,-,Antique / Sci-Fi,brown,brown,-,modern,,No,No,-,1,1,-,1,-,-,-,,-,-,かっこいいちきゅうぎ,globo terrestre,globo terrestre,globe cool,globe cool,Globus (cool),globo girevole,멋진 지구의,0324,0327,0681,0683,0727,0725,0490,0522,0472,1.0,4800,2C00,2CAA,int_oth_earth,No,,,,cool globe,,cool globe
0325,copy machine,copy machine (Blank paper),,,Nooklings,B,Yes,"3,200",-,800,640,-,-,2x1,No,No,No,,,,,,151,-,-,Sci-Fi,white,white,-,modern,,No,Yes,320,2,1,-,2,the printed material,-,-,,-,-,コピーき,fotocopiadora,fotocopiadora,photocopieuse,photocopieuse,Kopierer,fotocopiatrice,복사기,0325,0596,0656,0657,1215,1213,0777,0482,0654,1.0,3200,2CAE,2D58,rmk_ofc_copy,Yes,,,,copy machine,copy machine,copy machine
0326,corinthian post,corinthian post,,,Nooklings,A,Yes,"3,600",-,900,720,-,-,1x1,No,No,No,,,,,,151,-,-,Antique / Quirky,gray,gray,-,historical,,No,No,-,1,1,-,1,-,-,-,,-,-,コリントのはしら,columna corintia,columna corintia,colonne Corinthe,colonne Corinthe,Korinthersäule,colonna corinzia,코린트 기둥,0326,0603,0453,0453,0468,0467,0789,0312,1355,1.0,3600,2B51,2BFB,int_oth_piller_c,No,,,Corinthian post,ruined decorated pillar,,-
0327,corkboard,corkboard (Footprint),,,Nooklings,-,Yes,"1,600",-,400,320,-,-,2x1,Yes,No,No,,,,,,151,-,-,Trendy / Sci-Fi,brown,orange,-,basic,,No,Yes,160,3,1,-,3,the leaflet,-,-,,-,-,コルクボード,tablón de corcho,tablón de corcho,tableau en liège,tableau en liège,Pinnwand,bacheca in sughero,코르크 보드,0327,0604,1554,1554,1575,1575,1110,0113,1354,1.0,1600,2E1B,2EC5,rmk_oth_cork,Yes,,,,corkboard,corkboard,-
0328,corn plant,corn plant,,,Garden Shop,-,Yes,"1,300",-,325,260,-,Plant,1x1,No,No,No,,,-,-,-,199,house plant,Set,Rustic,green,white,-,basic,,No,No,-,1,1,-,1,-,-,-,,-,-,ドラセナ,drácena,drácena,yucca,yucca,Yuccapalme,pianta felicità,홍죽,0328,1063,0538,0535,1740,1740,1719,0962,1690,1.0,1300,2B36,2BE0,int_plt_dracaena,No,,,,,,corn plant
0329,cornstalks,cornstalks,,,Campground Shop,-,No,-,-,700,560,-,Plant,2x1,No,No,No,,,-,-,-,151,-,-,Rustic,green,yellow,-,historical,,No,No,-,1,1,-,1,-,-,-,,-,-,とうもろこし,maizal,maizal,plant de maïs,plant de maïs,Maispflanzenreihe,filare di mais,옥수수,0329,1041,0883,0879,1245,1243,0891,0462,1033,1.4,2800,-,2F39,int_oth_corn,No,,,,,cornstalks,cornstalks
0330,cornucopia,cornucopia,,,Franklin,-,No,-,-,875,-,-,-,1x1,No,No,Yes,,,,,,1051,-,-,Rustic,brown,colorful,-,iconic,,No,No,-,1,1,-,1,-,-,-,,-,-,ほうじょうのつの,cornucopia,cornucopia,corne d'abondance,corne d'abondance,Füllhorn,cornucopia,풍요의 뿔,0330,1408,0513,0511,0538,0537,0432,0379,1567,1.0,3500,2C3A,2CE4,int_oth_cornucopia,No,,,,cornucopia,,-
0331,cosmos fan,cosmos fan (White),,,Leif,-,No,-,-,595,-,-,-,1x1,No,No,No,,,,,,1251,-,-,Rustic / Fairy Tale,white,green,-,cute,,No,Yes,238,3,3,the flower color,1,-,-,-,,-,-,コスモスのせんぷうき,ventilador cosmos,ventilador cosmos,ventilateur cosmos,ventilateur cosmos,Kamillenventilator,ventilatore cosmea,코스모스 선풍기,0331,0589,1724,1722,1706,1706,0666,1716,1356,1.0,2380,2DF2,2E9C,rmk_flo_fan,Yes,,,,,cosmos fan,-
0332,counter seat,counter seat (Red),,,Campground Shop,-,No,-,-,400,320,-,Seat,1x1,No,No,No,,,Sit,-,Sit,151,-,-,-,red,red,-,modern,,No,Yes,160,8,8,the body color,1,-,-,-,,-,-,カウンターイス,silla de mostrador,silla de bar moderna,tabouret de bar,tabouret de bar,Barhocker,sedia da bar,카운터 의자,0332,0308,1416,1414,1588,1588,0124,1198,1300,1.4,1600,-,2F73,rmk_oth_counterchair,No,,,,,counter seat,counter seat
0333,counter table,counter table (Casual),,,Bea's RV,-,No,-,-,800,640,-,Table,2x1,No,Yes,No,,,,,,151,-,-,-,beige,beige,-,basic,,No,Yes,320,4,4,the body color,1,-,-,-,,-,-,カウンターテーブル,barra mostrador,barra mostrador,table de comptoir,table de comptoir,Tresen,bancone,카운터 테이블,0333,0309,0163,0160,1509,1509,1580,0134,1301,1.4,3200,-,2FE8,rmk_oth_counter,No,,,,counter table,counter table,counter table
0334,country guitar,country guitar,,,Nooklings,B,Yes,"1,700",-,425,340,-,Instrument,1x1,No,No,No,,,Press,-,Press,151,guitar,Set,-,brown,brown,-,basic,,No,No,-,1,1,-,1,-,-,-,,-,-,アコギターAS2,guitarra country,guitarra country,guitare country,guitare country,Country-Gitarre,chitarra country,어쿠스틱기타 AS2,0334,0082,0692,0695,0747,0745,0240,0301,0982,1.0,1700,2B40,2BEA,int_gtr_Agtr02,No,,,,acoustic guitar,,-
0335,covered wagon,covered wagon,,,Spotlight,-,Yes,"3,800",-,950,760,-,-,2x1,No,No,No,,,,,,351,western,Theme,Rustic,beige,brown,-,historical,,No,No,-,1,1,-,1,-,-,-,,-,-,ほろばしゃ,carreta,carreta,chariot bâché,chariot bâché,Planwagen,carro carovana,마차,0335,1440,0377,0376,0407,0406,1118,0252,0444,1.0,3800,2A58,2B02,int_wst_wagon,No,,,,covered wagon,,covered wagon
0336,cow skull,cow skull,,,Nooklings,A,Yes,"1,020",-,255,204,-,-,1x1,No,No,Yes,,,,,,151,western,Theme,Quirky,white,gray,-,historical,,No,No,-,1,1,-,1,-,-,-,,-,-,うしのずがいこつ,calavera búfalo,calavera búfalo,crâne de vache,crâne de vache,Kuhschädel,teschio bufalo,소 두개골,0336,0153,0295,0293,0547,0546,0814,1582,0779,1.0,1020,2A53,2AFD,int_wst_cowskull,No,,,,-,,cow skull
0337,crab clock,crab clock,,,Chip,-,No,-,-,600,480,-,Clock,1x1,No,No,Yes,,,,,,651,fish,Set,Toy Shop,red,red,-,cute,,No,No,-,1,1,-,1,-,-,-,,-,-,なんじカニ？どけい,reloj cangrejo,reloj cangrejo,horloge crabe,horloge crabe,Krebsuhr,orologio granchio,꽃게 시계,0337,1103,1294,1294,0793,0791,0796,0875,0176,1.0,2400,2CE3,2D8D,int_fis_clockP,Yes,,,,,crab clock,-
0338,cradle,cradle (Pink),,,Nooklings,B,Yes,"3,800",-,950,760,-,-,1x1,No,No,No,,,,,,151,nursery,Theme,Fairy Tale,pink,pink,-,cute,,No,Yes,380,2,2,the cradle color,1,-,-,-,,-,-,ゆりかご,capazo,capazo,berceau,berceau,Wiege,culla,요람,0338,1598,0375,0373,0142,0141,1697,0390,1043,1.0,3800,2A8F,2B39,rmk_bab_cradle,No,,,,,,cradle
0339,crane game,crane game,,,Nooklings,D,Yes,"1,680",-,420,336,-,-,2x1,No,No,No,,,,,,151,-,-,Toy Shop,pink,pink,-,cute,,No,No,-,1,1,-,1,-,-,-,,-,-,クレーンゲーム,máquina gancho,máquina gancho,attrape-peluche,attrape-peluche,Kranspiel,gru acchiappa premi,인형 뽑기,0339,0515,0918,0915,0075,0075,0793,0528,1113,1.0,1680,2C9D,2D47,int_oth_cranegame,Yes,,,,crane game,crane game,-
0340,crayons,crayons,,,Carrie's RV,-,No,-,-,300,240,-,-,1x1,No,No,Yes,,,,,,151,-,-,Toy Shop,colorful,colorful,-,cute,,No,No,-,1,1,-,1,-,-,-,,-,-,クレヨン,caja de ceras,caja de ceras,boîte de crayons,boîte de crayons,Wachsmalstiftset,scatola di pastelli,크레용,0340,0516,0277,0275,0167,0165,1630,1143,1373,1.4,1200,-,2F59,int_oth_crayon,No,,,,,crayons,crayons
0341,cream and sugar,cream and sugar,,,Brewster,-,No,-,-,250,200,-,-,1x1,No,No,Yes,,,,,,451,-,-,Fairy Tale,brown,gray,-,iconic,,No,No,-,1,1,-,1,-,-,-,,-,-,シュガー&ミルク,bandeja leche/azúcar,bandeja leche/azúcar,pot de lait et sucre,pot de lait et sucre,Milch- und Zuckerset,latte con zucchero,슈거&밀크,0341,0701,0145,0142,1300,1298,0922,0632,0806,1.0,1000,2DB0,2E5A,int_oth_sugar_milk,Yes,,,,cream and sugar,cream and sugar,cream and sugar
0342,cream sofa,cream sofa,,,Nooklings,A,Yes,"2,000",-,500,400,-,Seat,2x1,No,No,No,,,Sit,-,Sit,151,-,-,-,white,white,-,basic,,No,No,-,1,1,-,1,-,-,-,,-,-,しろいソファ,sofá crema,sofá crema,canapé crème,canapé crème,Cremesofa,sofà panna,흰색 소파,0342,0728,1498,1498,0286,0284,0241,1360,1740,1.0,2000,2BC2,2C6C,int_oth_WchairL,No,,,,,,cream sofa
0343,creepy bat stone,creepy bat stone,,,Jack,-,No,-,-,500,-,-,-,1x1,No,No,No,,,,,,651,creepy,Theme,Quirky,gray,gray,-,flashy,,No,No,-,1,1,-,1,-,-,-,,-,-,ぶきみなはかいし,lápida pavorosa,lápida pavorosa,tombe lugubre,tombe lugubre,Gruselmausstein,lastra horror,섬뜩한 묘비,0343,1346,0829,0830,1651,1651,0532,0630,0770,1.0,2000,2AA6,2B50,int_hor_bosekiA,No,,,,-,,-
0344,creepy cauldron,creepy cauldron,,,Jack,-,No,-,-,900,-,-,-,1x1,No,No,No,,,,,,651,creepy,Theme,Sci-Fi / Quirky,purple,green,-,flashy,,No,No,-,1,1,-,1,-,-,-,,-,-,まじょのくすり,caldero pavoroso,caldero pavoroso,chaudron lugubre,chaudron lugubre,Gruselkessel,calderone horror,마녀의 냄비,0344,1469,0298,0296,0421,0420,0530,0216,0431,1.0,3600,2AA5,2B4F,int_hor_kame,No,,,,suspicious cauldron,,-
0345,creepy clock,creepy clock,,,Jack,-,No,-,-,700,-,-,Clock,1x1,No,No,No,,,,,,651,creepy,Theme,Quirky,brown,brown,-,flashy,,No,No,-,1,1,-,1,-,-,-,,-,-,くるったとけい,reloj pavoroso,reloj pavoroso,horloge lugubre,horloge lugubre,Gruseluhr,orologio horror,미치광이 시계,0345,0501,1334,1334,0806,0804,0537,0877,0548,1.0,2800,2AAA,2B54,int_hor_clockP,No,,,,-,,creepy clock
0346,creepy coffin,creepy coffin,,,Jack,-,No,-,-,500,-,-,Closet,1x1,No,No,No,,,Storage,Press,Press,651,creepy,Theme,Quirky,brown,brown,-,flashy,,No,No,-,1,1,-,1,-,-,-,,-,-,きょうふのかんおけ,ataúd pavoroso,ataúd pavoroso,cercueil lugubre,cercueil lugubre,Gruselsarg,bara horror,공포의 관,0346,0436,0107,0107,0328,0327,0533,0141,0115,1.0,2000,2AA8,2B52,int_hor_kanoke_chestB,No,,,,-,,creepy coffin
0347,creepy crystal,creepy crystal,,,Jack,-,No,-,-,"2,000",-,-,-,1x1,No,No,No,,,,,,651,creepy,Theme,Sci-Fi / Quirky,red,blue,-,flashy,,No,No,-,1,1,-,1,-,-,-,,-,-,ふきつなすいしょう,bola pavorosa,bola pavorosa,boule lugubre,boule lugubre,Gruselkristall,sfera horror,불길한 수정,0347,1345,0212,0210,0203,0201,0531,1299,0675,1.0,8000,2AA9,2B53,int_hor_table,No,,,,-,,creepy crystal
0348,creepy skeleton,creepy skeleton,,,Jack,-,No,-,-,500,-,-,-,1x1,No,No,No,,,,,,651,creepy,Theme,Sci-Fi / Quirky,white,white,-,flashy,,No,No,-,1,1,-,1,-,-,-,,-,-,がいこつ,difunto pavoroso,difunto pavoroso,squelette lugubre,squelette lugubre,Gruselskelett,scheletro horror,해골,0348,0296,0535,0532,1447,1446,0534,1149,1646,1.0,2000,2AA4,2B4E,int_hor_bone,No,,,,creepy skeleton,,creepy skeleton
0349,creepy statue,creepy statue,,,Jack,-,No,-,-,800,-,-,-,1x1,No,No,Yes,,,,,,651,creepy,Theme,Quirky,gray,gray,-,flashy,,No,No,-,1,1,-,1,-,-,-,,-,-,あやしげなきょうぞう,busto pavoroso,busto pavoroso,statue lugubre,statue lugubre,Gruselstatue,statua horror,수상한 흉상,0349,0105,0234,0232,1456,1456,0535,1401,0800,1.0,3200,2AAB,2B55,int_hor_kyouzou,No,,,,-,,creepy statue
0350,creepy stone,creepy stone,,,Jack,-,No,-,-,500,-,-,-,1x1,No,No,No,,,,,,651,creepy,Theme,Quirky,gray,gray,-,flashy,,No,No,-,1,1,-,1,-,-,-,,-,-,のろいのはかいし,estela pavorosa,estela pavorosa,stèle lugubre,stèle lugubre,Gruselstein,lapide horror,저주받은 묘비,0350,1124,0604,0602,1465,1465,0536,0628,1157,1.0,2000,2AA7,2B51,int_hor_bosekiB,No,,,,-,,-
0351,crew member's seat,crew member's seat,,,Spotlight,-,Yes,"2,800",-,700,560,-,Seat,1x1,No,No,No,,,Sit,-,Sit,351,sci-fi,Theme,Sci-Fi / Toy Shop,beige,red,-,modern,,No,No,-,1,1,-,1,-,-,-,,-,-,クルーのイス,silla de tripulación,silla de tripulación,siège équipage,siège équipage,Crewstuhl,poltrona equipaggio,함대원 의자,0351,0499,1422,1422,1419,1418,0243,1008,1641,1.0,2800,2DA8,2E52,int_sff_chairS02,Yes,,,,crew member's seat,crew member's seat,crew member's seat
0352,crew's monitor,crew's monitor,,,Spotlight,-,Yes,"2,400",-,600,480,-,-,2x1,No,No,No,,,,,,351,sci-fi,Theme,Sci-Fi / Toy Shop,colorful,colorful,-,modern,,No,No,-,1,1,-,1,-,-,-,,-,-,クルーのモニター,monitor tripulación,monitor tripulación,moniteur équipage,moniteur équipage,Crewmonitor,monitor equipaggio,함대원 모니터,0352,0500,1095,1094,1107,1105,0242,0817,1640,1.0,2400,2DAD,2E57,int_sff_monitor02,Yes,,,,,crew's monitor,-
0353,croton,croton,,,Garden Shop,-,Yes,"1,300",-,325,260,-,Plant,1x1,No,No,No,,,-,-,-,199,house plant,Set,Rustic,green,white,-,basic,,No,No,-,1,1,-,1,-,-,-,,-,-,クロトン,crotón,crotón,croton,croton,Wunderstrauch,croton,크로톤,0353,0521,0517,0515,0549,0548,1712,0386,1374,1.0,1300,2B2F,2BD9,int_plt_croton,No,,,,,,croton
0354,cruiser bike,cruiser bike (Red),,,Campground Shop,-,No,-,-,800,640,-,-,2x1,No,No,No,,,,,,151,-,-,-,red,beige,-,sporty,,No,Yes,320,6,6,the body color,1,-,-,-,,-,-,シティサイクル,bicicleta de paseo,bicicleta de paseo,vélo de ville,vélo de ville,Damenfahrrad,bicicletta,바구니 자전거,0354,0674,0184,0181,1704,1704,0250,0161,0561,1.4,3200,-,2FBF,rmk_oth_cycle,No,,,,cruiser bike,cruiser bike,cruiser bike
0355,cubbyhole,cubbyhole,,,Nooklings,C,Yes,"2,200",-,550,440,-,-,2x1,No,No,No,,,,,,151,classroom,Set,-,brown,brown,-,official,,No,No,-,1,1,-,1,-,-,-,,-,-,がっこうのげたばこ,casillero,casillero,casier,casier,Schuhregal,libreria scuola,학교 신발장,0355,0329,0402,0400,0319,0318,1364,0723,1625,1.0,2200,2AB9,2B63,int_sch_shoesbox,No,,,,,,-
0356,cube clock,cube clock,,,Nooklings,B,Yes,"1,100",-,275,220,-,Clock,1x1,No,No,Yes,,,,,,151,-,-,Trendy,white,yellow,-,modern,,No,No,-,1,1,-,1,-,-,-,,-,-,ガラスのとけい,reloj cuadrado,reloj cuadrado,horloge cube,horloge cube,Würfeluhr,sveglia cubo,유리 시계,0356,0363,1299,1299,0794,0792,1714,1429,1070,1.0,1100,2BAA,2C54,int_oth_clockP_glass,No,,,,,,-
0357,Cucco ornament,Cucco ornament,,,Medli's RV,-,No,-,-,"3,000",-,-,Doll,1x1,No,No,Yes,,,,,,300,-,-,Toy Shop,white,red,-,iconic,,No,No,-,1,1,-,1,-,-,-,,-,-,コッコのおきもの,cuco,cuco,statuette de cocotte,statuette de cocotte,Huhn-Ornament,statua Coccò,꼬꼬 모형,0357,0593,0525,0524,1460,1460,0623,1395,0171,1.4,12000,-,3083,int_zld_chicken,Yes,,,,,,-
0358,cuckoo clock,cuckoo clock,,,Nooklings,-,Yes,"1,800",-,450,360,-,Clock,1x1,Yes,No,No,,,,,,151,-,-,Rustic,red,brown,-,historical,,No,No,-,1,1,-,1,-,-,-,,-,-,はとどけい,reloj de cuco,reloj de cuco,horloge coucou,horloge coucou,Kuckucksuhr,orologio a cucù,뻐꾸기 시계,0358,1212,1301,1301,0792,0790,0807,0857,0712,1.0,1800,2CC6,2D70,int_oth_clock_cuck,Yes,,,,cuckoo clock,cuckoo clock,-
0359,cucumber horse,cucumber horse,,,Isabelle,-,No,-,-,100,-,-,-,1x1,No,No,Yes,,,,,,499,-,-,Harmonious / Quirky,green,green,-,iconic,,No,No,-,1,1,-,1,-,-,-,,-,-,きゅうりのうま,caballo de pepino,caballo de pepino,cheval concombre,cheval concombre,Gurkenpferd,cetriolo dell'Obon,오이 말,0359,0432,0248,0246,0428,0427,0539,0299,1022,1.0,400,2C19,2CC3,int_oth_cucumber,No,,,,cucumber horse,,-
0360,cup of tea,cup of tea (Rose-hip tea),,,Claude's RV,-,No,-,-,400,320,-,-,1x1,No,No,Yes,,,,,,151,-,-,-,red,white,-,basic,,No,Yes,160,5,5,the menu,1,-,-,-,,-,-,こうちゃ,taza de té,taza de té,tasse de thé,tasse de thé,Teetasse,tazza di tè,홍차,0360,0561,1601,1601,1612,1612,1540,1563,1691,1.4,1600,-,2FE1,rmk_oth_tea,No,,,,,cup of tea,cup of tea
0361,cupcake,cupcake (Strawberry),,,Sandy's RV,-,No,-,-,400,320,-,-,1x1,No,No,Yes,,,,,,151,-,-,-,beige,red,-,cute,,No,Yes,160,6,6,the menu,1,-,-,-,,-,-,カップケーキ,cupcake,cupcake,cupcake,cupcake,Cupcake,cupcake,컵케이크,0361,0334,0529,0526,0555,0554,0244,0393,1345,1.4,1600,-,3005,rmk_oth_cupcake,No,,,,,cupcake,-
0362,cupid bench,cupid bench,,,Nooklings,D,Yes,"2,000",-,500,400,-,Seat,2x1,No,No,No,,,Sit,-,Sit,151,-,-,Fairy Tale,white,white,-,cute,,No,No,-,1,1,-,1,-,-,-,,-,-,キューピッドのイス,banco de Cupido,banco de Cupido,banc de Cupidon,banc de Cupidon,Amorbank,panchina Cupido,큐피드 벤치,0362,0430,0123,0120,0102,0102,0040,0934,1371,1.0,2000,2C1F,2CC9,int_oth_cupid_chairL,No,,,Cupid bench,,,cupid bench
0363,curling stone,curling stone (Yellow),,,Snowman,-,No,-,-,400,-,-,-,1x1,No,No,Yes,,,,,,88,-,-,-,yellow,gray,-,sporty,,No,Yes,160,3,3,the handle,1,-,-,-,,-,-,カーリングストーン,piedra de curling,piedra de curling,pierre de curling,pierre de curling,Curling-Stein,stone per curling,컬링 스톤,0363,0293,1196,1198,1226,1224,0245,1422,1342,1.0,1600,2DBB,2E65,rmk_oth_curling,Yes,,,,,curling stone,curling stone
0364,curry plate,curry plate (Vada curry),,,Cashmere's RV,-,No,-,-,400,320,-,-,1x1,No,No,Yes,,,,,,151,-,-,-,red,beige,-,basic,,No,Yes,160,4,4,the menu,1,-,-,-,,-,-,インドカレー,platillo de curry,plato de curry indio,curry indien,curry indien,Naan-Teller,piatto indiano,인도 카레,0364,0139,1224,1231,0556,0555,0979,0979,1109,1.4,1600,-,2FEB,rmk_oth_curry,No,,,,,curry plate,-
0365,cushion,cushion (Blank),,,Nooklings,D,Yes,800,-,200,160,-,-,1x1,No,No,Yes,,,,,,151,-,-,-,white,white,-,basic,,No,Yes,80,6,1,-,6,the fabric,-,-,,-,-,クッション,cojín,cojín,coussin,coussin,Kissen,cuscino,쿠션,0365,0472,0445,0445,0543,0542,0738,0395,1365,1.0,800,2C98,2D42,rmk_oth_cushion,Yes,,,,cushion,cushion,cushion
0366,cutting-board set,cutting-board set,,,Ketchup's RV,-,No,-,-,300,240,-,-,1x1,No,No,Yes,,,,,,151,-,-,-,brown,beige,-,basic,,No,No,-,1,1,-,1,-,-,-,,-,-,まないたセット,tabla de cortar,tabla de cortar,planche à découper,planche à découper,Schneide-Set,tagliere,도마 세트,0366,1478,1544,1544,1242,1240,1352,1434,0299,1.4,1200,-,2FE4,int_oth_cooking_a,No,,,,,cutting-board set,cutting-board set
0367,cypress plant,cypress plant (Light green),,,Campground Shop,-,No,-,-,400,320,-,Plant,1x1,No,No,No,,,-,-,-,151,-,-,Rustic,green,green,-,basic,,No,Yes,160,2,2,the leaf color,1,-,-,-,,-,-,ゴールドクレスト,ciprés,ciprés,cyprès,cyprès,Zypresse,cipresso in vaso,율마,0367,0579,0428,0426,0557,0556,1742,0307,1080,1.4,1600,-,2F3D,rmk_oth_goldcrest,No,,,,cypress plant,cypress plant,cypress plant
0368,dab table,dab table,,,Chip,-,No,-,-,600,480,-,Table,2x2,No,Yes,No,,,,,,651,fish,Set,Toy Shop,brown,brown,-,cute,,No,No,-,1,1,-,1,-,-,-,,-,-,カレイなるテーブル,mesa gallo,mesa gallo,table limande,table limande,Schollentisch,tavolo platessa,가자미 테이블,0368,0376,0989,0989,1539,1539,1357,1544,0061,1.0,2400,2CE8,2D92,int_fis_tableL02,Yes,,,,,dab table,-
0369,Dachshund ornament,Dachshund ornament,,,Fortune,-,No,-,-,"3,000",-,-,Doll,1x1,No,No,Yes,,,,,,151,-,-,Toy Shop,brown,brown,-,cute,,No,No,-,1,1,-,1,-,-,-,,-,-,ダックスのおきもの,estatua teckel,estatua teckel,statuette teckel,statuette teckel,Dackel-Ornament,statua bassotto,닥스훈트 모형,0369,0891,0603,0601,1464,1464,0246,1391,0256,1.4,12000,-,3092,int_nin_dog_Md,No,,,dachshund model,,,-
0370,daffodil,daffodil,,,Garden Shop,-,Yes,680,-,170,136,-,Plant,1x1,No,No,Yes,,,-,-,-,199,-,-,Rustic,white,brown,-,basic,,No,No,-,1,1,-,1,-,-,-,,-,-,スイセン,jarrón con narciso,jarrón con narciso,jonquille,jonquille,Osterglocke,narciso,수선,0370,0756,0731,0732,0843,0841,1049,0831,0801,1.0,680,2B8E,2C38,int_oth_narcissus,No,,,,,,-
0371,daimyo's tray,daimyo's tray (Scarlet),,,Billy's RV,-,No,-,-,400,320,-,-,1x1,No,Yes,No,,,,,,151,-,-,Harmonious / Antique,red,black,-,historical,,No,Yes,160,3,3,the countertop color,1,-,-,-,,-,-,だいみょうぜん,bandeja japonesa,bandeja japonesa,plateau de daimyo,plateau de daimyo,Fernost-Tischchen,vassoio giapponese,고급 1인 밥상,0371,0867,0143,0140,1261,1259,0377,1707,0096,1.4,1600,-,2FBB,rmk_jpn_mealtable,No,,,,,daimyo's tray,-
0372,Dala horse,Dala horse,,,Gulliver,-,Yes,"1,200",-,300,240,-,-,1x1,No,No,Yes,,,,,,1051,-,-,Rustic / Toy Shop,red,colorful,-,iconic,,No,No,-,1,1,-,1,-,-,-,,-,-,ダーラヘスト,caballo Dalecarlia,caballo Dalecarlia,cheval de Dala,cheval de Dala,Dalapferd,cavallo Dala,달라헤스트,0372,0859,0247,0245,0429,0428,0247,0282,0271,1.0,1200,2D7F,2E29,int_jhn_dala,Yes,,,,Dala horse,Dala horse,-
0373,Dalmatian ornament,Dalmatian ornament,,,Fortune,-,No,-,-,"3,000",-,-,Doll,1x1,No,No,Yes,,,,,,151,-,-,Toy Shop,white,black,-,cute,,No,No,-,1,1,-,1,-,-,-,,-,-,ダルメシアンのおきもの,figura dálmata,figura dálmata,statuette dalmatien,statuette dalmatien,Dalmatiner-Ornament,statua dalmata,달마티안 모형,0373,0933,0628,0628,1459,1459,0248,1396,0273,1.4,12000,-,3091,int_nin_dog_Da,No,,,dalmatian model,,,-
0374,dango,dango,,,Isabelle,-,No,-,-,888,-,-,-,1x1,No,No,No,,,,,,499,-,-,Harmonious,white,brown,-,iconic,,No,No,-,1,1,-,1,-,-,-,,-,-,つきみだんご,pasta de luna,pasta de luna,plat de dangos,plat de dangos,Dango-Schachtel,dango,달맞이떡,0374,0991,1175,1178,1252,1250,0253,0401,0274,1.0,3552,2BFD,2CA7,int_oth_moondumpling,No,,,,dango,,dango
0375,dartboard,dartboard,,,Nooklings,C,Yes,"1,520",-,380,304,-,-,1x1,No,No,No,,,,,,151,-,-,Toy Shop,black,black,-,sporty,,No,No,-,1,1,-,1,-,-,-,,-,-,ダーツボード,máquina dardos,máquina dardos,jeu de fléchettes,jeu de fléchettes,Dartbrett,bersaglio freccette,다트 보드,0375,0858,0908,0905,0838,0836,0254,0157,0255,1.0,1520,2B5D,2C07,int_oth_darts,No,,,dart board,dartboard,,dartboard
0376,decorative plate,decorative plate (Traditional),,,Snooty's RV,-,No,-,-,400,320,-,-,1x1,No,No,Yes,,,,,,151,-,-,Harmonious / Antique,colorful,colorful,-,historical,,No,Yes,160,3,3,the picture pattern,1,-,-,-,,-,-,おおきなえざら,plato decorativo,plato decorativo,assiette ornementale,assiette ornementale,Schmuckteller,piatto decorativo,큰 꽃무늬 그릇,0376,0210,1235,1237,0072,0072,1332,0972,1389,1.4,1600,-,2FEE,rmk_oth_ezara,No,,,,decorative plate,decorative plate,decorative plate
0377,decoy duck,decoy duck (Male),,,Campground Shop,-,No,-,-,400,320,-,Doll,1x1,No,No,Yes,,,,,,151,-,-,-,green,brown,-,basic,,No,Yes,160,3,3,the paint,1,-,-,-,,-,-,デコイ,señuelo para patos,señuelo para patos,faux canard,faux canard,Deko-Ente,papero di plastica,유인용 오리,0377,1013,1395,1394,0675,0673,0256,0939,1079,1.4,1600,-,2FEA,rmk_oth_decoy,No,,,,decoy duck,decoy duck,decoy duck
0378,deer scare,deer scare,,,Nooklings,D,Yes,"1,800",-,450,360,-,-,1x1,No,No,No,,,,,,151,zen garden,Set,Harmonious / Rustic,green,green,-,iconic,,No,No,-,1,1,-,1,-,-,-,,-,-,ししおどし,fuente de bambú,fuente de bambú,jeu d'eau,jeu d'eau,Wasserspiel,fontana bambù,대나무 분수,0378,0654,0664,0666,0840,0838,1665,0469,0283,1.0,1800,2B01,2BAB,int_jgd_sisiodosi,No,,,,deer scare,,deer scare
0379,deluxe range,deluxe range,,,Nooklings,C,Yes,"3,200",-,800,640,-,-,1x1,No,No,No,,,,,,151,-,-,Sci-Fi,black,white,-,basic,,No,No,-,1,1,-,1,-,-,-,,-,-,クッキングヒーター,cocina de lujo,cocina de lujo,four luxe,four luxe,Luxusherd,angolo cottura,전기렌지,0379,0471,0437,0437,0710,0708,0877,0023,1165,1.0,3200,2B76,2C20,int_oth_sys_kC,No,,,,,,-
0380,deluxe washer,deluxe washer,,,Spotlight,-,Yes,"5,200",-,"1,300","1,040",-,-,1x1,No,Yes,No,,,,,,351,-,-,Sci-Fi,orange,orange,-,basic,,No,No,-,1,1,-,1,-,-,-,,-,-,ドラムしきせんたくき,lavadora,lavadora,lave-linge luxe,lave-linge luxe,Profi-Waschmaschine,lavatrice deluxe,드럼 세탁기,0380,1065,0838,0839,0939,0937,1152,0654,0337,1.0,5200,2B95,2C3F,int_oth_washingC,No,,,,deluxe washer,,-
0381,dentist's chair,dentist's chair,,,Nooklings,B,Yes,"3,200",-,800,640,-,Seat,1x1,No,No,No,,,Sit,-,Sit,151,-,-,Sci-Fi / Quirky,green,white,-,rock 'n' roll,,No,No,-,1,1,-,1,-,-,-,,-,-,しかユニット,silla dentista,silla dentista,fauteuil de dentiste,fauteuil de dentiste,Zahnarztstuhl,sedia da dentista,치과 의자,0381,0652,1424,1424,0660,0658,1723,1199,1268,1.0,3200,2CA2,2D4C,int_oth_dental,Yes,,,,,dentist's chair,-
0382,desert cactus,desert cactus,,,Nooklings,A,Yes,890,-,222,177,-,Plant,1x1,No,No,No,,,-,-,-,151,western,Theme,Rustic,green,green,-,historical,,No,No,-,1,1,-,1,-,-,-,,-,-,さばくのさぼてん,cactus del Oeste,cactus del Oeste,cactus cierge,cactus cierge,Wüstenkaktus,cactus deserto,사막 선인장,0382,0634,0254,0252,0251,0249,1716,0212,0720,1.0,890,2A54,2AFE,int_wst_desertcactus,No,,,,cactus,,desert cactus
0383,Desert Island map,Desert Island map (Beginner),,,Desert Island Escape,-,No,-,-,500,-,-,-,2x1,Yes,No,No,,,,,,551,-,-,Toy Shop,beige,brown,-,historical,,No,Yes,200,3,3,the type of island,1,-,-,-,,-,-,むじんとうのちず,mapa isla desierta,mapa isla desierta,carte île déserte,carte île déserte,Einsame-Insel-Karte,mappa isola deserta,무인도 지도,0383,1551,0901,0898,0318,0316,0327,0753,0505,1.4,2000,-,304E,rmk_esc_map,Yes,,,,,,-
0384,Desert Island stool,Desert Island stool (Light green),,,Desert Island Escape,-,No,-,-,500,-,-,Seat,1x1,No,Yes,No,,,Sit,-,Sit,551,-,-,Toy Shop,green,brown,-,iconic,,No,Yes,200,2,2,the lawn color,1,-,-,-,,-,-,むじんとうなスツール,silla isla desierta,silla isla desierta,tabouret île déserte,tabouret île déserte,Einsaminsel-Hocker,sgab. isola deserta,무인도 스툴,0384,1549,1447,1447,1591,1591,0328,1302,0504,1.4,2000,-,3051,rmk_esc_stool,Yes,,,,,,-
0385,Desert Island table,Desert Island table (Light green),,,Desert Island Escape,-,No,-,-,500,-,-,Table,2x2,No,Yes,No,,,,,,551,-,-,Toy Shop,green,brown,-,iconic,,No,Yes,200,2,2,the lawn color,1,-,-,-,,-,-,むじんとうなテーブル,mesa isla desierta,mesa isla desierta,table île déserte,table île déserte,Einsaminsel-Tisch,tavolo isola deserta,무인도 테이블,0385,1550,0996,0996,1537,1537,0329,1522,0506,1.4,2000,-,3050,rmk_esc_tableL,Yes,,,,,,-
0386,desk bell,desk bell,,,Julia's RV,-,No,-,-,300,240,-,-,1x1,No,No,Yes,,,,,,151,-,-,-,gray,brown,-,iconic,,No,No,-,1,1,-,1,-,-,-,,-,-,よびだしベル,campanilla de hotel,campanilla de hotel,sonnette réception,sonnette réception,Tischglocke,campanello reception,호출 벨,0386,1616,0362,0360,1437,1436,1560,0224,1685,1.4,1200,-,2ED9,int_oth_callbell,No,,,,,desk bell,-
0387,desk light,desk light,,,Nooklings,C,Yes,"1,280",-,320,256,-,Light,1x1,No,No,Yes,,,Toggle,Light,Press,151,-,-,Sci-Fi,black,black,-,basic,,No,No,-,1,1,-,1,-,-,-,,-,-,スタンドけいこうとう,lámpara despacho,lámpara despacho,lampe de bureau,lampe de bureau,Arbeitslampe,lampada da tavolo,스탠드 형광등,0387,0787,0780,0780,0881,0879,0051,0582,0834,1.0,1280,2BD4,2C7E,int_oth_lampB,No,,,,,,desk light
0388,desk mirror,desk mirror (Yellow),,,Vivian's RV,-,No,-,-,700,560,-,-,1x1,No,No,Yes,,,,,,151,-,-,Antique,yellow,yellow,-,ornate,,No,Yes,280,6,6,the base color,1,-,-,-,,-,-,おきかがみ,espejo de tocador,espejo de tocador,miroir de table,miroir de table,Tischspiegel,specchio da tavolo,책상용 거울,0388,0231,0567,0565,1095,1094,1564,1383,1233,1.4,2800,-,2FCC,rmk_oth_mirror,No,,,,desk mirror,desk mirror,desk mirror
0389,desktop mic,desktop mic,,,Campground Shop,-,No,-,-,500,400,-,-,1x1,No,No,Yes,,,,,,151,-,-,-,black,black,-,modern,,No,No,-,1,1,-,1,-,-,-,,-,-,たくじょうマイク,micrófono de mesa,micrófono de mesa,microphone de bureau,microphone de bureau,Tischmikrofon,microfono da tavolo,탁상 마이크,0389,0880,1060,1059,1081,1080,1563,0780,1417,1.4,2000,-,2F6A,int_oth_tablemike,No,,,,desktop mic,desktop mic,-
0390,desktop TV,desktop TV,,,Spike's RV,-,No,-,-,500,400,-,-,1x1,No,No,Yes,,,,,,151,-,-,Trendy,black,black,-,modern,,No,No,-,1,1,-,1,-,-,-,,-,-,たくじょうテレビ,monitor de PC,monitor de ordenador,télé de bureau,télé de bureau,LCD-Fernseher,TV al plasma,모니터 TV,0390,0879,1093,1091,1620,1620,0851,1654,0480,1.4,2000,-,2F28,int_oth_table_tv,No,,,,LCD TV (20 in.),desktop TV,desktop TV
0391,dessert case,dessert case,,,Nooklings,D,Yes,"3,200",-,800,640,-,-,2x1,No,No,No,,,,,,151,-,-,Fairy Tale,black,gray,-,cute,,No,No,-,1,1,-,1,-,-,-,,-,-,ケーキケース,vitrina de postres,vitrina de postres,vitrine à desserts,vitrine à desserts,Kuchenvitrine,vetrina dolci,케이크 판매대,0391,0530,1734,1732,1717,1717,0804,1720,1352,1.0,3200,2DB2,2E5C,int_oth_cakecase,Yes,,,,dessert case,dessert case,dessert case
0392,detour arrow,detour arrow,,,Nooklings,A,Yes,600,-,150,120,-,-,1x1,No,No,No,,,,,,151,construction,Theme,-,red,white,-,rock 'n' roll,,No,No,-,1,1,-,1,-,-,-,,-,-,やじるしボード,flecha desvío,flecha desvío,flèche détour,flèche détour,Umleitungsschild,freccia deviazione,방향 표시판,0392,1576,0647,0648,0699,0697,1603,0485,0587,1.0,600,2A67,2B11,int_cst_arrowsign,No,,,,-,,detour arrow
0393,dharma,dharma (Red),,,Nooklings,C,Yes,"1,200",-,300,240,-,Doll,1x1,No,No,Yes,,,,,,151,dharma,Set,Harmonious,red,red,-,cute,,No,Yes,120,4,3,the body color,1,-,1,Gold Nugget,,-,-,ダルマ,daruma,daruma,daruma,daruma,Daruma,dharma,달마,0393,0930,0530,0527,0560,0559,0255,0403,0272,1.0,1200,2ADB,2B85,rmk_dhr_dharmaM,No,,,,"dharma, golden dharma",,-
0394,dice stereo,dice stereo,,,Nooklings,C,Yes,"2,150",-,537,429,-,Music Player,2x1,No,No,Yes,,,Music player,,Music,151,-,-,Trendy / Toy Shop,white,white,-,cute,,No,No,-,1,1,-,1,-,-,-,,-,-,サイコロコンポ,cadena dados,cadena dados,chaîne stéréo dé,chaîne stéréo dé,Würfel-Anlage,stereo dadi,주사위 오디오,0394,0622,0256,0254,0334,0333,1713,1412,1201,1.0,2150,2BA3,2C4D,int_msc_dice,No,,,,,,-
0395,digital-photo frame,digital-photo frame,,,Katie,-,No,-,-,300,240,-,-,1x1,No,No,Yes,,,,,,1280,-,-,Trendy,black,black,-,modern,,No,No,-,1,1,-,1,-,-,-,,-,-,デジタルフォトフレーム,marco digital,marco digital,cadre numérique,cadre numérique,Digitalbilderrahmen,cornice digitale,디지털 액자,0395,1015,0924,0921,0255,0253,0270,0377,0345,1.0,1200,2CBE,2D68,int_oth_digiphoto,Yes,,,,,digital-photo frame,-
0396,dinnerware,dinnerware (Before use),,,Admiral's RV,-,No,-,-,400,320,-,-,1x1,No,No,Yes,,,,,,151,-,-,-,white,white,-,basic,,No,Yes,160,2,2,the usage,1,-,-,-,,-,-,しょっき,vajilla,vajilla,ensemble vaisselle,ensemble vaisselle,Geschirr,set di stoviglie,식기,0396,0720,1712,1710,0603,0600,0474,1291,0875,1.4,1600,-,2F2D,rmk_oth_dishes,No,,,,dinnerware,dinnerware,dinnerware
0397,director's chair,director's chair (White),,,Nooklings,A,Yes,"1,480",-,370,296,-,Seat,1x1,No,No,No,,,Sit,-,Sit,151,-,-,-,brown,white,-,basic,,No,Yes,148,8,1,-,8,the fabric,-,-,,-,-,ディレクターチェア,silla de director,silla de director,chaise réalisateur,chaise réalisateur,Regiestuhl,sedia da regista,영화감독 의자,0397,1005,1414,1415,0388,0387,1198,1200,1008,1.0,1480,2C47,2CF1,rmk_sdo_chairS,Yes,,,,director's chair,director's chair,director's chair
0398,dishwasher,dishwasher,,,Nooklings,D,Yes,"1,980",-,495,396,-,-,1x1,No,No,Yes,,,,,,151,-,-,-,gray,gray,-,modern,,No,No,-,1,1,-,1,-,-,-,,-,-,しょっきあらいき,lavavajillas,lavavajillas,lave-vaisselle,lave-vaisselle,Geschirrspüler,lavastoviglie,식기세척기,0398,0721,0842,0842,0940,0938,0475,0650,0876,1.0,1980,2C6E,2D18,int_oth_dishwasher,Yes,,,,,dishwasher,dishwasher
0399,Disk Writer,Disk Writer,,,Hopkins's RV,-,No,-,-,500,400,-,-,1x1,No,No,No,,,,,,151,-,-,Toy Shop,gray,black,-,historical,,No,No,-,1,1,-,1,-,-,-,,-,-,ディスクライター,Disk Writer,Disk Writer,Disk Writer,Disk Writer,Disk Writer,Disk Writer,디스크 라이터,0399,1003,0536,0533,0570,0569,0272,0407,0344,1.4,2000,-,301C,int_oth_diskwriter,No,,,,,Disk Writer,-
0400,display shelf,display shelf,,,Nooklings,-,Yes,"1,200",-,300,240,-,-,2x1,Yes,No,No,,,,,,151,-,-,-,brown,colorful,-,basic,,No,No,-,1,1,-,1,-,-,-,,-,-,ウォールシェルフ,estantería de madera,estantería de madera,étagère,étagère,Wandregal,scaffalatura aperta,벽걸이 쉘프,0400,0145,0589,0587,0613,0610,1640,1119,0623,1.0,1200,2CC1,2D6B,int_oth_shelf_wall,Yes,,,,,display shelf,-
0401,display stand,display stand (White pedestal),,,Museum Shop,-,Yes,"1,500",-,375,300,-,Table,1x1,No,Yes,No,,,,,,199,museum,Set,Trendy,white,white,-,official,,No,Yes,150,2,2,the pedestal,1,-,-,-,,-,-,てんじだい,podio de exposición,podio de exposición,socle,socle,Ausstellungssockel,espositore piccolo,전시대,0401,1027,1237,1239,1430,1429,0078,0435,1169,1.0,1500,2C20,2CCA,rmk_mse_tableS01,Yes,,,,display stand,display stand,-
0402,Diver Dan,Diver Dan,,,Souvenir Shop,-,No,-,60,750,600,37,-,1x1,No,No,No,,,,,,451,-,-,Sci-Fi,yellow,colorful,-,sporty,,No,No,-,1,1,-,1,-,-,-,,-,-,せんすいふく,traje de buzo,traje de buzo,scaphandre,scaphandre,Taucher Tom,scafandro,잠수복,0402,0840,1686,1685,1390,1388,1536,1117,1142,1.0,3000,2B86,2C30,int_isl_divingsuit,No,,,,,,Diver Dan
0403,DJ K.K. booth,DJ K.K. booth,,,K.K.'s RV,-,No,-,-,"3,000",-,-,Music Player,2x1,No,No,No,,,Music player,,Music,151,-,-,Toy Shop,black,gray,-,rock 'n' roll,,No,No,-,1,1,-,1,-,-,-,,-,-,DJK.KのDJブース,mesa DJ KeKe,mesa DJ KeKe,platine DJ Kéké,platine DJ Kéké,DJ-K.K.-Bühne,console DJ K.K.,DJ T.K. 부스,0403,0022,0980,0980,1271,1269,0275,0368,0024,1.4,12000,-,30C5,int_ttk_djbooth,Yes,,,,,,-
0404,djimbe drum,djimbe drum,,,Nooklings,C,Yes,"1,900",-,475,380,-,Instrument,1x1,No,No,No,,,Press,-,Press,151,drum,Set,-,brown,white,-,basic,,No,No,-,1,1,-,1,-,-,-,,-,-,ジャンベ,tambor djembé,tambor djembé,djembé,djembé,Djembetrommel,djembé,젬베,0404,0693,1577,1577,0575,0574,0274,0420,1190,1.0,1900,2B3A,2BE4,int_pcs_jb,No,,,,-,,djimbe drum
0405,DJ's turntable,DJ's turntable,,,Nooklings,C,Yes,"3,600",-,900,720,-,Music Player,2x1,No,No,No,,,Music player,,Music,151,-,-,Trendy,black,gray,-,rock 'n' roll,,No,No,-,1,1,-,1,-,-,-,,-,-,DJブース,mesa DJ,mesa DJ,platine de DJ,platine de DJ,DJ-Set,console da DJ,DJ 테이블,0405,0023,0979,0979,1270,1268,0276,0367,0025,1.0,3600,2CB7,2D61,int_oth_djbooth,Yes,,,,DJ's turntable,DJ's turntable,DJ's turntable
0406,doctor's desk,doctor's desk,,,Raddle's RV,-,No,-,-,700,560,-,-,2x1,No,No,No,,,,,,151,-,-,Sci-Fi,gray,green,-,official,,No,No,-,1,1,-,1,-,-,-,,-,-,いしゃのつくえ,escritorio médico,escritorio médico,bureau d'hôpital,bureau d'hôpital,Arztpult,scrivania del medico,의사 책상,0406,0125,0552,0550,0233,0231,0057,1167,1094,1.4,2800,-,2F67,int_hsp_doctordesk,No,,,,,doctor's desk,doctor's desk
0407,document stack,document stack (Documents),,,Cleo's RV,-,No,-,-,400,320,-,-,1x1,No,No,Yes,,,,,,151,-,-,-,white,white,-,flashy,,No,Yes,160,3,1,-,3,the type of documents,-,-,,-,-,しょるいのやま,pila de documentos,pila de documentos,pile de documents,pile de documents,Dokumentenstapel,pila di documenti,서류 더미,0407,0724,1202,1204,1230,1228,0277,0984,0752,1.4,1600,-,2F93,rmk_ofc_papers,No,,,,document stack,document stack,-
0408,doghouse,doghouse (Red roof),,,Nooklings,C,Yes,"1,200",-,300,240,-,-,1x1,No,No,No,,,,,,151,-,-,-,red,brown,-,iconic,,No,Yes,120,2,2,the roof,1,-,-,-,,-,-,いぬごや,caseta de perro,caseta de perro,niche,niche,Hundehütte,cuccia,개집,0408,0134,0401,0399,1126,1124,0627,0387,0081,1.0,1200,2B82,2C2C,rmk_oth_doghouse,No,,,,doghouse,,-
0409,dollhouse,dollhouse,,,Nooklings,B,Yes,"2,000",-,500,400,-,-,1x1,No,No,Yes,,,,,,151,-,-,Fairy Tale / Toy Shop,pink,brown,-,cute,,No,No,-,1,1,-,1,-,-,-,,-,-,ドールハウス,casa de muñecas,casa de muñecas,maison de poupée,maison de poupée,Puppenhaus,casa delle bambole,인형의 집,0409,1051,0400,0398,1035,1033,1171,0258,1115,1.0,2000,2C78,2D22,int_oth_dollhouse,Yes,,,,dollhouse,dollhouse,dollhouse
0410,dolly,dolly (Red),,,Spotlight,-,Yes,"6,800",-,"1,700","1,360",-,Doll,1x1,No,No,Yes,,,,,,351,nursery,Theme,Fairy Tale / Toy Shop,red,red,-,cute,,No,Yes,680,6,6,the clothes color,1,-,-,-,,-,-,おにんぎょう,muñeca,muñeca,poupée,poupée,Püppchen,bambolina,인형,0410,0247,1111,1110,1313,1311,1170,0123,1112,1.0,6800,2A96,2B40,rmk_bab_doll,No,,,,dolly,,-
0411,donburi,donburi (Fish),,,Sylvana's RV,-,No,-,-,400,320,-,-,1x1,No,No,Yes,,,,,,151,-,-,-,orange,blue,-,basic,,No,Yes,160,4,4,the menu,1,-,-,-,,-,-,どんぶり,cuenco de arroz,bol de arroz japonés,bol de donburi,bol de donburi,Reisgericht,donburi,덮밥,0411,1088,0526,0207,0173,0171,1202,0424,0292,1.4,1600,-,2FE2,rmk_oth_don,No,,,,,donburi,donburi
0412,do-not-enter sign,do-not-enter sign (Road blocked),,,Campground Shop,-,No,-,-,400,320,-,-,1x1,No,No,No,,,,,,151,-,-,-,red,white,-,basic,,No,Yes,160,7,7,the type,1,-,-,-,,-,-,まるいひょうしき,señal de tráfico,señal de tráfico,panneau interdiction,panneau interdiction,Verkehrsschild,segnale stradale,둥근 표지판,0412,1485,1392,1391,1175,1173,1613,1258,0333,1.4,1600,-,2F4A,rmk_oth_sign,No,,,,,do-not-enter sign,-
0413,donut box,donut box,,,Claude's RV,-,No,-,-,300,240,-,-,1x1,No,No,Yes,,,,,,151,-,-,-,beige,colorful,-,cute,,No,No,-,1,1,-,1,-,-,-,,-,-,ドーナツボックス,caja de donas,caja de dónuts,boîte de donuts,boîte de donuts,Donut-Schachtel,scatola di ciambelle,도넛 박스,0413,1049,0278,0276,0168,0166,0281,1142,0296,1.4,1200,-,2FF9,int_oth_doughnut,No,,,,,donut box,donut box
0414,donut cushion,donut cushion,,,Filly's RV,-,No,-,-,"3,000","2,400",-,-,1x1,No,No,Yes,,,,,,300,-,-,Toy Shop,brown,brown,-,cute,,No,No,-,1,1,-,1,-,-,-,,-,-,ドーナツクッション,cojín rosquilla,cojín rosquilla,coussin beigne,coussin donut,Donut-Kissen,cuscino ciambella,도넛 쿠션,0414,1048,0449,0449,0544,0544,0280,0396,0297,1.4,12000,-,309A,int_cvn_donut,Yes,,,,,,-
0415,donut stool,donut stool (Silver - Blue),,,Nooklings,C,Yes,"1,600",-,400,320,-,Seat,1x1,No,Yes,No,,,Sit,-,Sit,151,-,-,-,gray,white,-,cute,,No,Yes,160,16,2,the pipe,8,the seat,-,-,,-,-,ドーナツまるイス,taburete rosquilla,taburete rosquilla,tabouret beignet,tabouret beignet,Donut-Hocker,sgabello a ciambella,도넛 둥근 의자,0415,1050,1571,1571,1585,1585,0279,1304,0295,1.0,1600,2C84,2D2E,rmk_oth_stool_do,Yes,,,,donut stool,donut stool,donut stool
0416,double-neck guitar,double-neck guitar (Lemon yellow),,,Nintendo Zone,-,Yes,"2,800",-,700,560,-,Instrument,1x1,No,No,No,,,Press,-,Press,300,guitar,Set,Trendy,yellow,yellow,-,rock 'n' roll,,No,Yes,280,8,1,-,8,the body color,-,-,,-,-,ダブルネックギター,guitarra dob. mástil,guitarra dob. mástil,guitare à 2 manches,guitare à 2 manches,Doppelhals-Gitarre,chitarra due manici,더블넥 기타,0416,0902,0693,0696,0746,0744,0283,0302,0290,1.0,2800,2CB4,2D5E,rmk_gtr_EgtrW,Yes,,,,,double-neck guitar,double-neck guitar
0417,dracaena,dracaena,,,Garden Shop,-,Yes,"2,000",-,500,400,-,Plant,1x1,No,No,No,,,-,-,-,199,house plant,Set,Rustic,green,brown,-,basic,,No,No,-,1,1,-,1,-,-,-,,-,-,こうふくのき,tronco de Brasil,tronco de Brasil,dragonnier,dragonnier,Drachenbaum,dracena,행운목,0417,0562,1700,1699,0579,0578,0285,0427,1660,1.0,2000,2B30,2BDA,int_plt_happy,No,,,,,,dracaena
0418,drafting table,drafting table (Room plan),,,Lottie's RV,-,No,-,-,800,-,-,-,2x1,No,No,No,,,,,,151,-,-,-,white,black,-,modern,,No,Yes,320,3,3,the diagram,1,-,-,-,,-,-,せいずだい,mesa de delineante,mesa de delineante,table à dessin,table à dessin,Zeichentisch,tecnigrafo,제도대,0418,0829,0963,0962,1471,1471,1727,1567,1184,1.4,3200,-,2F2E,rmk_oth_drafter,No,,,,,drafting table,-
0419,dream catcher,dream catcher,,,Gulliver,-,Yes,"1,600",-,400,320,-,-,1x1,Yes,No,No,,,,,,1051,-,-,Toy Shop,red,brown,-,iconic,,No,No,-,1,1,-,1,-,-,-,,-,-,ドリームキャッチャー,atrapasueños,atrapasueños,attrapeur de rêves,attrapeur de rêves,Traumfänger,acchiappasogni,드림 캐처,0419,1080,0108,0108,0076,0076,1578,0002,0339,1.0,1600,2D80,2E2A,int_jhn_dreamcatcher,Yes,,,,,dream catcher,-
0420,drink machine,drink machine (Red),,,Huck's RV,-,No,-,-,"1,200",960,-,-,1x1,No,No,No,,,,,,151,-,-,-,red,colorful,-,modern,,No,Yes,480,3,3,the body color,1,-,-,-,,-,-,じはんき,máquina de refrescos,máquina de refrescos,distribut. boissons,distribut. boissons,Getränkeautomat,distributore bevande,음료수 자동판매기,0420,0683,0914,0911,0571,0570,0476,0412,1087,1.4,4800,-,2F90,rmk_oth_drinkmachine,No,,,,drink machine,drink machine,-
0421,drinking fountain,drinking fountain,,,Nooklings,C,Yes,"2,000",-,500,400,-,-,1x1,No,No,No,,,,,,151,-,-,Sci-Fi,gray,gray,-,modern,,No,No,-,1,1,-,1,-,-,-,,-,-,れいすいき,fuente para beber,fuente para beber,fontaine eau potable,fontaine eau potable,Trinkwasserbrunnen,fontanella pubblica,음수대,0421,1663,0667,0669,0705,0703,1585,0472,1089,1.0,2000,2D79,2E23,int_oth_watercoolers,Yes,,,,drinking fountain,drinking fountain,drinking fountain
0422,drip pail,drip pail,,,Nooklings,C,Yes,800,-,200,160,-,-,1x1,No,No,No,,,,,,151,-,-,Quirky,gray,aqua,-,rock 'n' roll,,No,No,-,1,1,-,1,-,-,-,,-,-,あまもりバケツ,cubo lleno,cubo lleno,seau anti-fuite,seau anti-fuite,Wassereimer,secchio per l'acqua,빗물 양동이,0422,0102,0523,0522,1396,1394,1658,1176,0704,1.0,800,2C57,2D01,int_oth_bucket,Yes,,,,,drip pail,-
0423,drum set,drum set (Orange - Blank),,,Nooklings,D,Yes,"1,800",-,450,360,-,Instrument,2x1,No,No,No,,,Press,-,Press,151,-,-,Trendy,yellow,white,-,basic,,No,Yes,180,16,4,the shell color,4,the bass-drum head,-,-,,-,-,ドラムセット,batería,batería,batterie classique,batterie classique,Schlagzeug,batteria,드럼,0423,1066,0174,0171,0137,0136,1315,0153,0336,1.0,1800,2CAF,2D59,rmk_oth_drum,Yes,,,,drum set,drum set,drum set
0424,durian flower basket,durian flower basket,,,Kapp'n's RV,-,No,-,-,"3,000",-,-,-,1x1,No,No,No,,,,,,151,-,-,Toy Shop,colorful,colorful,-,iconic,,No,No,-,1,1,-,1,-,-,-,,-,-,なんごくなディスプレイA,cesta con durián,cesta con durián,bouquet tropical A,bouquet tropical A,Durianblumenkorb,cesta tropicale A,남국풍 꽃바구니 A,0424,1101,0412,0410,0205,0203,0293,0286,0198,1.4,12000,-,30AA,int_kpp_tropicalA,Yes,,,,,,-
0425,eagle pole,eagle pole,,,Nooklings,B,Yes,"1,400",-,350,280,-,-,1x1,No,No,No,,,,,,151,totem pole,Set,Rustic,brown,colorful,-,iconic,,No,No,-,1,1,-,1,-,-,-,,-,-,トーテムポール・オヤ,tótem águila,tótem águila,totem aigle,totem aigle,Adler-Totempfahl,totem aquila,토템폴 오야,0425,1045,1681,1680,1655,1655,0025,1622,1433,1.0,1400,2AEB,2B95,int_tpl_tpl02,No,,,,,,-
0426,ebony piano,ebony piano (Black),,,Nooklings,B,Yes,"3,800",-,950,760,-,Instrument,2x2,No,No,No,,,Press,-,Press,151,-,-,-,black,black,-,basic,,No,Yes,380,2,2,the body color,1,-,-,-,,-,-,グランドピアノ,piano de cola,piano de cola,piano à queue,piano à queue,Konzertflügel,pianoforte a coda,그랜드 피아노,0426,0484,1190,1192,1216,1214,0775,0959,0131,1.0,3800,2B44,2BEE,rmk_oth_piano_b,No,,,"ebony piano, ivory piano",,,ebony piano
0427,editor's chair,editor's chair,,,Nooklings,C,Yes,"5,600",-,"1,400","1,120",-,Seat,1x1,No,No,No,,,Sit,-,Sit,151,-,-,Trendy,black,black,-,official,,No,No,-,1,1,-,1,-,-,-,,-,-,しゃちょうのイス,silla despacho,silla despacho,chaise de rédacteur,chaise de rédacteur,Chefsessel,sedia del direttore,사장님 의자,0427,0688,1426,1426,0354,0353,0231,1201,0728,1.0,5600,2C89,2D33,int_prs_chairS,Yes,,,,,editor's chair,editor's chair
0428,editor's desk,editor's desk,,,Nooklings,C,Yes,"5,200",-,"1,300","1,040",-,-,2x1,No,No,No,,,,,,151,-,-,Trendy,brown,brown,-,official,,No,No,-,1,1,-,1,-,-,-,,-,-,しゃちょうのつくえ,mesa despacho,mesa despacho,bureau de rédacteur,bureau de rédacteur,Chefschreibtisch,scrivania direttore,사장님 책상,0428,0689,0978,0978,0232,0230,0230,1168,0729,1.0,5200,2C8B,2D35,int_prs_tableM,Yes,,,,,editor's desk,editor's desk
0429,effects rack,effects rack,,,Nooklings,B,Yes,"2,800",-,700,560,-,-,1x1,No,Yes,No,,,,,,151,-,-,Sci-Fi,black,black,-,rock 'n' roll,,No,No,-,1,1,-,1,-,-,-,,-,-,エフェクターラック,cajón efectos,cajón efectos,sono,sono,Effekt-Rack,rack effetti,이펙터 장비,0429,0187,0290,0288,1438,1437,0307,1059,1106,1.0,2800,2C9A,2D44,int_oth_effects,Yes,,,,effects rack,effects rack,effects rack
0430,egg basket,egg basket,,,Bunny Day,-,No,-,-,200,-,-,-,1x1,No,No,No,,,,,,499,-,-,-,brown,colorful,-,iconic,,No,No,-,1,1,-,1,-,-,-,,-,-,イースターのバスケット,cesta de huevos,cesta de huevos,panier d'œufs,panier d'œufs,Eierkörbchen,cesto di uova,이스터 바구니,0430,0119,0415,0413,1159,1157,0312,0296,1103,1.0,800,2D00,2DAA,int_oth_eggbasket,Yes,,,,,egg basket,-
0431,egg bed,egg bed,,,Zipper,-,No,-,-,"9,000",-,-,Bed,2x2,No,No,No,,,Sleep,-,Sleep,651,egg,Series,Toy Shop,white,colorful,-,cute,,No,No,-,1,1,-,1,-,-,-,,-,-,たまごのベッド,cama huevo,cama huevo,lit œuf,lit œuf,Eierbett,letto uovo,달걀 침대,0431,0914,0325,0323,0986,0984,0309,0708,0269,1.0,36000,29E5,2A8F,int_egg_bedW,No,,,,-,,-
0432,egg bench,egg bench,,,Zipper,-,No,-,-,"9,000",-,-,Seat,2x1,No,No,No,,,Sit,-,Sit,651,egg,Series,Toy Shop,white,colorful,-,cute,,No,No,-,1,1,-,1,-,-,-,,-,-,たまごのながイス,banco huevo,banco huevo,banc œuf,banc œuf,Eierliege,panca uovo,달걀 긴 의자,0432,0913,0131,0128,0113,0113,0314,0932,0261,1.0,36000,29E9,2A93,int_egg_chairL,No,,,,-,,egg bench
0433,egg chair,egg chair,,,Zipper,-,No,-,-,"9,000",-,-,Seat,1x1,No,No,No,,,Sit,-,Sit,651,egg,Series,Toy Shop,white,colorful,-,cute,,No,No,-,1,1,-,1,-,-,-,,-,-,たまごのイス,sillón huevo,sillón huevo,chaise œuf,chaise œuf,Eierstuhl,sedia uovo,달걀 의자,0433,0906,1485,1484,0379,0378,0317,1251,0268,1.0,36000,29E8,2A92,int_egg_chairS,No,,,,-,,-
0434,egg clock,egg clock,,,Zipper,-,No,-,-,"9,000",-,-,Clock,1x1,No,No,No,,,,,,651,egg,Series,Toy Shop,white,colorful,-,cute,,No,No,-,1,1,-,1,-,-,-,,-,-,たまごのとけい,reloj huevo,reloj huevo,cadran œuf,cadran œuf,Eieruhr,orologio uovo,달걀 시계,0434,0912,1315,1315,0253,0251,0319,0905,0265,1.0,36000,29ED,2A97,int_egg_clockB,No,,,,-,,egg clock
0435,egg dresser,egg dresser,,,Zipper,-,No,-,-,"9,000",-,-,Dresser,2x1,No,No,No,,,Storage,Press,Press,651,egg,Series,Toy Shop,white,colorful,-,cute,,No,No,-,1,1,-,1,-,-,-,,-,-,たまごのタンス,cómoda huevo,cómoda huevo,commode œuf,commode œuf,Eierkommode,comò uovo,달걀 서랍장,0435,0910,0479,0477,0496,0495,0311,0352,0264,1.0,36000,29E6,2A90,int_egg_chestA,No,,,,-,,-
0436,egg lamp,egg lamp,,,Zipper,-,No,-,-,"9,000",-,-,Light,1x1,No,No,No,,,Toggle,Light,Press,651,egg,Series,Toy Shop,colorful,aqua,-,cute,,No,No,-,1,1,-,1,-,-,-,,-,-,たまごのランプ,lámpara huevo,lámpara huevo,lampe œuf,lampe œuf,Eierlampe,lampada uovo,달걀 램프,0436,0915,0793,0793,0906,0904,0313,0617,0262,1.0,36000,29EE,2A98,int_egg_lamp,No,,,,-,,-
0437,egg stereo,egg stereo,,,Zipper,-,No,-,-,"9,000",-,-,Music Player,2x1,No,No,Yes,,,Music player,,Music,651,egg,Series,Toy Shop,white,colorful,-,cute,,No,No,-,1,1,-,1,-,-,-,,-,-,たまごのコンポ,cadena huevo,cadena huevo,chaîne œuf,chaîne œuf,Eieranlage,stereo uovo,달걀 오디오,0437,0909,0264,0262,0332,0331,0308,1421,0266,1.0,36000,29EB,2A95,int_egg_audioM,No,,,,-,,-
0438,egg table,egg table,,,Zipper,-,No,-,-,"9,000",-,-,Table,1x1,No,Yes,No,,,,,,651,egg,Series,Toy Shop,white,colorful,-,cute,,No,No,-,1,1,-,1,-,-,-,,-,-,たまごのテーブル,mesa huevo,mesa huevo,table œuf,table œuf,Eiertisch,tavolo uovo,달걀 테이블,0438,0911,0995,0995,1548,1548,0318,1558,0270,1.0,36000,29EA,2A94,int_egg_tableS,No,,,,-,,egg table
0439,egg toy set,egg toy set,,,Zipper,-,No,-,-,"9,000",-,-,-,2x1,No,No,Yes,,,,,,651,egg,Series,Toy Shop,white,colorful,-,cute,,No,No,-,1,1,-,1,-,-,-,,-,-,たまごマトリョーシカ,escultura huevo,escultura huevo,jouet œuf,jouet œuf,Eierspielzeug,matriosca uovo,달걀 마트로시카,0439,0916,0558,0556,0844,0842,0316,0763,0263,1.0,36000,29EC,2A96,int_egg_matoryosika,No,,,,-,,-
0440,egg TV,egg TV,,,Zipper,-,No,-,-,"9,000",-,-,-,1x1,Yes,No,No,,,,,,651,egg,Series,Toy Shop,white,colorful,-,cute,,No,No,-,1,1,-,1,-,-,-,,-,-,たまごのかべかけテレビ,tele huevo,tele huevo,télé œuf,télé œuf,Eierfernseher,TV uovo,달걀 TV,0440,0907,1614,1613,1625,1625,0310,1672,0260,1.0,36000,29EF,2A99,int_egg_tv,No,,,,-,,-
0441,egg wardrobe,egg wardrobe,,,Zipper,-,No,-,-,"9,000",-,-,Closet,1x1,No,No,No,,,Storage,Press,Press,651,egg,Series,Toy Shop,white,colorful,-,cute,,No,No,-,1,1,-,1,-,-,-,,-,-,たまごのクロゼット,armario huevo,armario huevo,bahut œuf,bahut œuf,Eierschrank,armadio uovo,달걀 옷장,0441,0908,0071,0071,0084,0084,0315,0086,0267,1.0,36000,29E7,2A91,int_egg_chestB,No,,,,-,,-
0442,eggplant cow,eggplant cow,,,Isabelle,-,No,-,-,125,-,-,-,1x1,No,No,Yes,,,,,,499,-,-,Harmonious / Quirky,purple,purple,-,iconic,,No,No,-,1,1,-,1,-,-,-,,-,-,なすびのうし,vaca de berenjena,vaca de berenjena,veaubergine,veaubergine,Auberginenkuh,melanzana dell'Obon,가지 소,0442,1092,1711,1709,1701,1701,0073,0764,0063,1.0,500,2C12,2CBC,int_oth_eggplant,Yes,,,,eggplant cow,eggplant cow,-
0443,Eiffel Tower,Eiffel Tower,,,Gulliver,-,Yes,"4,000",-,"1,000",800,-,Model,1x1,No,No,No,,,-,,,1051,-,-,Toy Shop,gray,gray,-,iconic,,No,No,-,1,1,-,1,-,-,-,,-,-,エッフェルとう,Torre Eiffel,Torre Eiffel,tour Eiffel,tour Eiffel,Eiffelturm,torre Eiffel,에펠 탑,0443,0174,1677,1674,1665,1665,0320,1613,0988,1.0,4000,2D8F,2E39,int_oth_Eiffel,No,,,,,,-
0444,eight lamp,eight lamp (White),,,Spotlight,-,Yes,"8,000",-,"2,000","1,600",-,Light,1x1,No,No,Yes,,,Toggle,Light,Press,351,-,-,Trendy,white,white,-,cute,,No,Yes,800,7,7,the number color,1,-,-,-,,-,-,8のランプ,lámpara ocho,lámpara ocho,lampe 8,lampe 8,„8“-Lampe,lampada a 8,8 램프,0444,0014,0807,0807,0864,0862,0010,0566,0018,1.0,8000,2E01,2EAB,rmk_nmb_8,Yes,,,,,eight lamp,-
0445,EKG machine,EKG machine,,,Raddle's RV,-,No,-,-,500,400,-,-,1x1,No,No,No,,,,,,151,-,-,-,white,white,-,official,,No,No,-,1,1,-,1,-,-,-,,-,-,しんでんけい,electrocardiógrafo,electrocardiógrafo,électrocardiographe,électrocardiographe,EKG-Gerät,elettrocardiografo,심전계,0445,0739,0541,0539,0587,0586,0346,0428,0891,1.4,2000,-,2FF5,int_hsp_graph,No,,,,EKG machine,EKG machine,EKG machine
0446,elder mask,elder mask,,,Nooklings,-,Yes,"1,600",-,400,320,-,-,1x1,Yes,No,No,,,,,,151,-,-,Harmonious / Antique / Quirky,white,white,-,iconic,,No,No,-,1,1,-,1,-,-,-,,-,-,おきなののうめん,máscara de sabio,máscara de sabio,masque de sage,masque de sage,Greisenmaske,maschera muro uomo,동양 전통 가면,0446,0233,0929,0926,1055,1054,0525,0759,0313,1.0,1600,2CD4,2D7E,int_noh_okina,Yes,,,,,elder mask,-
0447,electric bass,electric bass (Creamy beige),,,Sprocket's RV,-,No,-,-,800,640,-,Instrument,1x1,No,No,No,,,Press,-,Press,151,-,-,-,beige,beige,-,rock 'n' roll,,No,Yes,320,8,1,-,8,the body color,-,-,,-,-,エレキベース,bajo eléctrico,bajo eléctrico,basse électrique,basse électrique,E-Bass,basso elettrico,일렉트릭 베이스 기타,0447,0194,0115,0113,0132,0131,0296,0152,1116,1.4,3200,-,2FA6,rmk_oth_elebass,No,,,,electric bass,electric bass,electric bass
0448,electric guitar,electric guitar (Fire red),,,Nooklings,C,Yes,"1,900",-,475,380,-,Instrument,1x1,No,No,No,,,Press,-,Press,151,guitar,Set,Trendy,red,red,-,rock 'n' roll,,No,Yes,190,8,1,-,8,the body color,-,-,,-,-,エレキギターES2,guitarra eléctrica,guitarra eléctrica,guitare jazz,guitare jazz,Jazz-Gitarre,chitarra elettrica,일렉트릭기타 ES2,0448,0192,0694,0697,0750,0748,0649,0303,1118,1.0,1900,2B42,2BEC,rmk_gtr_Egtr02,No,,,metal guitar,electric guitar,,electric guitar
0449,electric kettle,electric kettle,,,Nooklings,D,Yes,"1,280",-,320,256,-,-,1x1,No,No,Yes,,,,,,151,-,-,Trendy,white,white,-,modern,,No,No,-,1,1,-,1,-,-,-,,-,-,でんきケトル,hervidor de agua,hervidor de agua,bouilloire moderne,bouilloire moderne,Wasserkocher,bollitore elettrico,전기 포트,0449,1023,0704,0705,0197,0195,1660,0179,1164,1.0,1280,2C59,2D03,int_oth_kettle_ele,Yes,,,,,electric kettle,-
0450,electric sign,electric sign (Orange signboard),,,Campground Shop,-,No,-,-,450,360,-,Light,1x1,Yes,No,No,,,Toggle,Light,Press,151,-,-,-,gray,orange,-,basic,,No,Yes,180,2,1,-,2,the signboard,-,-,,-,-,かべのでんしょくかんばん,rótulo colgante,rótulo colgante,enseigne électrique,enseigne électrique,Elektro-Werbetafel,insegna elettrica,벽 조명 간판,0450,0354,1371,1370,0596,0594,0351,0540,0617,1.4,1800,-,2FCA,rmk_oth_elesign_wb,No,,,,,electric sign,-
0451,elegant bench,elegant bench (Red and brown),,,Claude's RV,-,No,-,-,"1,200",960,-,Seat,2x1,No,Yes,No,,,Sit,-,Sit,151,-,-,Antique,red,brown,-,ornate,,No,Yes,480,4,4,the body color,1,-,-,-,,-,-,エレガントなベンチ,banco elegante,banco elegante,banc élégant,banc élégant,Edelbank,panca elegante,엘레강스 벤치,0451,0190,0127,0124,0106,0106,0301,0923,0989,1.4,4800,-,2FD8,rmk_oth_elechairL,No,,,,,elegant bench,-
0452,elegant chair,elegant chair (Red and brown),,,Claude's RV,-,No,-,-,900,720,-,Seat,1x1,No,No,No,,,Sit,-,Sit,151,-,-,Antique,red,brown,-,ornate,,No,Yes,360,4,4,the body color,1,-,-,-,,-,-,エレガントなチェア,silla elegante,silla elegante,chaise élégante,chaise élégante,Edelstuhl,sedia elegante,엘레강스 체어,0452,0189,1430,1430,0361,0360,0303,1207,0990,1.4,3600,-,2FD7,rmk_oth_elechairS,No,,,,elegant chair,elegant chair,elegant chair
0453,elephant slide,elephant slide,,,Nooklings,A,Yes,"1,200",-,300,240,-,-,2x1,No,No,No,,,,,,151,nursery,Theme,Toy Shop,blue,yellow,-,cute,,No,No,-,1,1,-,1,-,-,-,,-,-,ゾウのすべりだい,tobogán elefante,tobogán elefante,éléphoboggan,éléphoboggan,Elefantenrutsche,proboscivolo,코끼리 미끄럼틀,0453,0850,1649,1647,0588,0587,0347,1048,1353,1.0,1200,2A8D,2B37,int_bab_slide,No,,,,elephant slide,,elephant slide
0454,eraser sofa,eraser sofa (White),,,DLC,-,Yes,"23,760",-,"5,940","4,752",-,Seat,2x1,No,No,No,,,Sit,-,Sit,300,-,-,Trendy,white,white,-,basic,,No,Yes,2376,3,3,the eraser color,1,-,-,-,,-,-,カドケシソファ,sofá borrador,sofá borrador,canapé gomme,canapé gomme,Radiergummisofa,sofà gomma,제도용 지우개 소파,0454,0336,1489,1489,0292,0290,1179,1349,1185,1.0,23760,2E27,2ED1,rmk_stt_chairL,Yes,,,,,eraser sofa,-
0455,espresso machine,espresso machine (Red),,,Ellie's RV,-,No,-,-,400,320,-,-,1x1,No,No,Yes,,,,,,151,-,-,-,red,red,-,basic,,No,Yes,160,5,5,the body color,1,-,-,-,,-,-,コーヒーサーバー,cafetera exprés,cafetera exprés,machine à expresso,machine à expresso,Espressomaschine,macchina espresso,드립 커피 도구,0455,0576,0269,0267,1025,1023,0358,0740,0340,1.4,1600,-,3007,rmk_oth_coffeeserver,Yes,,,,,,espresso machine
0456,espresso maker,espresso maker,,,Brewster,-,No,-,-,125,100,-,-,1x1,No,No,Yes,,,,,,451,-,-,Trendy,gray,gray,-,modern,,No,No,-,1,1,-,1,-,-,-,,-,-,エスプレッソマシーン,cafetera moka,cafetera moka,machine à café,machine à café,Espressokanne,moka,에스프레소 머신,0456,0173,0270,0268,1022,1020,0357,0814,0984,1.0,500,2C04,2CAE,int_oth_espresso,No,,,,espresso maker,,espresso maker
0457,exam table,exam table,,,Raddle's RV,-,No,-,-,700,560,-,Bed,2x1,No,No,No,,,Sleep,-,Sleep,151,-,-,Sci-Fi,white,white,-,official,,No,No,-,1,1,-,1,-,-,-,,-,-,しんさつだい,camilla hospital,camilla hospital,table d'examen,table d'examen,Untersuchungstisch,lettino medico,진찰대,0457,0734,0358,0356,1519,1519,1606,0658,1221,1.4,2800,-,2ED7,int_hsp_exambed,No,,,,exam table,exam table,exam table
0458,executive toy,executive toy (Red),,,Nooklings,A,Yes,"1,100",-,275,220,-,-,1x1,No,No,Yes,,,,,,151,-,-,Trendy / Toy Shop,red,red,-,cute,,No,Yes,110,4,2,the color,1,-,2,Gold Nugget / Silver Nugget,,-,-,アメリカンクラッカー,juguete bolas,juguete bolas,gadget de bureau,gadget de bureau,Tischspielzeug,moto perpetuo,아메리칸 크래커,0458,0103,0748,0748,0717,0715,1565,0821,0918,1.0,1100,2BCB,2C75,rmk_oth_cracker,No,,,,Newton's cradle,,executive toy
0459,exercise ball,exercise ball (Pink),,,Campground Shop,-,No,-,-,400,320,-,-,1x1,No,No,No,,,,,,151,-,-,Toy Shop,pink,pink,-,sporty,,No,Yes,160,3,3,the ball color,1,-,-,-,,-,-,バランスボール,pelota de ejercicios,pelota de ejercicios,ballon gymnastique,ballon gymnastique,Gymnastikball,palla da pilates,짐 볼,0459,1223,1180,1183,0097,0097,0540,0913,1222,1.4,1600,-,2F2B,rmk_fns_balanceball,No,,,,exercise ball,exercise ball,exercise ball
0460,exercise bike,exercise bike,,,Nooklings,A,Yes,"2,400",-,600,480,-,-,1x1,No,No,No,,,,,,151,-,-,Sci-Fi,gray,gray,-,sporty,,No,No,-,1,1,-,1,-,-,-,,-,-,エクササイズバイク,bicicleta estática,bicicleta estática,vélo d'appartement,vélo d'appartement,Fahrradergometer,cyclette,자전거 머신,0460,0171,0185,0182,1703,1703,0365,0400,1134,1.0,2400,2CEE,2D98,int_fns_bike,Yes,,,,exercise bike,exercise bike,exercise bike
0461,exhibit partition,exhibit partition (White partition - Rainbow),,,Museum Shop,-,Yes,"3,000",-,750,600,-,-,2x1,No,No,No,,,,,,199,museum,Set,Trendy,white,aqua,-,official,,No,Yes,300,10,2,the partition color,5,the painting,-,-,,-,-,てんじパーテーション,panel de exposición,panel de exposición,panneau d'exposition,panneau d'exposition,Ausstellungswand,pannello espositivo,전시 파티션,0461,1028,1159,1160,1168,1166,0079,0936,1168,1.0,3000,2C2A,2CD4,rmk_mse_screen,Yes,,,,,exhibit partition,exhibit partition
0462,exit sign,exit sign,,,Nooklings,-,Yes,"1,600",-,400,320,-,-,2x1,Yes,No,No,,,,,,151,-,-,Sci-Fi / Quirky,green,white,-,basic,,No,No,-,1,1,-,1,-,-,-,,-,-,ひじょうぐち,salida de emergencia,salida de emergencia,panneau de sortie,panneau de sortie,Notausgangsschild,segnale di uscita,비상구,0462,1294,1380,1379,1167,1165,1021,1254,0698,1.0,1600,2CCF,2D79,int_oth_exit,Yes,,,,exit sign,exit sign,-
0463,exotic bed,exotic bed (Brown - Gray),,,Nooklings,A,Yes,"2,540",-,635,508,-,Bed,2x2,No,No,No,,,Sleep,-,Sleep,151,exotic,Series,Harmonious,brown,gray,-,iconic,,No,Yes,254,4,2,the frame,2,the bedding,-,-,,-,-,アジアなベッド,cama exótica,cama exótica,lit teck,lit teck,Orient-Bett,letto esotico,아시아 침대,0463,0092,0315,0313,1002,1000,1039,0679,0927,1.0,2540,2935,29DF,rmk_asi_bedW,No,exotic bed,exotic bed,exotic bed,,,-
0464,exotic bench,exotic bench (Brown),,,Nooklings,A,Yes,"1,900",-,475,380,-,Seat,2x1,No,No,No,,,Sit,-,Sit,151,exotic,Series,Harmonious,brown,brown,-,iconic,,No,Yes,190,2,2,the furniture color,1,-,-,-,,-,-,アジアなベンチ,banco exótico,banco exótico,banc teck,banc teck,Orient-Bank,panca esotica,아시아 벤치,0464,0093,0128,0125,0115,0115,1038,0924,0921,1.0,1900,2938,29E2,rmk_asi_chairL,No,,,,,,exotic bench
0465,exotic bureau,exotic bureau (Brown),,,Nooklings,A,Yes,"2,400",-,600,480,-,Dresser,1x1,No,No,No,,,Storage,Press,Press,151,exotic,Series,Harmonious,brown,brown,-,iconic,,No,Yes,240,2,2,the furniture color,1,-,-,-,,-,-,アジアなタンス,cómoda exótica,cómoda exótica,commode teck,commode teck,Orient-Kommode,comò esotico,아시아 서랍장,0465,0089,0470,0468,0508,0507,1040,0328,0923,1.0,2400,2936,29E0,rmk_asi_chestA,No,,,,,,-
0466,exotic chair,exotic chair (Brown - White),,,Nooklings,A,Yes,"1,400",-,350,280,-,Seat,1x1,No,No,No,,,Sit,-,Sit,151,exotic,Series,Harmonious,brown,white,-,iconic,,No,Yes,140,4,2,the frame,2,the fabric,-,-,,-,-,アジアなイス,silla exótica,silla exótica,chaise teck,chaise teck,Orient-Stuhl,sedia esotica,아시아 의자,0466,0085,1436,1436,0395,0394,1044,1208,0925,1.0,1400,2939,29E3,rmk_asi_chairS,No,,,,,,exotic chair
0467,exotic chest,exotic chest (Brown),,,Nooklings,A,Yes,"1,800",-,450,360,-,-,2x1,No,Yes,No,,,,,,151,exotic,Series,Harmonious,brown,brown,-,iconic,,No,Yes,180,2,2,the furniture color,1,-,-,-,,-,-,アジアなバンダヂ,baúl exótico,baúl exótico,coffre teck,coffre teck,Orient-Truhe,baule esotico,아시아 장,0467,0091,0176,0173,0442,0441,1047,0155,0926,1.0,1800,293E,29E8,rmk_asi_trunk,No,,,,,,exotic chest
0468,exotic end table,exotic end table (Brown),,,Nooklings,A,Yes,"1,600",-,400,320,-,Table,1x1,No,Yes,No,,,,,,151,exotic,Series,Harmonious,brown,brown,-,iconic,,No,Yes,160,2,2,the furniture color,1,-,-,-,,-,-,アジアなミニテーブル,mesita exótica,mesita exótica,mini-table teck,mini-table teck,Orient-Tischchen,tavolino esotico,아시아 미니 테이블,0468,0094,1043,1042,1093,1092,1046,1464,0920,1.0,1600,293B,29E5,rmk_asi_tableS,No,,,,,,-
0469,exotic lamp,exotic lamp (White and orange),,,Nooklings,A,Yes,"1,800",-,450,360,-,Light,1x1,No,No,Yes,,,Toggle,Light,Press,151,exotic,Series,Harmonious,beige,yellow,-,iconic,,No,Yes,180,2,2,the furniture color,1,-,-,-,,-,-,アジアなランプ,lámpara exótica,lámpara exótica,lampe teck,lampe teck,Orient-Lampe,lampada esotica,아시아 램프,0469,0095,0783,0783,0920,0918,1041,0587,0919,1.0,1800,293C,29E6,rmk_asi_lamp,No,,,,,,exotic lamp
0470,exotic screen,exotic screen (Brown),,,Nooklings,A,Yes,"2,250",-,562,449,-,-,2x1,No,No,No,,,,,,151,exotic,Series,Harmonious,brown,brown,-,iconic,,No,Yes,225,2,2,the furniture color,1,-,-,-,,-,-,アジアなスクリーン,biombo exótico,biombo exótico,paravent teck,paravent teck,Orient-Paravent,separé esotico,아시아 파티션,0470,0088,0194,0191,1195,1193,1042,1268,0929,1.0,2250,293D,29E7,rmk_asi_screen,No,,,,,,exotic screen
0471,exotic table,exotic table (Brown),,,Nooklings,A,Yes,"2,300",-,575,460,-,Table,2x1,No,Yes,No,,,,,,151,exotic,Series,Harmonious,brown,brown,-,iconic,,No,Yes,230,2,2,the furniture color,1,-,-,-,,-,-,アジアなテーブル,mesa exótica,mesa exótica,table teck,table teck,Orient-Tisch,tavolo esotico,아시아 테이블,0471,0090,0983,0983,1569,1569,1045,1512,0928,1.0,2300,293A,29E4,rmk_asi_tableM,No,,,,,,exotic table
0472,exotic wall shelf,exotic wall shelf (Brown),,,Nooklings,-,Yes,"2,400",-,600,480,-,-,1x1,Yes,No,No,,,,,,151,exotic,Series,Harmonious,brown,brown,-,iconic,,No,Yes,240,2,2,the furniture color,1,-,-,-,,-,-,アジアなウォールシェルフ,estan. pared exótico,estan. pared exótico,étagère mur teck,étagère mur teck,Orient-Wandregal,mensola esotica,아시아 벽걸이 쉘프,0472,0086,0575,0573,0635,0632,1048,0770,0922,1.0,2400,293F,29E9,rmk_asi_wall,Yes,,,,,exotic wall shelf,-
0473,exotic wardrobe,exotic wardrobe (Brown),,,Nooklings,A,Yes,"2,180",-,545,436,-,Closet,1x1,No,No,No,,,Storage,Press,Press,151,exotic,Series,Harmonious,brown,brown,-,iconic,,No,Yes,218,2,2,the furniture color,1,-,-,-,,-,-,アジアなクロゼット,armario exótico,armario exótico,armoire teck,armoire teck,Orient-Schrank,armadio esotico,아시아 옷장,0473,0087,0063,0063,0059,0059,1043,0062,0924,1.0,2180,2937,29E1,rmk_asi_chestC,No,,,,,,-
0474,extinguisher,extinguisher,,,Nooklings,D,Yes,"1,300",-,325,260,-,-,1x1,No,No,No,,,,,,151,-,-,Sci-Fi,red,red,-,basic,,No,No,-,1,1,-,1,-,-,-,,-,-,しょうかき,extintor,extintor,extincteur,extincteur,Feuerlöscher,estintore,소화기,0474,0708,0616,0614,0650,0648,0400,0438,0785,1.0,1300,2BB4,2C5E,int_oth_extinguisher,No,,,,extinguisher,,extinguisher
0475,fairy bottle,fairy bottle,,,Medli's RV,-,No,-,-,"3,000",-,-,-,1x1,No,No,Yes,,,,,,300,-,-,Toy Shop,white,pink,-,iconic,,No,No,-,1,1,-,1,-,-,-,,-,-,ようせいのビン,hada en una botella,hada en una botella,fée en flacon,fée en flacon,Feenflasche,ampolla della fata,요정 보틀,0475,1602,0698,0701,0676,0674,0369,0019,1045,1.4,12000,-,3081,int_zld_bottle,Yes,,,,,,-
0476,fan,fan,,,Nooklings,D,Yes,"1,200",-,300,240,-,-,1x1,No,No,No,,,,,,151,-,-,Sci-Fi,green,aqua,-,iconic,,No,No,-,1,1,-,1,-,-,-,,-,-,せんぷうき,ventilador,ventilador,ventilateur,ventilateur,Ventilator,ventilatore,선풍기,0476,0844,1723,1721,1705,1705,1610,1714,0768,1.0,1200,2BD1,2C7B,int_oth_fan,No,,,,fan,,-
0477,fan palm,fan palm,,,Garden Shop,-,Yes,"1,300",-,325,260,-,Plant,1x1,No,No,No,,,-,-,-,199,house plant,Set,Rustic,green,brown,-,basic,,No,No,-,1,1,-,1,-,-,-,,-,-,ヤマドリヤシ,palmera,palmera,palmier d'Arec,palmier d'Arec,Fächerpalme,palma cinese,아레카야자,0477,1577,1156,1157,1153,1151,0361,0915,0916,1.0,1300,2B35,2BDF,int_plt_yamadori,No,,,,fan palm,,fan palm
0478,fancy display case,fancy display case (Brown),,,Bitty's RV,-,No,-,-,"1,200",960,-,-,2x1,No,Yes,No,,,,,,151,-,-,-,brown,brown,-,ornate,,No,Yes,480,6,6,the body color,1,-,-,-,,-,-,こうきゅうショーケース,vitrina antigüedades,vitrina antigüedades,vitrine luxueuse,vitrine luxueuse,Edelvitrine,teca antica,고급 진열대,0478,0555,1731,1729,1723,1723,0304,1565,0098,1.4,4800,-,2F71,rmk_shp_highclasscase,No,,,,,fancy display case,-
0479,fancy display stand,fancy display stand (Beige),,,Campground Shop,-,No,-,-,700,560,-,-,1x1,No,Yes,No,,,,,,151,-,-,-,beige,beige,-,ornate,,No,Yes,280,3,3,the body color,1,-,-,-,,-,-,こうきゅうなちんれつだい,expositor ostentoso,expositor ostentoso,socle expo chic,socle expo chic,Edelauslage,espositore antico,화려한 진열대,0479,0556,0613,0611,1431,1430,0300,0429,1699,1.4,2800,-,2FB0,rmk_shp_tbl_hi,No,,,,,fancy display stand,-
0480,fancy doll,fancy doll,,,Nooklings,D,Yes,"1,400",-,350,280,-,Doll,1x1,No,No,Yes,,,,,,151,-,-,Fairy Tale / Quirky,aqua,white,-,iconic,,No,No,-,1,1,-,1,-,-,-,,-,-,フランスにんぎょう,muñeca de princesa,muñeca de princesa,poupée de princesse,poupée de princesse,Barockpuppe,bambola principessa,프랑스 인형,0480,1365,1113,1112,1314,1312,0125,0121,1569,1.0,1400,2C4E,2CF8,int_oth_doll_frc,Yes,,,,,fancy doll,fancy doll
0481,fancy frame,fancy frame (Flower),,,Museum Shop,-,Yes,"10,000",-,"2,500","2,000",-,-,2x1,Yes,No,No,,,,,,199,museum,Set,Antique,yellow,red,-,official,,No,Yes,1000,2,1,-,2,the painting,-,-,,-,-,ごうかながくぶち,marco recargado,marco recargado,cadre luxueux,cadre luxueux,Prunkbilderrahmen,cornice lussuosa,호화로운 액자,0481,0549,0925,0922,0254,0252,1154,0378,1686,1.0,10000,2C26,2CD0,rmk_mse_frame,Yes,,,,fancy frame,fancy frame,-
0482,fancy tea set,fancy tea set (Yellow),,,Sandy's RV,-,No,-,-,"2,000","1,600",-,-,1x1,No,No,Yes,,,,,,151,-,-,Antique,yellow,yellow,-,ornate,,No,Yes,800,4,4,the body color,1,-,-,-,,-,-,ごうかなティーセット,juego de té pomposo,juego de té pomposo,service fantaisie,service fantaisie,Pracht-Tee-Set,servizio da tè,호화로운 티 세트,0482,0551,0745,0745,1408,1406,1145,1280,1688,1.4,8000,-,2EF1,rmk_oth_teaset,No,,,,fancy tea set,fancy tea set,fancy tea set
0483,fedora chair,fedora chair,,,Nintendo Zone,-,No,-,-,800,640,-,Seat,1x1,No,No,No,,,Sit,-,Sit,300,-,-,Trendy,black,white,-,modern,,No,No,-,1,1,-,1,-,-,-,,-,-,なかおれぼうのイス,taburete sombrero,taburete sombrero,chaise borsalino,chaise borsalino,Filzhut-Stuhl,sedia fedora,중절모 의자,0483,1090,1572,1572,0342,0341,0403,1209,1212,1.0,3200,2C1A,2CC4,int_oth_fedora_chairL,No,,,,,,-
0484,Felyne Guardian,Felyne Guardian,,,Felyne's RV,-,No,-,-,"3,000",-,-,-,2x2,No,No,No,,,,,,300,-,-,Toy Shop,gray,red,-,iconic,,No,No,-,1,1,-,1,-,-,-,,-,-,ねこじぞう,estatua Felyne,estatua Felyne,statue Felyne,statue Felyne,Felyne-Statue,statua Felyne,고양이 파수꾼,0484,1119,0601,0599,1455,1455,0370,1400,0101,1.4,12000,-,3022,int_mnh_nekozizou,No,,,,,Felyne Guardian,-
0485,female mask,female mask,,,Nooklings,-,Yes,"1,600",-,400,320,-,-,1x1,Yes,No,No,,,,,,151,-,-,Harmonious / Antique / Quirky,white,white,-,iconic,,No,No,-,1,1,-,1,-,-,-,,-,-,おんなののうめん,máscara de mujer,máscara de mujer,masque de femme,masque de femme,Frauenmaske,maschera muro donna,여자 도깨비 가면,0485,0274,0927,0924,1054,1053,0418,0757,0992,1.0,1600,2CD6,2D80,int_noh_woman,Yes,,,,,female mask,-
0486,festival lantern,festival lantern (White with red kanji),,,Nooklings,-,Yes,900,-,225,180,-,Light,1x1,Yes,No,No,,,Toggle,Light,Press,151,-,-,Harmonious,white,white,-,iconic,,No,Yes,90,3,1,-,3,the lantern,-,-,,-,-,ちょうちん,farolillo oriental,farolillo oriental,lampion blanc,lampion blanc,Lampion,lanterna giapponese,초롱,0486,0966,0624,0622,0926,0924,0838,0626,1254,1.0,900,2CCD,2D77,rmk_jpn_lantern,Yes,,,,,festival lantern,-
0487,festive candle,festive candle,,,Nooklings,-,Yes,"1,600",-,400,320,-,Light,1x1,No,No,Yes,,,Toggle,Light,Press,451,-,-,-,colorful,orange,-,iconic,,No,No,-,1,1,-,1,-,-,-,,-,-,おまつりのろうそく,candelabro festivo,candelabro festivo,chandelier de fête,chandelier de fête,Kerzenleuchter,candela festiva,축제 촛불,0487,0262,0368,0366,0400,0399,0713,0229,1267,1.0,1600,2BF6,2CA0,int_oth_kcandle,No,,,,,,-
0488,festive flag,festive flag,,,Nooklings,-,Yes,680,-,170,136,-,-,1x1,No,No,Yes,,,,,,451,-,-,-,colorful,colorful,-,iconic,,No,No,-,1,1,-,1,-,-,-,,-,-,おまつりのはた,bandera festiva,bandera festiva,fanion de fête,fanion de fête,Festfahne,bandiera festiva,축제 깃발,0488,0261,0146,0143,0654,0652,0381,0139,1266,1.0,680,2BF5,2C9F,int_oth_kflag,No,,,,,,-
0489,festive tree,festive tree,,,Nooklings,-,Yes,"1,300",-,325,260,-,-,1x1,No,No,No,,,,,,451,-,-,Rustic / Toy Shop,green,colorful,-,cute,,No,No,-,1,1,-,1,-,-,-,,-,-,かわいいクリスマスツリー,arbolito festivo,arbolito festivo,sapin,sapin,Tannenbäumchen,alberello festivo,귀여운 크리스마스트리,0489,0377,0038,0038,1384,1382,1530,0006,0129,1.0,1300,2BF4,2C9E,int_oth_Xmas_S,No,,,,festive tree,,-
0490,festive wreath,festive wreath,,,Jingle,-,No,-,-,320,-,-,-,1x1,Yes,No,No,,,,,,1224,-,-,Toy Shop,green,green,-,cute,,No,No,-,1,1,-,1,-,-,-,,-,-,クリスマスリース,corona festiva,corona festiva,couronne de sapin,couronne de sapin,Festtagskranz,ghirlanda festiva,크리스마스 리스,0490,0498,0514,0512,0541,0540,0386,0510,1377,1.0,1280,2C0B,2CB5,int_oth_wreathe,No,,,,festive wreath,,-
0491,file cabinet (L),file cabinet (L),,,Cleo's RV,-,No,-,-,700,560,-,-,2x1,No,No,No,,,,,,151,-,-,-,gray,colorful,-,official,,No,No,-,1,1,-,1,-,-,-,,-,-,ファイルキャビネットL,archivador grande,archivador grande,armoire à classeurs,armoire à classeurs,Aktenschrank L,archivio grande,서류 캐비닛L,0491,1327,0041,0041,0024,0024,0035,0033,0753,1.4,2800,-,2F1B,int_ofc_cabinetL,No,,,,tall file cabinet,file cabinet (L),file cabinet (L)
0492,file cabinet (M),file cabinet (M),,,Murphy's RV,-,No,-,-,300,240,-,-,1x1,No,Yes,No,,,,,,151,-,-,-,gray,colorful,-,official,,No,No,-,1,1,-,1,-,-,-,,-,-,ファイルキャビネットM,archivador mediano,archivador mediano,placard à classeurs,placard à classeurs,Aktenschrank M,archivio medio,서류 캐비닛M,0492,1328,0042,0042,1239,1237,0036,0034,0754,1.4,1200,-,2F1C,int_ofc_cabinetM,No,,,,short file cabinet,file cabinet (M),file cabinet (M)
0493,Fire Bar,Fire Bar,,,Fortune,-,No,-,-,210,-,-,-,1x1,No,No,No,,,,,,151,Mario,Theme,Toy Shop,brown,red,-,cute,,No,No,-,1,1,-,1,-,-,-,,-,-,ファイアバー,barrera de fuego,barrera de fuego,barre de feu,barre de feu,Feuerbarriere,barra infuocata,파이어바,0493,1325,0165,0162,0128,0127,0397,0149,1488,1.0,840,2BE2,2C8C,int_smb_Fbar,No,,,fire bar,,,Fire Bar
0494,Fire Flower,Fire Flower,,,Fortune,-,No,-,-,210,-,-,-,1x1,No,No,Yes,,,,,,151,Mario,Theme,Toy Shop,white,colorful,-,cute,,No,No,-,1,1,-,1,-,-,-,,-,-,ファイアフラワー,flor de fuego,flor de fuego,fleur de feu,fleur de feu,Feuerblume,fiore di fuoco,파이어플라워,0494,1326,0648,0649,0700,0698,0398,0464,1489,1.0,840,2BDB,2C85,int_smb_fireflower,No,,,fire flower,Fire Flower,,Fire Flower
0495,fire hydrant,fire hydrant,,,Nooklings,A,Yes,960,-,240,192,-,-,1x1,No,No,No,,,,,,151,-,-,-,red,red,-,basic,,No,No,-,1,1,-,1,-,-,-,,-,-,しょうかせん,boca de incendio,boca de incendio,borne d'incendie,borne d'incendie,Hydrant,idrante,소화전,0495,0709,0208,0205,0189,0187,0629,0534,0786,1.0,960,2BB5,2C5F,int_oth_fireplug,No,,,,fire hydrant,,-
0496,firefly lamp,firefly lamp,,,Nat,-,No,-,-,450,360,-,Light,1x1,No,No,No,,,Toggle,Light,Press,651,insect,Set,Toy Shop,green,yellow,-,cute,,No,No,-,1,1,-,1,-,-,-,,-,-,ホタルランプ,lámpara luciérnaga,lámpara luciérnaga,lampe luciole,lampe luciole,Leuchtkäferlampe,lampada lucciola,반디 램프,0496,1422,0796,0796,0892,0890,0861,0597,0579,1.0,1800,2CDC,2D86,int_isc_lamp,Yes,,,,,firefly lamp,-
0497,fireplace,fireplace,,,Nooklings,B,Yes,"2,200",-,550,440,-,-,2x1,No,Yes,No,,,,,,151,-,-,-,brown,brown,-,historical,,No,No,-,1,1,-,1,-,-,-,,-,-,だんろ,chimenea,chimenea,cheminée,cheminée,Kamin,caminetto,난로,0497,0942,0422,0420,0426,0425,0667,0221,0196,1.0,2200,2B9A,2C44,int_kmk_fireplace,No,,,,fireplace,,fireplace
0498,firewood,firewood,,,Campground Shop,-,No,-,-,300,240,-,-,1x1,No,No,Yes,,,,,,151,-,-,Rustic,brown,brown,-,historical,,No,No,-,1,1,-,1,-,-,-,,-,-,まき,leña,pila de leña,tas de bûches,tas de bûches,Feuerholz,legna da ardere,장작,0498,1464,0847,1205,1606,1606,0399,0656,1153,1.4,1200,-,2EDD,int_oth_fagot,No,,,,firewood,firewood,firewood
0499,fireworks table,fireworks table,,,DLC,-,Yes,"4,320",-,"1,080",864,-,Table,2x2,No,Yes,No,,,,,,300,-,-,-,brown,colorful,-,cute,,No,No,-,1,1,-,1,-,-,-,,-,-,はなびテーブル,mesa pirotécnica,mesa pirotécnica,table feu d'artifice,table feu d'artifice,Feuerwerkstisch,tavolo fuoco d'art.,불꽃놀이 테이블,0499,1215,1014,1014,1530,1530,0402,1517,0676,1.0,4320,2E16,2EC0,int_mon_08,Yes,,,,,fireworks table,fireworks table
0500,first-aid kit,first-aid kit,,,Raddle's RV,-,No,-,-,300,240,-,-,1x1,No,No,Yes,,,,,,151,-,-,Sci-Fi,brown,colorful,-,basic,,No,No,-,1,1,-,1,-,-,-,,-,-,きゅうきゅうばこ,botiquín,botiquín,trousse de soins,trousse de soins,Erste-Hilfe-Kasten,kit pronto soccorso,구급상자,0500,0428,0223,0221,1688,1688,0356,0552,0126,1.4,1200,-,2F06,int_oth_kusuribox,No,,,,first-aid kit,first-aid kit,first-aid kit
0501,fish and chips,fish and chips,,,Piper's RV,-,No,-,-,300,240,-,-,1x1,No,No,Yes,,,,,,151,-,-,-,orange,white,-,basic,,No,No,-,1,1,-,1,-,-,-,,-,-,フィッシュアンドチップス,pescado con papas,fish and chips,fish and chips,fish and chips,Fischteller,piatto di fritti,피시 앤 칩스,0501,1332,1186,0646,0696,0694,0407,0973,1589,1.4,1200,-,2FDB,int_oth_fishandchips,Yes,,,,fish and chips,,fish and chips
0502,fish grill,fish grill,,,Igloo Campers,-,Yes,"2,800",-,700,560,-,-,1x1,No,No,No,,,,,,451,-,-,Harmonious,gray,gray,-,iconic,,No,No,-,1,1,-,1,-,-,-,,-,-,しちりん,grill para pescado,grill para pescado,gril à poissons,gril à poissons,Holzkohlengrill,griglia per pesce,풍로,0502,0658,0690,0693,0740,0738,0614,0526,1555,1.0,2800,2C5D,2D07,int_jpn_stove,Yes,,,,,fish grill,-
0503,fish on a board,fish on a board (Carp),,,Campground Shop,-,No,-,-,400,320,-,-,1x1,No,No,Yes,,,,,,151,-,-,-,gray,brown,-,basic,,No,Yes,160,3,3,the fish,1,-,-,-,,-,-,まないたのうえのコイ,tabla cortar pescado,tabla cortar pescado,poisson sur planche,poisson sur planche,Fischschneidebrett,pesce su tagliere,도마 위 잉어,0503,1479,1543,1543,1277,1275,0405,0953,0300,1.4,1600,-,2F31,rmk_oth_manaitafish,Yes,,,,carp on a cutting board,,fish on a board
0504,five lamp,five lamp (White),,,Spotlight,-,Yes,"5,500",-,"1,375","1,100",-,Light,1x1,No,No,Yes,,,Toggle,Light,Press,351,-,-,Trendy,white,white,-,cute,,No,Yes,550,7,7,the number color,1,-,-,-,,-,-,5のランプ,lámpara cinco,lámpara cinco,lampe 5,lampe 5,„5“-Lampe,lampada a 5,5 램프,0504,0011,0770,0770,0861,0859,0007,0563,0014,1.0,5500,2DFE,2EA8,rmk_nmb_5,Yes,,,,,five lamp,-
0505,flashy-flower sign,flashy-flower sign,,,Nooklings,B,Yes,"1,200",-,300,240,-,-,1x1,No,No,No,,,,,,151,-,-,Harmonious,colorful,colorful,-,iconic,,No,No,-,1,1,-,1,-,-,-,,-,-,はなわ,cartel florido,cartel florido,panneau fleuri,panneau fleuri,Blumengesteck,decor. inaugurazioni,화환,0505,1216,0395,0394,1174,1172,0166,0402,1710,1.0,1200,2CB8,2D62,int_oth_wreath,Yes,,,,flashy-flower sign,flashy-flower sign,flashy-flower sign
0506,flat display case,flat display case (White pedestal - Book),,,Museum Shop,-,Yes,"2,500",-,625,500,-,Table,2x1,No,No,No,,,,,,199,museum,Set,Trendy,white,beige,-,official,,No,Yes,250,8,2,the pedestal,4,the display item,-,-,,-,-,ひらたいてんじケース,expositor horizontal,expositor horizontal,vitrine horizontale,vitrine horizontale,Tischvitrine,espositore orizz.,넓적한 전시 케이스,0506,1317,0611,0609,1722,1722,1567,0434,0221,1.0,2500,2C22,2CCC,rmk_mse_case01,Yes,,,,,flat display case,flat display case
0507,flat-screen TV,flat-screen TV,,,Nooklings,C,Yes,"4,800",-,"1,200",960,-,-,2x1,No,No,Yes,,,,,,151,-,-,Trendy / Sci-Fi,black,black,-,modern,,No,No,-,1,1,-,1,-,-,-,,-,-,うすがたテレビ,tele plana,tele plana,télé à écran plat,télé à écran plat,Flachbildfernseher,TV a schermo piatto,평면 TV,0507,0154,1621,1620,1614,1614,0408,1653,1532,1.0,4800,2C87,2D31,int_oth_flat_tv,Yes,,,,,flat-screen TV,flat-screen TV
0508,floor light,floor light (White),,,Sprocket's RV,-,No,-,-,500,400,-,-,1x1,No,No,No,,,,,,151,-,-,Trendy,white,white,-,modern,,No,Yes,200,7,7,the light color,1,-,-,-,,-,-,グランドライト,punto de luz suelo,punto de luz suelo,spot de sol,spot de sol,Fußboden-Spot,faretto da pavimento,바닥 조명,0508,0485,1260,1263,1445,1444,0441,0440,0562,1.4,2000,-,2FB3,rmk_oth_grandlight,No,,,,floor light,floor light,-
0509,floor monitor,floor monitor,,,Sprocket's RV,-,No,-,-,500,400,-,-,1x1,No,No,No,,,,,,151,-,-,-,black,black,-,modern,,No,No,-,1,1,-,1,-,-,-,,-,-,フロアモニター,monitor de escenario,monitor de escenario,enceinte retour,enceinte retour,Bühnenmonitor,spia da palcoscenico,플로어 모니터,0509,1387,1091,1090,0590,0589,0199,1384,1584,1.4,2000,-,2FF0,int_oth_flrmonitor,No,,,,floor monitor,floor monitor,floor monitor
0510,floor seat,floor seat (Light brown - Red),,,Kapp'n's RV,-,No,-,-,400,320,-,Seat,1x1,No,No,No,,,Sit,-,Sit,151,-,-,-,brown,red,-,historical,,No,Yes,160,15,3,the chair color,5,the cushion,-,-,,-,-,ざいす,silla sin patas,silla sin patas,chaise au sol,chaise au sol,Bodensitz,sedia giapponese,좌식 의자,0510,0623,1472,1472,0336,0335,0173,1216,1198,1.4,1600,-,3008,rmk_jpn_zaisu,No,,,,floor seat,floor seat,floor seat
0511,florence flask,florence flask,,,Nooklings,D,Yes,"1,600",-,400,320,-,-,1x1,No,No,Yes,,,,,,151,mad scientist,Theme,Sci-Fi / Quirky,green,gray,-,flashy,,No,No,-,1,1,-,1,-,-,-,,-,-,おおきなフラスコ,psicofrasco,psicofrasco,alambic,alambic,Rundkolben,ampolla,큰 플라스크,0511,0213,1251,1254,0007,0007,1273,0018,1392,1.0,1600,2A9A,2B44,int_mad_flask,No,,,,,,florence flask
0512,flounder table,flounder table,,,Chip,-,No,-,-,600,480,-,Table,2x2,No,Yes,No,,,,,,651,fish,Set,Toy Shop,green,green,-,cute,,No,No,-,1,1,-,1,-,-,-,,-,-,ヒラメいたテーブル,mesa rodaballo,mesa rodaballo,table cardeau,table cardeau,Flundertisch,tavolo sogliola,넙치 테이블,0512,1319,1024,1023,1495,1495,0413,1553,0222,1.0,2400,2CE9,2D93,int_fis_tableL01,Yes,,,,,flounder table,-
0513,flower bed,flower bed,,,Campground Shop,-,No,-,-,700,560,-,Plant,2x1,No,No,No,,,-,-,-,151,-,-,Rustic,brown,colorful,-,basic,,No,No,-,1,1,-,1,-,-,-,,-,-,かだん,parterre,parterre,parterre de fleurs,parterre de fleurs,Blumenbeet,aiuola,화단,0513,0325,1174,1177,1199,1197,0165,0005,1692,1.4,2800,-,2F47,int_oth_flowerbed,No,,,,flower bed,flower bed,flower bed
0514,flower bouquet,flower bouquet,,,Leif,-,No,-,-,450,-,-,Plant,1x1,No,No,Yes,,,-,-,-,751,-,-,Rustic,pink,yellow,-,cute,,No,No,-,1,1,-,1,-,-,-,,-,-,はなたば,ramo de flores,ramo de flores,bouquet fleuri,bouquet fleuri,Blumenstrauß,bouquet di fiori,꽃다발,0514,1213,1273,1276,0204,0202,0169,0197,0178,1.0,1800,2C1E,2CC8,int_oth_hanataba,No,,,,,,-
0515,flower chair,flower chair (Pink),,,Nooklings,D,Yes,"1,400",-,350,280,-,Seat,1x1,No,No,No,,,Sit,-,Sit,151,flower,Set,Rustic / Fairy Tale,red,green,-,cute,,No,Yes,140,5,5,the flower color,1,-,-,-,,-,-,おはなのイス,silla flor,silla flor,chaise fleur,chaise fleur,Blümchenstuhl,sedia fiore,꽃 의자,0515,0249,1438,1438,0366,0365,0163,1210,0173,1.0,1400,2B1F,2BC9,rmk_flc_chairS,No,,,"tulip chair, iris chair, daffodil chair",,,-
0516,flower display case,flower display case (Silver),,,Campground Shop,-,No,-,-,"1,000",800,-,-,2x1,No,No,No,,,,,,151,-,-,-,colorful,gray,-,basic,,No,Yes,400,4,4,the body color,1,-,-,-,,-,-,フラワーショーケース,vitrina floristería,vitrina floristería,vitrine de fleurs,vitrine de fleurs,Blumenvitrine,vetrinetta fiori,꽃 진열대,0516,1364,1736,1734,1720,1720,0170,1722,0174,1.4,4000,-,2F3E,rmk_oth_flowercase,No,,,,flower display case,flower display case,flower display case
0517,flower table,flower table (Pink),,,Nooklings,A,Yes,"1,900",-,475,380,-,Table,1x1,No,Yes,No,,,,,,151,flower,Set,Rustic / Fairy Tale,red,green,-,cute,,No,Yes,190,5,5,the flower color,1,-,-,-,,-,-,おはなテーブル,mesa flor,mesa flor,table fleur,table fleur,Blümchentisch,tavolo fiore,꽃 테이블,0517,0248,0985,0985,1531,1531,0164,1513,0175,1.0,1900,2B20,2BCA,rmk_flc_tableS,No,,,"tulip table, iris table, daffodil table",,,-
0518,flower wreath,flower wreath (White beige),,,Campground Shop,-,No,-,-,400,320,-,Plant,1x1,Yes,No,No,,,-,-,-,151,-,-,Rustic,beige,green,-,cute,,No,Yes,160,4,4,the flower color,1,-,-,-,,-,-,はなのリース,adorno floral,adorno floral,couronne de fleurs,couronne de fleurs,Blumenkranz,ghirlanda,꽃 리스,0518,1214,0005,0005,0540,0539,0168,0509,0172,1.4,1600,-,2F5E,rmk_oth_freathe,No,,,,,flower wreath,-
0519,flying saucer,flying saucer,,,Nooklings,D,Yes,"2,400",-,600,480,-,-,2x2,No,No,No,,,,,,151,space,Theme,Sci-Fi / Toy Shop,gray,yellow,-,flashy,,No,No,-,1,1,-,1,-,-,-,,-,-,そらとぶえんばん,platillo volante,platillo volante,soucoupe volante,soucoupe volante,UFO,disco volante,하늘 나는 원반,0519,0854,1228,1227,1439,1438,1597,0406,1600,1.0,2400,2A66,2B10,int_uvs_ufo,No,,,,flying saucer,,flying saucer
0520,folding chair,folding chair (Blue),,,Nooklings,B,Yes,600,-,150,120,-,Seat,1x1,No,No,No,,,Sit,-,Sit,151,-,-,-,aqua,gray,-,official,,No,Yes,60,4,4,the chair color,1,-,-,-,,-,-,パイプイス,silla tijera,silla tijera,chaise pliante,chaise pliante,Klappstuhl,sedia pieghevole,강당 의자,0520,1160,1475,1475,0382,0381,0741,1234,0074,1.0,600,2AC6,2B70,rmk_sch_pipe_chairS,No,,,,folding chair,,folding chair
0521,folk guitar,folk guitar,,,Nooklings,D,Yes,"1,600",-,400,320,-,Instrument,1x1,No,No,No,,,Press,-,Press,151,guitar,Set,-,brown,brown,-,basic,,No,No,-,1,1,-,1,-,-,-,,-,-,アコギターAS1,guitarra folk,guitarra folk,guitare folk,guitare folk,Folk-Gitarre,chitarra folk,어쿠스틱기타 AS1,0521,0081,0695,0698,0749,0747,0414,0304,0981,1.0,1600,2B3F,2BE9,int_gtr_Agtr01,No,,,,,,-
0522,foosball table,foosball table,,,Nooklings,C,Yes,"1,800",-,450,360,-,-,2x1,No,No,No,,,,,,151,-,-,Toy Shop,brown,colorful,-,sporty,,No,No,-,1,1,-,1,-,-,-,,-,-,テーブルサッカー,futbolín,futbolín,baby-foot,baby-foot,Kickertisch,biliardino,테이블 축구,0522,1008,0668,0670,0079,0079,0714,0170,1424,1.0,1800,2CFE,2DA8,int_oth_tablesoccer,Yes,,,,foosball table,foosball table,foosball table
0523,football-fish lamp,football-fish lamp,,,Chip,-,No,-,-,600,480,-,Light,1x1,No,No,Yes,,,Toggle,Light,Press,651,fish,Set,Toy Shop,blue,blue,-,cute,,No,No,-,1,1,-,1,-,-,-,,-,-,ちょうちんアンコウランプ,lámpara pez balón,lámpara pez balón,lampe pois. lanterne,lampe pois. lanterne,Leuchtfischlampe,lamp. pesce abissale,초롱아귀 램프,0523,0967,0814,0814,0909,0907,0860,0556,1255,1.0,2400,2CE4,2D8E,int_fis_lamp,Yes,,,,,football-fish lamp,-
0524,forklift,forklift,,,Boyd's RV,-,No,-,-,900,720,-,-,2x1,No,No,No,,,,,,151,-,-,-,black,yellow,-,basic,,No,No,-,1,1,-,1,-,-,-,,-,-,フォークリフト,montacargas,carretilla elevadora,chariot élévateur,chariot élévateur,Stapler,muletto,지게차,0524,1343,1096,0379,0410,0409,1458,0829,1216,1.4,3600,-,2F17,int_cst_forklift,No,,,,,forklift,forklift
0525,four lamp,four lamp (White),,,Spotlight,-,Yes,"4,000",-,"1,000",800,-,Light,1x1,No,No,Yes,,,Toggle,Light,Press,351,-,-,Trendy,white,white,-,cute,,No,Yes,400,7,7,the number color,1,-,-,-,,-,-,4のランプ,lámpara cuatro,lámpara cuatro,lampe 4,lampe 4,„4“-Lampe,lampada a 4,4 램프,0525,0010,0774,0774,0860,0858,0006,0562,0012,1.0,4000,2DFD,2EA7,rmk_nmb_4,Yes,,,,,four lamp,-
0526,freezer,freezer,,,Nooklings,B,Yes,"2,400",-,600,480,-,-,1x1,No,No,No,,,,,,151,-,-,Sci-Fi,white,white,-,basic,,No,No,-,1,1,-,1,-,-,-,,-,-,れいとうこ,arcón congelador,arcón congelador,congélateur,congélateur,Kühltruhe,congelatore,냉동고,0526,1665,0047,0047,0523,0522,0813,0362,0213,1.0,2400,2CA9,2D53,int_oth_freezer,Yes,,,,freezer,freezer,freezer
0527,froggy chair,froggy chair (Green frog),,,Nooklings,A,Yes,"1,200",-,300,240,-,Seat,1x1,No,No,No,,,Sit,-,Sit,151,frog,Set,Rustic,green,green,-,cute,,No,Yes,120,4,4,the frog color,1,-,-,-,,-,-,カエルのチェア,silla ranita,silla ranita,siège rainette,siège rainette,Froschstuhl,sedia rana,개구리 체어,0527,0310,1466,1466,1422,1421,0422,1239,0077,1.0,1200,2B1C,2BC6,rmk_flg_chairS,No,,,,froggy chair,,-
0528,frog-woman pole,frog-woman pole,,,Nooklings,C,Yes,"1,400",-,350,280,-,-,1x1,No,No,No,,,,,,151,totem pole,Set,Rustic,brown,colorful,-,iconic,,No,No,-,1,1,-,1,-,-,-,,-,-,トーテムポール・サテ,tótem rana,tótem rana,totem rainette,totem rainette,Unken-Totempfahl,totem ranocchia,토템폴 사테,0528,1046,1684,1683,1660,1660,1605,1625,1431,1.0,1400,2AEC,2B96,int_tpl_tpl03,No,,,,,,-
0529,fruit basket,fruit basket,,,Franklin,-,No,-,-,200,-,-,-,1x1,No,No,Yes,,,,,,651,-,-,Rustic,yellow,red,-,iconic,,No,No,-,1,1,-,1,-,-,-,,-,-,フルーツバスケット,cesta de frutas,cesta de frutas,panier de fruits,panier de fruits,Fruchtkorb,cestino di frutta,과일 바구니,0529,1382,0414,0412,1156,1154,0423,0290,0116,1.0,800,2C4F,2CF9,int_oth_fruitbasket,Yes,,,,fruit basket,fruit basket,fruit basket
0530,fruit drink,fruit drink (Orange juice),,,Ellie's RV,-,No,-,-,400,320,-,-,1x1,No,No,Yes,,,,,,151,-,-,-,orange,orange,-,basic,,No,Yes,160,5,5,the menu,1,-,-,-,,-,-,ソフトドリンク,bebida refrescante,bebida refrescante,boisson fraîche,boisson fraîche,Kinder-Cocktail,bibita,과일 주스,0530,0853,0179,0176,0157,0156,0724,0160,0117,1.4,1600,-,2F95,rmk_oth_softdrink,No,,,,,fruit drink,fruit drink
0531,fruit-panel cushion,fruit-panel cushion (Apple),,,Puzzle League,-,No,-,-,"3,000",-,-,-,1x1,No,No,Yes,,,,,,151,-,-,Toy Shop,red,red,-,cute,,No,Yes,1200,6,6,cushion pattern,1,-,-,-,,-,-,パネポンなクッション,cojín Puzzle League,cojín Puzzle League,couss. Puzzle League,couss. Puzzle League,Puzzleopolis-Kissen,cusc. Puzzle League,동물의 숲 패널로 퐁 쿠션,0531,1218,0447,0447,0542,0541,1173,0394,0310,1.4,12000,-,30A2,rmk_oth_panepon,Yes,,,,,,-
0532,frying pan,frying pan (Stir-fry),,,Desert Island Escape,-,No,-,-,500,-,-,-,1x1,No,No,Yes,,,,,,551,-,-,Toy Shop,black,colorful,-,modern,,No,Yes,200,3,3,the content,1,-,-,-,,-,-,フライパン,sartén,sartén,poêle à frire,poêle à frire,Pfanne,padella,프라이팬,0532,1361,1386,1385,1273,1271,1085,0910,1568,1.4,2000,-,304F,rmk_oth_frypan,Yes,,,,frying pan,,-
0533,Fueki chair,Fueki chair,,,Holden's RV,-,No,-,-,"3,000",-,-,Seat,1x1,No,No,No,,,Sit,-,Sit,300,-,-,Toy Shop,yellow,red,-,rock 'n' roll,,No,No,-,1,1,-,1,-,-,-,,-,-,フエキくんなイス,silla Fueki,silla Fueki,chaise Fueki,chaise Fueki,Fueki-Stuhl,sedia Fueki,후에키 의자,0533,1336,1439,1439,0367,0366,0428,1212,1732,1.4,12000,-,309E,int_fek_chairS,Yes,,,,,,-
0534,Fueki drawers,Fueki drawers,,,Holden's RV,-,No,-,-,"3,000",-,-,Dresser,1x1,No,No,No,,,Storage,Press,Press,300,-,-,Toy Shop,yellow,red,-,rock 'n' roll,,No,No,-,1,1,-,1,-,-,-,,-,-,フエキくんなタンス,cajonera Fueki,cajonera Fueki,armoire Fueki,armoire Fueki,Fueki-Kommode,comò Fueki,후에키 서랍장,0534,1338,0292,0290,0043,0043,0427,0329,1730,1.4,12000,-,309F,int_fek_chestA,Yes,,,,,,-
0535,Fueki pot,Fueki pot,,,Holden's RV,-,No,-,-,"3,000",-,-,-,1x1,No,No,Yes,,,,,,300,-,-,Toy Shop,yellow,red,-,rock 'n' roll,,No,No,-,1,1,-,1,-,-,-,,-,-,フエキくんなべ,cazuela Fueki,cazuela Fueki,fait-tout Fueki,fait-tout Fueki,Fueki-Topf,pentola Fueki,후에키 냄비,0535,1340,0406,0404,0652,0650,0430,0951,1729,1.4,12000,-,309D,int_fek_pan,Yes,,,,,,-
0536,Fueki stereo,Fueki stereo,,,Holden's RV,-,No,-,-,"3,000",-,-,Music Player,2x1,No,No,No,,,Music player,,Music,300,-,-,Toy Shop,yellow,red,-,rock 'n' roll,,No,No,-,1,1,-,1,-,-,-,,-,-,フエキくんなコンポ,cadena Fueki,cadena Fueki,hi-fi Fueki,hi-fi Fueki,Fueki-Anlage,stereo Fueki,후에키 오디오,0536,1337,0261,0259,0766,0764,0426,1414,1731,1.4,12000,-,30A0,int_fek_audio,Yes,,,,,,-
0537,Fueki table,Fueki table,,,Holden's RV,-,No,-,-,"3,000",-,-,Table,2x2,No,Yes,No,,,,,,300,-,-,Toy Shop,yellow,red,-,rock 'n' roll,,No,No,-,1,1,-,1,-,-,-,,-,-,フエキくんなテーブル,mesa Fueki,mesa Fueki,table Fueki,table Fueki,Fueki-Tisch,tavolo Fueki,후에키 테이블,0537,1339,0986,0986,1532,1532,0429,1514,1733,1.4,12000,-,30A1,int_fek_tableL,Yes,,,,,,-
0538,full-moon vanity,full-moon vanity,,,DLC,-,Yes,"4,360",-,"1,090",872,-,-,2x1,No,No,No,,,,,,300,-,-,-,white,yellow,-,cute,,No,No,-,1,1,-,1,-,-,-,,-,-,まんげつドレッサー,tocador luna llena,tocador luna llena,coiffeuse lune,coiffeuse lune,Vollmondspiegel,toletta luna piena,보름달 화장대,0538,1489,1660,1658,0453,0452,1627,1597,0636,1.0,4360,2E17,2EC1,int_mon_09,Yes,,,,,full-moon vanity,full-moon vanity
0539,futon mattress,futon mattress (Crosshatch),,,Hornsby's RV,-,No,-,-,400,320,-,-,1x1,No,No,No,,,,,,151,-,-,Harmonious,white,blue,-,historical,,No,Yes,160,5,1,-,5,the futon pattern,-,-,,-,-,たたまれたふとん,futón,futón,futon,futon,Futon,futon,개킨 이불,0539,0887,0669,0671,0716,0714,0442,0497,0082,1.4,1600,-,2F0E,rmk_jpn_futon,No,,,,,futon mattress,futon mattress
0540,gadget shelf,gadget shelf,,,Celeste's RV,-,No,-,-,"3,000",-,-,-,2x1,No,No,No,,,,,,151,-,-,Toy Shop,blue,gray,-,basic,,No,No,-,1,1,-,1,-,-,-,,-,-,キカイのたな,equipo electrónica,equipo electrónica,équipement électron.,équipement électron.,Elektroequipment,scaffale gadget,기계 선반,0540,0393,0547,0545,0609,0606,0348,1126,0162,1.4,12000,-,30B8,int_ows_eleshelf,Yes,,,,,,-
0541,game shelf,game shelf (Pink),,,Nooklings,D,Yes,980,-,245,196,-,-,1x1,No,No,No,,,,,,151,-,-,-,pink,pink,-,basic,,No,Yes,98,4,4,the body color,1,-,-,-,,-,-,カラーボックス,estantería plástico,estantería plástico,étagère de jeux,étagère en plastique,Regal,scaffale in plastica,컬러 책장,0541,0357,0595,0593,0626,0623,1196,1130,1330,1.0,980,2B93,2C3D,rmk_oth_c_box,No,,,"pink box, blue box, beige box",-,,-
0542,GameCube drawer,GameCube drawer,,,Wisp's RV,-,No,-,-,"3,000",-,-,Dresser,1x1,No,Yes,No,,,Storage,Press,Press,151,-,-,Toy Shop,purple,black,-,historical,,No,No,-,1,1,-,1,-,-,-,,-,-,ゲームキューブタンス,cómoda GameCube,cómoda GameCube,commode GameCube,commode GameCube,GameCube-Kommode,comò GameCube,게임큐브 서랍장,0542,0532,0473,0471,0489,0488,0444,0332,0090,1.4,12000,-,3094,int_nin_cube,No,,,GameCube dresser,,,-
0543,game-show stand,game-show stand (Red),,,Nooklings,A,Yes,"2,400",-,600,480,-,-,1x1,No,No,No,,,,,,151,-,-,Toy Shop,red,red,-,cute,,No,Yes,240,4,4,the stand color,1,-,-,-,,-,-,クイズのだい,atril de concurso,atril de concurso,pupitre de quiz,pupitre de quiz,Kandidatenpult,postazione quiz,퀴즈 스탠드,0543,0467,0109,0109,1331,1329,0670,1041,1368,1.0,2400,2C82,2D2C,rmk_std_quiz,Yes,,,,game-show stand,game-show stand,-
0544,garbage bin,garbage bin (Red),,,Campground Shop,-,No,-,-,400,320,-,-,1x1,No,No,No,,,,,,151,-,-,-,red,black,-,basic,,No,Yes,160,3,3,the body color,1,-,-,-,,-,-,キャスターペール,contenedor de basura,contenedor de basura,poubelle roulettes,poubelle roulettes,Wertstofftonne,bidone con ruote,이동식 플라스틱 통,0544,0419,0509,0507,1309,1307,1683,0162,1098,1.4,1600,-,2F98,rmk_oth_casterpail,No,,,,garbage bin,garbage bin,garbage bin
0545,garbage can,garbage can,,,Nooklings,A,Yes,500,-,125,100,-,-,1x1,No,No,No,,,,,,151,-,-,Quirky,gray,gray,-,basic,,No,No,-,1,1,-,1,-,-,-,,-,-,ブリキのペール,cubo de basura,cubo de basura,poubelle,poubelle,Mülltonne,bidone rifiuti,철제 쓰레기통,0545,1368,0521,0518,1306,1304,0965,0165,1241,1.0,500,2B4D,2BF7,int_oth_trash_c,No,,,,garbage can,,-
0546,garbage pail,garbage pail,,,Nooklings,B,Yes,"1,100",-,275,220,-,-,1x1,No,No,No,,,,,,151,-,-,Quirky,blue,blue,-,basic,,No,No,-,1,1,-,1,-,-,-,,-,-,ペール,cubo de desechos,cubo de desechos,conteneur à ordures,conteneur à ordures,Abfalltonne,secchio rifiuti,뚜껑 쓰레기통,0546,1393,0522,0519,0531,0530,0018,1177,0348,1.0,1100,2B4C,2BF6,int_oth_trash_b,No,,,,garbage pail,,-
0547,garden chair,garden chair (White),,,Campground Shop,-,No,-,-,400,320,-,Seat,1x1,No,No,No,,,Sit,-,Sit,151,-,-,Rustic,white,white,-,basic,,No,Yes,160,6,6,the body color,1,-,-,-,,-,-,ガーデンチェア,silla de plástico,silla de plástico,ch. jardin plastique,ch. jardin plastique,Plastik-Gartenstuhl,sedia di plastica,가든 체어,0547,0276,1417,1417,0329,0328,1119,1204,0050,1.4,1600,-,2F44,rmk_gdn_gardenchair,No,,,,garden chair,garden chair,garden chair
0548,garden faucet,garden faucet (Brick),,,Campground Shop,-,No,-,-,400,320,-,-,1x1,No,No,No,,,,,,151,-,-,-,brown,brown,-,basic,,No,Yes,160,3,3,the body color,1,-,-,-,,-,-,ウォータービュー,grifo de jardín,grifo de jardín,robinet de jardin,robinet de jardin,Gartenwasserhahn,fontanella giardino,정원 수도꼭지,0548,0144,0689,0692,1364,1362,0453,0471,1183,1.4,1600,-,2FCE,rmk_gdn_waterview,No,,,,garden faucet,garden faucet,garden faucet
0549,garden gnome,garden gnome (Red hat),,,Spotlight,-,Yes,"3,380",-,845,676,-,Doll,1x1,No,No,Yes,,,,,,351,mossy garden,Theme,-,red,orange,-,cute,,No,Yes,338,7,7,the gnome color,1,-,-,-,,-,-,ノームのおきもの,gnomo jardín,gnomo jardín,nain de jardin,nain de jardin,Gartenzwerg,gnomo giardino,난쟁이요정 모형,0549,1121,0682,0684,1114,1112,0455,0523,0197,1.0,3380,2A81,2B2B,rmk_gdn_gnome,No,,,,garden gnome,,garden gnome
0550,garden lantern,garden lantern (Black),,,Campground Shop,-,No,-,-,500,400,-,Light,1x1,No,No,No,,,Toggle,Light,Press,151,-,-,-,black,orange,-,basic,,No,Yes,200,4,4,the body color,1,-,-,-,,-,-,ガーデンライト,farol de jardín,farol de jardín,lampe de jardin,lampe de jardin,Gartenlaterne,lanterna da giardino,정원 랜턴,0550,0278,0621,0619,0882,0880,0448,0624,1182,1.4,2000,-,300D,rmk_gdn_lamp,No,,,,garden lantern,garden lantern,-
0551,garden rock,garden rock,,,Campground Shop,-,No,-,-,300,240,-,-,1x1,No,No,No,,,,,,151,-,-,Harmonious / Rustic / Antique,gray,gray,-,historical,,No,No,-,1,1,-,1,-,-,-,,-,-,よくあるにわいし,roca gruesa,roca gruesa,petit rocher jardin,petit rocher jardin,Gartenstein,pietra giardino,평범한 정원 돌,0551,1608,1365,1365,1209,1207,0450,0981,1536,1.4,1200,-,2FD0,int_jpn_rockA,No,,,,garden rock,garden rock,garden rock
0552,garden table,garden table (White),,,Campground Shop,-,No,-,-,400,320,-,Table,1x1,No,Yes,No,,,,,,151,-,-,Rustic,white,white,-,basic,,No,Yes,160,6,6,the body color,1,-,-,-,,-,-,ガーデンテーブル,mesa de plástico,mesa de plástico,table d'extérieur,table d'extérieur,Plastiktisch,tavolo di plastica,가든 테이블,0552,0277,0969,0968,1520,1520,1121,1507,0051,1.4,1600,-,2F49,rmk_gdn_gardentable,No,,,,garden table,garden table,garden table
0553,garden tools,garden tools,,,Maggie's RV,-,No,-,-,300,240,-,-,1x1,No,No,No,,,,,,151,-,-,-,brown,beige,-,basic,,No,No,-,1,1,-,1,-,-,-,,-,-,ガーデニングツール,equipo de jardinería,equipo de jardinería,ensemble jardinage,ensemble jardinage,Gartenwerkzeug-Set,set giardinaggio,가드닝 도구,0553,0275,0544,0542,0601,0598,0454,1293,0049,1.4,1200,-,2FC7,int_gdn_tools,No,,,,,garden tools,garden tools
0554,gas pump,gas pump,,,Nooklings,C,Yes,"1,280",-,320,256,-,-,1x1,No,No,No,,,,,,151,-,-,Sci-Fi,red,red,-,basic,,No,No,-,1,1,-,1,-,-,-,,-,-,きゅうゆき,surtidor,surtidor,pompe à essence,pompe à essence,Zapfsäule,pompa benzina,급유기,0554,0431,1540,1540,1278,1276,1724,1018,0161,1.0,1280,2BB3,2C5D,int_oth_gasstand,No,,,,,,gas pump
0555,Gaudí's lizard,Gaudí's lizard,,,Gulliver,-,Yes,"1,200",-,300,240,-,-,2x1,No,No,Yes,,,,,,1051,-,-,Trendy,aqua,colorful,-,modern,,No,No,-,1,1,-,1,-,-,-,,-,-,ガウディのリザード,dragón de Gaudí,dragón de Gaudí,lézard de Gaudi,lézard de Gaudi,Gaudí-Salamander,salamandra di Gaudí,가우디의 도마뱀,0555,0307,0539,0536,0946,0944,0458,1107,0060,1.0,1200,2DC9,2E73,int_jhn_lizard,Yes,,,,,Gaudí's lizard,-
0556,Gemini closet,Gemini closet,,,DLC,-,Yes,"4,800",-,"1,200",960,-,Closet,1x1,No,No,No,,,Storage,Press,Press,300,-,-,-,blue,blue,-,cute,,No,No,-,1,1,-,1,-,-,-,,-,-,ジェミニのクロゼット,armario Géminis,armario Géminis,armoire Gémeaux,armoire Gémeaux,Zwillinge-Schrank,armadio Gemelli,쌍둥이자리 옷장,0556,0647,0066,0066,0044,0044,1740,0065,0905,1.0,4800,2E05,2EAF,int_sgn_Gemini,Yes,,,,Gemini closet,Gemini closet,-
0557,general's fan,general's fan,,,Nooklings,C,Yes,"1,600",-,400,320,-,-,1x1,No,No,Yes,,,,,,151,-,-,Harmonious,black,black,-,historical,,No,No,-,1,1,-,1,-,-,-,,-,-,ぐんばい,abanico samurái,abanico samurái,éventail de samouraï,éventail de samouraï,Holzfächer,ventaglio samurai,부채 장식,0557,0525,0001,0001,0645,0643,0612,1713,0668,1.0,1600,2D73,2E1D,int_frt_gunbai,Yes,,,,,general's fan,-
0558,general's stool,general's stool,,,Nooklings,A,Yes,"1,200",-,300,240,-,Seat,1x1,No,No,No,,,Sit,-,Sit,151,-,-,Harmonious,beige,black,-,historical,,No,No,-,1,1,-,1,-,-,-,,-,-,しょうぐんのイス,silla de shogun,silla de shogun,siège de shogun,siège de shogun,Shogun-Klappstuhl,sgabello da shogun,장군 의자,0558,0712,1421,1421,1418,1417,1391,1311,1146,1.0,1200,2DDC,2E86,int_frt_chairS,Yes,,,,,general's stool,-
0559,genie's lamp,genie's lamp,,,Nooklings,B,Yes,"1,500",-,375,300,-,-,1x1,No,No,Yes,,,,,,151,-,-,Antique / Fairy Tale / Quirky,yellow,yellow,-,historical,,No,No,-,1,1,-,1,-,-,-,,-,-,エジプトランプ,lámpara de genio,lámpara de genio,lampe à génie,lampe à génie,Wunderlampe,lampada del genio,이집트 램프,0559,0172,0776,0776,0866,0864,1711,0583,1105,1.0,1500,2D7B,2E25,int_jhn_lamp,Yes,,,,,genie's lamp,-
0560,gerbera,gerbera,,,Garden Shop,-,Yes,780,-,195,156,-,Plant,1x1,No,No,Yes,,,-,-,-,199,-,-,Rustic,blue,orange,-,basic,,No,No,-,1,1,-,1,-,-,-,,-,-,ガーベラ,jarrón con gerberas,jarrón con gerberas,gerbera,gerbera,Gerbera,gerbera,거베라,0560,0292,0729,0730,0725,0723,0471,0508,0084,1.0,780,2B8F,2C39,int_oth_gerbera,No,,,,,,gerbera
0561,giant dharma,giant dharma (Red),,,Spotlight,-,Yes,"1,600",-,400,320,-,Doll,1x1,No,No,Yes,,,,,,351,dharma,Set,Harmonious,red,red,-,cute,,No,Yes,160,4,3,the body color,1,-,1,Gold Nugget,,-,-,ひっしょうダルマ,daruma gigante,daruma gigante,daruma XL,daruma XL,Riesen-Daruma,dharma gigante,필승 달마,0561,1302,0531,0528,0561,0560,1220,0404,1599,1.0,1600,2ADA,2B84,rmk_dhr_dharmaL,No,,,,,,giant dharma
0562,giant Game Boy,giant Game Boy,,,Hopkins's RV,-,No,-,-,500,400,-,-,1x1,No,No,No,,,,,,151,-,-,Toy Shop,gray,black,-,historical,,No,No,-,1,1,-,1,-,-,-,,-,-,ビッグゲームボーイ,tele Game Boy,tele Game Boy,Game Boy géante,Game Boy géante,Game Boy-Station,Game Boy gigante,자이언트 게임 보이,0562,1299,1610,1609,0718,0716,0443,0502,1133,1.4,2000,-,301D,int_gms_tv,No,,,,,giant Game Boy,giant Game Boy
0563,gift pile,gift pile (Colorful),,,Jingle's RV,-,No,-,-,800,640,-,-,2x1,No,No,No,,,,,,151,-,-,Toy Shop,colorful,colorful,-,cute,,No,Yes,320,3,3,the wrapping,1,-,-,-,,-,-,プレゼントのやま,montón de regalos,montón de regalos,pile de cadeaux,pile de cadeaux,Geschenkeberg,mucchio di regali,선물 더미,0563,1386,1101,1100,1229,1227,0472,0825,0764,1.4,3200,-,2F6F,rmk_oth_presents,No,,,,gift pile,gift pile,gift pile
0564,giraffe ruler,giraffe ruler,,,Nooklings,-,Yes,"1,600",-,400,320,-,-,1x1,Yes,No,No,,,,,,151,-,-,-,yellow,yellow,-,cute,,No,No,-,1,1,-,1,-,-,-,,-,-,キリンしんちょうけい,metro jirafa,metro jirafa,règle girafe,règle girafe,Giraffenmesslatte,righello a giraffa,기린 키재기,0564,0441,1056,1055,1359,1357,0482,1075,0163,1.0,1600,2DF7,2EA1,int_bab_giraffe,Yes,,,,,giraffe ruler,-
0565,glass display case,glass display case (White pedestal),,,Museum Shop,-,Yes,"2,000",-,500,400,-,Table,1x1,No,Yes,No,,,,,,199,museum,Set,Trendy,white,white,-,official,,No,Yes,200,2,2,the pedestal,1,-,-,-,,-,-,ガラスのてんじだい,vitrina exposición,vitrina exposición,vitrine verticale,vitrine verticale,Standvitrine,espositore verticale,유리 전시대,0565,0362,1735,1733,1730,1730,1457,0437,1072,1.0,2000,2C21,2CCB,rmk_mse_tableS02,Yes,,,,,glass display case,-
0566,glass partition,glass partition,,,Paolo's RV,-,No,-,-,700,560,-,-,2x1,No,No,No,,,,,,151,-,-,Trendy,gray,gray,-,modern,,No,No,-,1,1,-,1,-,-,-,,-,-,ガラスのパーテーション,mampara de cristal,mampara de cristal,panneau en verre,panneau en verre,Glastrennwand,pannello di vetro,유리 파티션,0566,0364,0894,0891,1170,1168,0487,0935,1074,1.4,2800,-,2F3C,int_oth_glassscreen,No,,,,,glass partition,glass partition
0567,glass screen,glass screen (Light wood),,,Kicks's RV,-,No,-,-,800,640,-,-,2x1,No,No,No,,,,,,151,-,-,-,orange,orange,-,basic,,No,Yes,320,3,3,the body color,1,-,-,-,,-,-,ガラスつきスクリーン,mampara restaurante,mampara restaurante,paravent vitré,paravent vitré,Holztrennwand,separé con vetro,유리 장식 스크린,0567,0360,0896,0893,1197,1195,0619,1266,1071,1.4,3200,-,2F75,rmk_fod_glassscreen,No,,,,,glass screen,-
0568,glass teapot,glass teapot (Rose-hip tea),,,Ketchup's RV,-,No,-,-,400,320,-,-,1x1,No,No,Yes,,,,,,151,-,-,-,red,red,-,basic,,No,Yes,160,5,5,the menu,1,-,-,-,,-,-,ガラスのティーポット,tetera de cristal,tetera de cristal,théière en verre,théière en verre,Glasteekanne,teiera di cristallo,유리 티포트,0568,0361,1643,1641,1644,1644,0485,1568,1073,1.4,1600,-,3006,rmk_oth_glasspot,No,,,,,glass teapot,glass teapot
0569,glass-top table,glass-top table,,,Nooklings,D,Yes,"2,200",-,550,440,-,Table,2x1,No,Yes,No,,,,,,151,-,-,Harmonious,brown,brown,-,iconic,,No,No,-,1,1,-,1,-,-,-,,-,-,すかしぼりのテーブル,mesa cristal,mesa cristal,table en verre,table en verre,Glastisch,tavolo di vetro,투명 테이블,0569,0762,0954,0954,1526,1526,0486,1508,1447,1.0,2200,2BC0,2C6A,int_oth_ska_tableM,No,,,,,,glass-top table
0570,globe,globe,,,Katie,-,No,-,-,300,240,-,-,1x1,No,No,Yes,,,,,,1280,homework,Set,Sci-Fi,aqua,brown,-,official,,No,No,-,1,1,-,1,-,-,-,,-,-,ちきゅうぎ,globo terráqueo,globo terráqueo,globe terrestre,globe terrestre,Globus,mappamondo,지구의,0570,0948,0680,0682,0728,0726,0489,0754,1217,1.0,1200,2AD1,2B7B,int_std_earth,No,,,,globe,,-
0571,go board,go board,,,Nooklings,B,Yes,"1,200",-,300,240,-,-,1x1,No,No,Yes,,,,,,151,-,-,Harmonious / Toy Shop,brown,brown,-,iconic,,No,No,-,1,1,-,1,-,-,-,,-,-,ごばん,tablero de go,tablero de go,table de go,table de go,Go-Brett,tavola da go,바둑판,0571,0595,1550,1550,1510,1510,0494,1455,0564,1.0,1200,2B63,2C0D,int_oth_go,No,,,,go board,,go board
0572,Goal Pole,Goal Pole,,,Fortune,-,No,-,-,210,-,-,-,1x1,No,No,No,,,,,,151,Mario,Theme,Toy Shop,white,brown,-,cute,,No,No,-,1,1,-,1,-,-,-,,-,-,ゴールポール,banderín,banderín,drapeau Mario,drapeau Mario,Zielpfahl,asta della bandiera,골깃대,0572,0580,0148,0145,0581,0580,1731,0099,0103,1.0,840,2BDA,2C84,int_smb_flagpole,No,,,goal pole,Goal Pole,,Goal Pole
0573,gold bug trophy,gold bug trophy,,,Nat,-,No,-,-,"2,450",-,-,-,1x1,No,No,Yes,,,,,,499,-,-,-,-,-,-,ornate,,No,No,-,1,1,-,1,-,-,-,,-,-,きんのムシトロフィー,bichotrofeo de oro,bichotrofeo de oro,trophée insecte or,trophée insecte or,Gold-Insektenpokal,trofeo insetti oro,금 곤충 트로피,0573,0452,0181,0178,1684,1684,0503,1641,0156,1.0,9800,2C32,2CDC,int_oth_trophy_iA,No,,,bug trophy,gold bug trophy,,-
0574,gold fish trophy,gold fish trophy,,,Chip,-,No,-,-,"2,450",-,-,-,1x1,No,No,Yes,,,,,,499,-,-,-,-,-,-,ornate,,No,No,-,1,1,-,1,-,-,-,,-,-,きんのサカナトロフィー,pez de oro,pez de oro,trophée de pêche or,trophée de pêche or,Gold-Angelpokal,trofeo pesca oro,금 물고기 트로피,0574,0449,1188,1190,1681,1681,0495,1644,0157,1.0,9800,2C2F,2CD9,int_oth_trophy_fA,No,,,gold trophy,gold fish trophy,,gold fish trophy
0575,gold HHA plaque,gold HHA plaque,,,HHA,-,No,-,-,450,-,-,-,1x1,No,No,Yes,,,,,,499,-,-,-,-,-,-,basic,,No,No,-,1,1,-,1,-,-,-,,-,-,アカデミーのきんのたて,placa AAD de oro,placa AAD de oro,plaque AJD or,plaque AJD or,AdsH-Goldabzeichen,targa ABC d'oro,아카데미 금 상패,0575,0075,1217,1221,1248,1246,0027,1449,0948,1.0,1800,2C69,2D13,int_hha_tate_A,Yes,,,,gold HHA plaque,gold HHA plaque,-
0576,gold HHA trophy,gold HHA trophy,,,HHA,-,No,-,-,450,-,-,-,1x1,No,No,Yes,,,,,,499,-,-,-,-,-,-,basic,,No,No,-,1,1,-,1,-,-,-,,-,-,きんのおうちトロフィー,trofeo AAD de oro,trofeo AAD de oro,trophée AJD or,trophée AJD or,AdsH-Goldpokal,trofeo ABC d'oro,집 모양 금 트로피,0576,0446,1697,1696,1680,1680,0028,1638,1224,1.0,1800,2C6B,2D15,int_hha_trophy_A,Yes,,,,gold HHA trophy,gold HHA trophy,-
0577,gold house model,gold house model,,,HHA,-,No,-,-,450,-,-,Model,1x1,No,No,Yes,,,-,,,499,-,-,-,brown,yellow,-,basic,,No,No,-,1,1,-,1,-,-,-,,-,-,きんのおうちのもけい,minicasa de oro,minicasa de oro,modèle maison or,modèle maison or,Gold-Hausmodell,modellino casa d'oro,금색 집 모형,0577,0448,1072,1071,1101,1099,0502,0804,0160,1.0,1800,2C6C,2D16,int_hha_house,Yes,,,,,gold house model,-
0578,gold stereo,gold stereo,,,Nooklings,D,Yes,"2,640",-,660,528,-,Music Player,2x1,No,No,Yes,,,Music player,,Music,151,-,-,Trendy,black,yellow,-,basic,,No,No,-,1,1,-,1,-,-,-,,-,-,いいコンポ,cadena dorada,cadena dorada,hi-fi dorée,hi-fi dorée,Goldanlage,stereo giallo,좋은 오디오,0578,0118,0260,0258,0764,0762,0496,1416,1197,1.0,2640,2BA0,2C4A,int_msc_good,No,,,,,,-
0579,golden bed,golden bed,,,Cyrus,-,No,-,-,"8,000","6,400",-,Bed,2x2,No,No,No,,,Sleep,-,Sleep,1351,golden,Series,Antique,yellow,yellow,-,ornate,,No,No,-,1,1,-,1,-,-,-,,-,-,おうごんのベッド,cama dorada,cama dorada,lit d'or,lit d'or,Goldbett,letto d'oro,황금 침대,0579,0207,0314,0312,0969,0967,0498,0677,1720,1.0,32000,2A48,2AF2,int_gld_bedW,No,,,,-,,golden bed
0580,golden bench,golden bench,,,Cyrus,-,No,-,-,"8,000","6,400",-,Seat,2x1,No,No,No,,,Sit,-,Sit,1351,golden,Series,Antique,yellow,yellow,-,ornate,,No,No,-,1,1,-,1,-,-,-,,-,-,おうごんのながイス,banco dorado,banco dorado,banc d'or,banc d'or,Goldbank,panca d'oro,황금 긴 의자,0580,0205,0126,0123,0104,0104,0497,0921,1713,1.0,32000,2A4C,2AF6,int_gld_chairL,No,,,,-,,golden bench
0581,golden chair,golden chair,,,Cyrus,-,No,-,-,"8,000","6,400",-,Seat,1x1,No,No,No,,,Sit,-,Sit,1351,golden,Series,Antique,yellow,yellow,-,ornate,,No,No,-,1,1,-,1,-,-,-,,-,-,おうごんのイス,silla dorada,silla dorada,chaise d'or,chaise d'or,Goldstuhl,sedia d'oro,황금 의자,0581,0197,1429,1429,0359,0358,0507,1206,1719,1.0,32000,2A4B,2AF5,int_gld_chairS,No,,,,-,,golden chair
0582,golden clock,golden clock,,,Cyrus,-,No,-,-,"8,000","6,400",-,Clock,2x1,No,No,No,,,,,,1351,golden,Series,Antique,yellow,yellow,-,ornate,,No,No,-,1,1,-,1,-,-,-,,-,-,おうごんのとけい,reloj dorado,reloj dorado,horloge d'or,horloge d'or,Golduhr,orologio d'oro,황금 시계,0582,0204,1306,1306,0797,0795,0509,0871,1716,1.0,32000,2A4E,2AF8,int_gld_clockN,No,,,,-,,golden clock
0583,golden closet,golden closet,,,Cyrus,-,No,-,-,"8,000","6,400",-,Closet,1x1,No,No,No,,,Storage,Press,Press,1351,golden,Series,Antique,yellow,yellow,-,ornate,,No,No,-,1,1,-,1,-,-,-,,-,-,おうごんのクロゼット,armario dorado,armario dorado,armoire d'or,armoire d'or,Goldschrank,armadio d'oro,황금 옷장,0583,0198,0062,0062,0040,0040,0506,0061,1718,1.0,32000,2A4A,2AF4,int_gld_chestC,No,,,,-,,golden closet
0584,golden dresser,golden dresser,,,Cyrus,-,No,-,-,"8,000","6,400",-,Dresser,1x1,No,No,No,,,Storage,Press,Press,1351,golden,Series,Antique,yellow,yellow,-,ornate,,No,No,-,1,1,-,1,-,-,-,,-,-,おうごんのタンス,cómoda dorada,cómoda dorada,commode d'or,commode d'or,Goldkommode,toletta d'oro,황금 서랍장,0584,0201,0468,0466,0485,0484,0504,1595,1715,1.0,32000,2A49,2AF3,int_gld_chestA,No,,,,-,,golden dresser
0585,golden man,golden man,,,Cyrus,-,No,-,-,"8,000","6,400",-,Light,1x1,No,No,No,,,Toggle,Light,Press,1351,golden,Series,Antique,yellow,yellow,-,ornate,,No,No,-,1,1,-,1,-,-,-,,-,-,おうごんのせんしぞう,figura hombre dorada,figura hombre dorada,totem homme d'or,totem homme d'or,Goldmann,statua di uomo d'oro,황금 남자상,0585,0200,0641,0641,1658,1658,0505,1398,1714,1.0,32000,2A4F,2AF9,int_gld_pillar,No,,,,-,,golden man
0586,golden screen,golden screen,,,Cyrus,-,No,-,-,"8,000","6,400",-,-,2x1,No,No,No,,,,,,1351,golden,Series,Antique,yellow,yellow,-,ornate,,No,No,-,1,1,-,1,-,-,-,,-,-,おうごんのスクリーン,biombo dorado,biombo dorado,paravent d'or,paravent d'or,Goldwandschirm,separé d'oro,황금 파티션,0586,0199,0192,0189,1186,1184,0510,1267,1722,1.0,32000,2A51,2AFB,int_gld_screen,No,,,,-,,golden screen
0587,golden table,golden table,,,Cyrus,-,No,-,-,"8,000","6,400",-,Table,2x1,No,Yes,No,,,,,,1351,golden,Series,Antique,yellow,yellow,-,ornate,,No,No,-,1,1,-,1,-,-,-,,-,-,おうごんのテーブル,mesa dorada,mesa dorada,table d'or,table d'or,Goldtisch,tavolo d'oro,황금 테이블,0587,0202,0981,0981,1523,1523,0508,1511,1721,1.0,32000,2A4D,2AF7,int_gld_tableM,No,,,,-,,golden table
0588,golden wall torch,golden wall torch,,,Cyrus,-,No,-,-,"8,000","6,400",-,Light,1x1,Yes,No,No,,,Toggle,Light,Press,1351,golden,Series,Antique,yellow,yellow,-,ornate,,No,No,-,1,1,-,1,-,-,-,,-,-,おうごんのトーチ,antorcha dorada,antorcha dorada,flambeau mur d'or,flambeau mur d'or,Goldfackel,torcia a muro d'oro,황금 횃불,0588,0203,0027,0027,0698,0696,0499,1608,1723,1.0,32000,2A52,2AFC,int_gld_wall,Yes,,,,-,golden wall torch,-
0589,golden woman,golden woman,,,Cyrus,-,No,-,-,"8,000","6,400",-,Light,1x1,No,No,No,,,Toggle,Light,Press,1351,golden,Series,Antique,yellow,yellow,-,ornate,,No,No,-,1,1,-,1,-,-,-,,-,-,おうごんのふじんぞう,figura mujer dorada,figura mujer dorada,totem femme d'or,totem femme d'or,Goldfrau,statua donna d'oro,황금 여자상,0589,0206,0644,0644,1657,1657,0500,1399,1717,1.0,32000,2A50,2AFA,int_gld_pillar_female,No,,,,-,,golden woman
0590,golf bag,golf bag (Blue),,,Nooklings,B,Yes,"1,600",-,400,320,-,-,1x1,No,No,No,,,,,,151,-,-,-,aqua,blue,-,sporty,,No,Yes,160,4,4,the bag color,1,-,-,-,,-,-,ゴルフバッグ,bolsa golf,bolsa golf,sac de golf,sac de golf,Profi-Golfbag,sacca golf,골프백,0590,0605,0217,0214,1381,1379,1151,1100,0104,1.0,1600,2AE7,2B91,rmk_glf_golfbag_b,No,,,"blue golf bag, white golf bag, green golf bag",golf bag,,golf bag
0591,gorgeous bed,gorgeous bed,,,GracieGrace,-,No,"300,000",-,"75,000",-,-,Bed,2x2,No,No,No,,,Sleep,-,Sleep,251,gorgeous,Series,Trendy,black,red,-,ornate,,No,No,-,1,1,-,1,-,-,-,,-,-,ゴージャスベッド,cama palacio,cama palacio,lit somptueux,lit somptueux,Luxusbett,letto divino,화려한 침대,0591,0571,0336,0334,0999,0997,0876,0675,1701,1.0,300000,2A32,2ADC,int_gor_bedW,No,,,,-,,-
0592,gorgeous chest,gorgeous chest,,,GracieGrace,-,No,"90,000",-,"22,500",-,-,Dresser,2x1,No,No,No,,,Storage,Press,Press,251,gorgeous,Series,Trendy,black,black,-,ornate,,No,No,-,1,1,-,1,-,-,-,,-,-,ゴージャスチェスト,cómoda palacio,cómoda palacio,commode somptueuse,commode somptueuse,Luxuskommode,comò divino,화려한 수납장,0592,0567,0487,0485,0507,0506,0879,0326,1696,1.0,90000,2A33,2ADD,int_gor_chestA,No,,,,-,,-
0593,gorgeous closet,gorgeous closet,,,GracieGrace,-,No,"140,000",-,"35,000",-,-,Closet,1x1,No,No,No,,,Storage,Press,Press,251,gorgeous,Series,Trendy,black,black,-,ornate,,No,No,-,1,1,-,1,-,-,-,,-,-,ゴージャスクロゼット,armario palacio,armario palacio,armoire somptueuse,armoire somptueuse,Luxusschrank,armadio divino,화려한 옷장,0593,0564,0081,0081,0058,0058,0882,0059,1698,1.0,140000,2A34,2ADE,int_gor_chestC,No,,,,-,,-
0594,gorgeous counter,gorgeous counter,,,GracieGrace,-,No,"180,000",-,"45,000",-,-,Table,2x1,No,Yes,No,,,,,,251,gorgeous,Series,Trendy,black,red,-,ornate,,No,No,-,1,1,-,1,-,-,-,,-,-,ゴージャスカウンター,barra palacio,barra palacio,bar somptueux,bar somptueux,Luxusanrichte,banco divino,화려한 카운터,0594,0563,0164,0161,0122,0121,0875,0130,1702,1.0,180000,2A3A,2AE4,int_gor_c_tableM,No,,,,-,,gorgeous counter
0595,gorgeous desk,gorgeous desk,,,GracieGrace,-,No,"250,000",-,"62,500",-,-,-,1x1,No,No,No,,,,,,251,gorgeous,Series,Trendy,black,black,-,ornate,,No,No,-,1,1,-,1,-,-,-,,-,-,ゴージャスデスク,secreter palacio,secreter palacio,bureau somptueux,bureau somptueux,Luxuspult,scrittoio divino,화려한 책상,0595,0569,1390,1389,0240,0238,0881,1161,1700,1.0,250000,2A39,2AE3,int_gor_desk,No,,,,-,,-
0596,gorgeous lamp,gorgeous lamp,,,GracieGrace,-,No,"60,000",-,"15,000",-,-,Light,1x1,No,No,No,,,Toggle,Light,Press,251,gorgeous,Series,Trendy,black,red,-,ornate,,No,No,-,1,1,-,1,-,-,-,,-,-,ゴージャスランプ,lámpara palacio,lámpara palacio,lampe somptueuse,lampe somptueuse,Luxuslampe,lampada divina,화려한 램프,0596,0573,0808,0808,0919,0917,0880,0585,1693,1.0,60000,2A3B,2AE5,int_gor_lamp,No,,,,-,,-
0597,gorgeous seat,gorgeous seat,,,GracieGrace,-,No,"90,000",-,"22,500",-,-,Seat,1x1,No,No,No,,,Sit,-,Sit,251,gorgeous,Series,Trendy,red,red,-,ornate,,No,No,-,1,1,-,1,-,-,-,,-,-,ゴージャスソファ,butaca palacio,butaca palacio,fauteuil somptueux,fauteuil somptueux,Luxussessel,poltrona divina,화려한 소파,0597,0566,0241,0239,0672,0670,0883,1007,1695,1.0,90000,2A36,2AE0,int_gor_chairS,No,,,,-,,-
0598,gorgeous sofa,gorgeous sofa,,,GracieGrace,-,No,"120,000",-,"30,000",-,-,Seat,2x1,No,No,No,,,Sit,-,Sit,251,gorgeous,Series,Trendy,red,red,-,ornate,,No,No,-,1,1,-,1,-,-,-,,-,-,ゴージャスラブソファ,sofá palacio,sofá palacio,canapé somptueux,canapé somptueux,Luxussofa,sofà divino,화려한 러브 소파,0598,0572,1515,1515,0307,0305,0884,1344,1694,1.0,120000,2A35,2ADF,int_gor_chairL,No,,,,-,,gorgeous sofa
0599,gorgeous stool,gorgeous stool,,,GracieGrace,-,No,"80,000",-,"20,000",-,-,Seat,1x1,No,No,No,,,Sit,-,Sit,251,gorgeous,Series,Trendy,red,yellow,-,ornate,,No,No,-,1,1,-,1,-,-,-,,-,-,ゴージャスハイチェア,taburete palacio,taburete palacio,siège somptueux,siège somptueux,Luxushocker,sgabello divino,화려한 하이체어,0599,0570,1569,1569,1425,1424,0878,1315,1704,1.0,80000,2A37,2AE1,int_gor_high_chairS,No,,,,-,,-
0600,gorgeous table,gorgeous table,,,GracieGrace,-,No,"250,000",-,"62,500",-,-,Table,2x1,No,Yes,No,,,,,,251,gorgeous,Series,Trendy,black,black,-,ornate,,No,No,-,1,1,-,1,-,-,-,,-,-,ゴージャステーブル,mesa palacio,mesa palacio,table somptueuse,table somptueuse,Luxustisch,tavolo divino,화려한 테이블,0600,0568,1010,1010,1568,1568,0885,1509,1703,1.0,250000,2A38,2AE2,int_gor_tableM,No,,,,-,,gorgeous table
0601,gorgeous wall clock,gorgeous wall clock,,,GracieGrace,-,No,"350,000",-,"87,500",-,-,Clock,1x1,Yes,No,No,,,,,,251,gorgeous,Series,Trendy,black,red,-,ornate,,No,No,-,1,1,-,1,-,-,-,,-,-,ゴージャスクロック,reloj pared palacio,reloj pared palacio,horl. mur somptueuse,horl. mur somptueuse,Luxusuhr,orologio muro divino,화려한 시계,0601,0565,1332,1332,0773,0771,0887,0886,1697,1.0,350000,2A3C,2AE6,int_gor_clockP,Yes,,,,-,gorgeous wall clock,-
0602,Gossip Stone,Gossip Stone,,,Epona's RV,-,No,-,-,"3,000",-,-,-,1x1,No,No,No,,,,,,300,-,-,Toy Shop,gray,gray,-,iconic,,No,No,-,1,1,-,1,-,-,-,,-,-,ゴシップストーン,piedra chismosa,piedra chismosa,pierre à potins,pierre à potins,Mythenstein,statua chiacchierona,가십 스톤,0602,0587,1195,1197,1225,1223,0978,1393,0059,1.4,12000,-,3084,int_zld_gossip,Yes,,,,,,-
0603,Gracie bed,Gracie bed,,,GracieGrace,-,No,"250,000",-,"62,500",-,-,Bed,2x2,No,No,No,,,Sleep,-,Sleep,251,Gracie,Series,Trendy,blue,brown,-,modern,,No,No,-,1,1,-,1,-,-,-,,-,-,グレースベッド,cama Graciela,cama Graciela,lit Carla,lit Carla,Graziabett,letto Griffa,그레이스 침대,0603,0509,0319,0317,0959,0957,0515,0684,0141,1.0,250000,2A1C,2AC6,int_grf_bedW,No,,,,-,,-
0604,Gracie bench,Gracie bench,,,GracieGrace,-,No,"110,000",-,"27,500",-,-,Seat,2x1,No,No,No,,,Sit,-,Sit,251,Gracie,Series,Trendy,brown,colorful,-,modern,,No,No,-,1,1,-,1,-,-,-,,-,-,グレースベンチ,banco Graciela,banco Graciela,banc Carla,banc Carla,Graziabank,sofà Griffa,그레이스 벤치,0604,0510,0130,0127,0101,0101,0514,1350,0133,1.0,110000,2A1F,2AC9,int_grf_chairL,No,,,,-,,-
0605,Gracie chair,Gracie chair,,,GracieGrace,-,No,"150,000",-,"37,500",-,-,Seat,1x1,No,No,No,,,Sit,-,Sit,251,Gracie,Series,Trendy,brown,colorful,-,modern,,No,No,-,1,1,-,1,-,-,-,,-,-,グレースチェア,silla Graciela,silla Graciela,chaise Carla,chaise Carla,Graziastuhl,sedia Griffa,그레이스 체어,0605,0506,1442,1442,0344,0343,0521,1218,0140,1.0,150000,2A20,2ACA,int_grf_chairS,No,,,,-,,-
0606,Gracie chest,Gracie chest,,,GracieGrace,-,No,"300,000",-,"75,000",-,-,Dresser,2x1,No,No,No,,,Storage,Press,Press,251,Gracie,Series,Trendy,brown,brown,-,modern,,No,No,-,1,1,-,1,-,-,-,,-,-,グレースチェスト,cómoda Graciela,cómoda Graciela,commode Carla,commode Carla,Graziakommode,comò Griffa,그레이스 수납장,0606,0507,0475,0473,0478,0477,0516,0334,0135,1.0,300000,2A1D,2AC7,int_grf_chestA,No,,,,-,,-
0607,Gracie desk,Gracie desk,,,GracieGrace,-,No,"250,000",-,"62,500",-,-,Table,2x1,No,No,No,,,,,,251,Gracie,Series,Trendy,brown,brown,-,modern,,No,No,-,1,1,-,1,-,-,-,,-,-,グレースデスク,escritorio Graciela,escritorio Graciela,bureau Carla,bureau Carla,Graziaschreibtisch,scrivania Griffa,그레이스 책상,0607,0508,0551,0549,0230,0228,0520,1169,0139,1.0,250000,2A22,2ACC,int_grf_desk,No,,,,-,,-
0608,Gracie lamp,Gracie lamp,,,GracieGrace,-,No,"120,000",-,"30,000",-,-,Light,1x1,No,No,No,,,Toggle,Light,Press,251,Gracie,Series,Trendy,colorful,blue,-,modern,,No,No,-,1,1,-,1,-,-,-,,-,-,グレースランプ,lámpara Graciela,lámpara Graciela,lampe Carla,lampe Carla,Grazialampe,lampada Griffa,그레이스 램프,0608,0511,0789,0789,0875,0873,0517,0593,0132,1.0,120000,2A25,2ACF,int_grf_lamp,No,,,,-,,-
0609,Gracie low table,Gracie low table,,,GracieGrace,-,No,"68,000",-,"17,000",-,-,Table,2x1,No,Yes,No,,,,,,251,Gracie,Series,Trendy,brown,colorful,-,modern,,No,No,-,1,1,-,1,-,-,-,,-,-,グレースローテーブル,mesita Graciela,mesita Graciela,table basse Carla,table basse Carla,Graziatisch,tavolino Griffa,그레이스 탁자,0609,0512,1045,1044,1481,1481,0522,1471,0142,1.0,68000,2A21,2ACB,int_grf_tableM,No,,,,-,,-
0610,Gracie shelf,Gracie shelf,,,GracieGrace,-,No,"350,000",-,"87,500",-,-,Clock,1x1,No,No,No,,,,,,251,Gracie,Series,Trendy,brown,colorful,-,modern,,No,No,-,1,1,-,1,-,-,-,,-,-,グレースシェルフ,aparador Graciela,aparador Graciela,étagère Carla,étagère Carla,Graziaregal,scaffale Griffa,그레이스 쉘프,0610,0505,0029,0029,0622,0619,0518,1129,0136,1.0,350000,2A24,2ACE,int_grf_shelf_clockN,No,,,,-,,-
0611,Gracie wagon,Gracie wagon,,,GracieGrace,-,No,"300,000",-,"75,000",-,-,-,1x1,No,No,No,,,,,,251,Gracie,Series,Trendy,brown,colorful,-,modern,,No,No,-,1,1,-,1,-,-,-,,-,-,グレースワゴン,carrito Graciela,carrito Graciela,chariot Carla,chariot Carla,Graziawagen,carrello Griffa,그레이스 왜건,0611,0513,0384,0384,0408,0407,0523,0247,0138,1.0,300000,2A23,2ACD,int_grf_wagon,No,,,,-,,-
0612,Gracie wall clock,Gracie wall clock,,,GracieGrace,-,No,"150,000",-,"37,500",-,-,Clock,1x1,Yes,No,No,,,,,,251,Gracie,Series,Trendy,brown,colorful,-,modern,,No,No,-,1,1,-,1,-,-,-,,-,-,グレースウォールクロック,reloj pared Graciela,reloj pared Graciela,horloge mur Carla,horloge mur Carla,Graziawanduhr,orologio muro Griffa,그레이스 벽시계,0612,0503,1328,1328,0808,0806,0524,0887,0134,1.0,150000,2A26,2AD0,int_grf_clockP,Yes,,,,-,Gracie wall clock,-
0613,Gracie wardrobe,Gracie wardrobe,,,GracieGrace,-,No,"350,000",-,"87,500",-,-,Closet,1x1,No,No,No,,,Storage,Press,Press,251,Gracie,Series,Trendy,brown,brown,-,modern,,No,No,-,1,1,-,1,-,-,-,,-,-,グレースクロゼット,armario Graciela,armario Graciela,armoire Carla,armoire Carla,Graziaschrank,armadio Griffa,그레이스 옷장,0613,0504,0068,0068,0033,0033,0519,0067,0137,1.0,350000,2A1E,2AC8,int_grf_chestC,No,,,,-,,-
0614,grapefruit table,grapefruit table,,,Nooklings,C,Yes,"1,500",-,375,300,-,Table,1x1,No,Yes,No,,,,,,151,citrus,Set,Rustic,orange,blue,-,cute,,No,No,-,1,1,-,1,-,-,-,,-,-,グレープフルーツテーブル,mesa pomelo,mesa pomelo,table pomélo,table pomélo,Grapefruittisch,tavolo pompelmo,자몽 테이블,0614,0514,1015,1015,1555,1555,0512,1546,1131,1.0,1500,2B11,2BBB,int_ctr_g_tableS,No,,,,-,,grapefruit table
0615,grass standee,grass standee,,,Nooklings,B,Yes,"1,200",-,300,240,-,-,1x1,No,No,No,,,,,,151,-,-,-,green,green,-,cute,,No,No,-,1,1,-,1,-,-,-,,-,-,ハリボテのくさ,hierba atrezo,hierba atrezo,herbe en carton,herbe en carton,Pappgras,sagoma erba,연극용 잔디,0615,1229,0708,0709,0759,0757,1068,1106,0998,1.0,1200,2D75,2E1F,int_hrb_grass,Yes,,,,grass standee,grass standee,grass standee
0616,green bed,green bed (Middle green - Orange),,,Nooklings,B,Yes,"2,160",-,540,432,-,Bed,2x1,No,No,No,,,Sleep,-,Sleep,151,green,Series,Rustic,green,orange,-,basic,,No,Yes,216,15,4,the frame,3,the bedding,1,Emerald,,-,-,みどりのベッド,cama verde,cama verde,lit vert,lit vert,Smaragdbett,letto verde,그린 침대,0616,1531,0351,0349,1003,1001,1408,0709,0152,1.0,2160,2977,2A21,rmk_grn_bedS,No,,,,,,-
0617,green bench,green bench (Middle green),,,Nooklings,B,Yes,"1,800",-,450,360,-,Seat,2x1,No,No,No,,,Sit,-,Sit,151,green,Series,Rustic,green,green,-,basic,,No,Yes,180,5,4,the wood color,1,-,1,Emerald,,-,-,みどりのながイス,banco verde,banco verde,banc vert,banc vert,Smaragdbank,panca verde,그린 긴 의자,0617,1529,0137,0134,0116,0116,1407,0933,0144,1.0,1800,297B,2A25,rmk_grn_chairL,No,,,,,,green bench
0618,green chair,green chair (Middle green - Orange),,,Nooklings,B,Yes,"1,200",-,300,240,-,Seat,1x1,No,No,No,,,Sit,-,Sit,151,green,Series,Rustic,green,orange,-,basic,,No,Yes,120,15,4,the wood color,3,the cushion,1,Emerald,,-,-,みどりのイス,silla verde,silla verde,chaise verte,chaise verte,Smaragdstuhl,sedia verde,그린 의자,0618,1521,1478,1478,0396,0395,1413,1252,0151,1.0,1200,297A,2A24,rmk_grn_chairS,No,,,,,,green chair
0619,green counter,green counter (Middle green),,,Nooklings,B,Yes,"2,400",-,600,480,-,Table,2x1,No,Yes,No,,,,,,151,green,Series,Rustic,green,green,-,basic,,No,Yes,240,5,4,the wood color,1,-,1,Emerald,,-,-,みどりのカウンター,taquillón verde,taquillón verde,console verte,console verte,Smaragdanrichte,scaffale verde,그린 카운터,0619,1523,1588,1588,0530,0529,1406,1134,0153,1.0,2400,297F,2A29,rmk_grn_counter,No,,,,,,green counter
0620,green desk,green desk (Middle green),,,Nooklings,B,Yes,"2,000",-,500,400,-,-,1x1,No,No,No,,,,,,151,green,Series,Rustic,green,green,-,basic,,No,Yes,200,5,4,the wood color,1,-,1,Emerald,,-,-,みどりのデスク,buró verde,buró verde,secrétaire vert,secrétaire vert,Smaragdpult,scrittoio verde,그린 데스크,0620,1528,0233,0231,1400,1398,1411,1164,0145,1.0,2000,297D,2A27,rmk_grn_desk,No,,,,,,green desk
0621,green dresser,green dresser (Middle green - Orange),,,Nooklings,B,Yes,"2,320",-,580,464,-,Dresser,2x1,No,Yes,No,,,Storage,Press,Press,151,green,Series,Rustic,green,orange,-,basic,,No,Yes,232,15,4,the wood color,3,the cloth,1,Emerald,,-,-,みどりのタンス,cómoda verde,cómoda verde,commode verte,commode verte,Smaragdkommode,comò verde,그린 서랍장,0621,1525,0500,0498,0510,0509,1410,0353,0148,1.0,2320,2978,2A22,rmk_grn_chestA,No,,,,,,green dresser
0622,green lamp,green lamp (Middle green - Orange),,,Nooklings,B,Yes,"1,800",-,450,360,-,Light,1x1,No,No,No,,,Toggle,Light,Press,151,green,Series,Rustic,green,orange,-,basic,,No,Yes,180,15,4,the wood color,3,the lamp shade,1,Emerald,,-,-,みどりのランプ,lámpara verde,lámpara verde,lampe verte,lampe verte,Smaragdtischchen,lampada verde,그린 램프,0622,1532,0827,0827,0921,0919,1415,0618,0146,1.0,1800,297E,2A28,rmk_grn_lamp,No,,,,,,green lamp
0623,green net,green net,,,Campground Shop,-,No,-,-,700,560,-,-,2x1,No,No,No,,,,,,151,-,-,-,green,green,-,sporty,,No,No,-,1,1,-,1,-,-,-,,-,-,みどりのネット,reja verde,reja verde,filet vert,filet vert,Netztrennwand,griglia verde,녹색 네트,0623,1530,1287,1287,0695,0693,0986,0527,0230,1.4,2800,-,2F7B,int_oth_greennet,No,,,,,green net,green net
0624,green pantry,green pantry (Middle green),,,Nooklings,B,Yes,"2,290",-,572,457,-,-,1x1,No,Yes,No,,,,,,151,green,Series,Rustic,green,green,-,basic,,No,Yes,229,5,4,the wood color,1,-,1,Emerald,,-,-,みどりのチェスト,alacena verde,alacena verde,buffet vert,buffet vert,Smaragdbüfett,dispensa verde,그린 수납장,0624,1526,0009,0008,0227,0225,1409,0408,0149,1.0,2290,2980,2A2A,rmk_grn_rack,No,,,,,,-
0625,Green Shell,Green Shell,,,Fortune,-,No,-,-,210,-,-,-,1x1,No,No,Yes,,,,,,151,Mario,Theme,Toy Shop,green,green,-,cute,,No,No,-,1,1,-,1,-,-,-,,-,-,ミドリこうら,caparazón verde,caparazón verde,carapace verte,carapace verte,Koopa-Panzer,guscio verde,초록등껍질,0625,1520,0374,0372,0314,0312,0776,0529,1253,1.0,840,2BDD,2C87,int_smb_koopashell,No,,,koopa shell,Shell,,Green Shell
0626,green table,green table (Middle green - Orange),,,Nooklings,B,Yes,"1,700",-,425,340,-,Table,2x2,No,Yes,No,,,,,,151,green,Series,Rustic,green,orange,-,basic,,No,Yes,170,15,4,the wood color,3,the tablecloth,1,Emerald,,-,-,みどりのテーブル,mesa verde,mesa verde,table verte,table verte,Smaragdtisch,tavolo verde,그린 테이블,0626,1527,1031,1030,1571,1571,1414,1559,0154,1.0,1700,297C,2A26,rmk_grn_tableL,No,,,,,,green table
0627,green wall clock,green wall clock (Middle green - Orange),,,Nooklings,-,Yes,"1,680",-,420,336,-,Clock,1x1,Yes,No,No,,,,,,151,green,Series,Rustic,green,orange,-,basic,,No,Yes,168,15,4,the wood color,3,the clock face,1,Emerald,,-,-,みどりのウォールクロック,reloj de pared verde,reloj de pared verde,horloge mur verte,horloge mur verte,Smaragdwanduhr,orologio muro verde,그린 벽시계,0627,1522,1304,1304,0815,0813,1416,0888,0147,1.0,1680,2981,2A2B,rmk_grn_clockN,Yes,,,,,green wall clock,-
0628,green wardrobe,green wardrobe (Middle green),,,Nooklings,B,Yes,"2,300",-,575,460,-,Closet,1x1,No,No,No,,,Storage,Press,Press,151,green,Series,Rustic,green,green,-,basic,,No,Yes,230,5,4,the wood color,1,-,1,Emerald,,-,-,みどりのクロゼット,armario verde,armario verde,armoire verte,armoire verte,Smaragdschrank,armadio verde,그린 옷장,0628,1524,0093,0093,0060,0060,1412,0087,0150,1.0,2300,2979,2A23,rmk_grn_chestC,No,,,,,,green wardrobe
0629,greenhouse box,greenhouse box,,,Campground Shop,-,No,-,-,700,560,-,-,2x1,No,No,No,,,,,,151,-,-,-,green,green,-,basic,,No,No,-,1,1,-,1,-,-,-,,-,-,おんしつだな,mini-invernadero,mini-invernadero,étagère à plantes,étagère à plantes,Mini-Gewächshaus,miniserra,온실 박스,0629,0272,1076,1075,0617,0614,0929,0788,1036,1.4,2800,-,2EF5,int_gdn_plentshelf,No,,,,greenhouse box,greenhouse box,greenhouse box
0630,guitar case,guitar case,,,K.K.'s RV,-,No,-,-,"3,000",-,-,-,2x1,No,No,Yes,,,,,,151,-,-,Toy Shop,black,gray,-,rock 'n' roll,,No,No,-,1,1,-,1,-,-,-,,-,-,ギターケース,estuche de guitarra,estuche de guitarra,étui à guitare,étui à guitare,Gitarrenkoffer,custodia chitarra,기타 케이스,0630,0398,0605,0603,0644,0642,0483,0399,0166,1.4,12000,-,30C6,int_ttk_guitarcase,Yes,,,,,,-
0631,hagoita,hagoita,,,DLC,-,No,-,-,600,480,-,-,1x1,No,No,Yes,,,,,,300,-,-,Harmonious,brown,red,-,iconic,,No,No,-,1,1,-,1,-,-,-,,-,-,はごいた,raqueta hagoita,raqueta hagoita,raquette nippone,raquette nippone,Hagoita-Schläger,hagoita,일본 전통놀이 장식,0631,1188,1276,1279,1346,1344,0541,0530,1122,1.0,2400,2C17,2CC1,int_oth_hagoita,No,,,,,,-
0632,hammock,hammock (Purple - Purple),,,Nooklings,B,Yes,"1,320",-,330,264,-,Bed,2x1,No,No,No,,,Sleep,-,Sleep,151,mossy garden,Theme,Rustic,purple,purple,-,cute,,No,Yes,132,16,4,the cloth,4,the pillow,-,-,,-,-,ハンモック,hamaca,hamaca,hamac,hamac,Hängematte,amaca,해먹,0632,1282,0699,0702,0755,0753,0549,0015,1649,1.0,1320,2A83,2B2D,rmk_gdn_bedS,No,,,,hammock,,hammock
0633,hamster cage,hamster cage,,,Nooklings,A,Yes,"2,290",-,572,457,-,-,1x1,No,No,Yes,,,,,,151,classroom,Set,Sci-Fi,brown,white,-,cute,,No,No,-,1,1,-,1,-,-,-,,-,-,ハムスターのかご,jaula de hámster,jaula de hámster,cage à hamster,cage à hamster,Hamsterkäfig,gabbia per criceti,햄스터 철장,0633,1219,0736,0737,0257,0255,0544,0499,1658,1.0,2290,2ABF,2B69,int_scx_hams_cage,No,,,,hamster cage,,-
0634,handbag,handbag (Pink),,,Vivian's RV,-,No,-,-,"2,500","2,000",-,-,1x1,No,No,Yes,,,,,,151,-,-,-,pink,pink,-,ornate,,No,Yes,1000,8,8,the body color,1,-,-,-,,-,-,ハンドバッグ,bolsa chic,bolso chic,sac à main,sac à main,Handtasche,borsetta,핸드백,0634,1278,0214,0215,1376,1374,0545,0195,1656,1.4,10000,-,2F9D,rmk_oth_handbag,No,,,,,handbag,handbag
0635,handcart,handcart,,,Nooklings,A,Yes,800,-,200,160,-,-,1x1,No,No,No,,,,,,151,construction,Theme,-,red,red,-,rock 'n' roll,,No,No,-,1,1,-,1,-,-,-,,-,-,ネコぐるま,carretilla,carretilla,brouette,brouette,Schubkarre,carriola,외바퀴 손수레,0635,1118,0379,0378,0213,0211,1361,0250,1038,1.0,800,2A68,2B12,int_cst_handcart,No,,,,handcart,,-
0636,handwashing area,handwashing area,,,Campground Shop,-,No,-,-,700,560,-,-,2x1,No,No,No,,,,,,151,-,-,-,gray,gray,-,basic,,No,No,-,1,1,-,1,-,-,-,,-,-,てあらいば,lavamanos,pilón,lavabo public,lavabo public,Handwaschbecken,lavandino pubblico,손 전용 세면대,0636,0999,0841,1212,0934,0932,0548,0647,0787,1.4,2800,-,2F4B,int_sch_lavatory,No,,,,handwashing area,handwashing area,handwashing area
0637,hanger rack,hanger rack (Ladies'),,,Bitty's RV,-,No,-,-,800,640,-,-,2x1,No,No,No,,,,,,151,-,-,-,pink,brown,-,modern,,No,Yes,320,2,2,the clothing,1,-,-,-,,-,-,ハンガーラック,perchero de barra,perchero de barra,portant,portant,Garderobe,barra appendiabiti,이동식 행거,0637,1263,1183,1186,1282,1280,0445,0148,1099,1.4,3200,-,2F2F,rmk_oth_hangerrack,No,,,,hanger rack,hanger rack,hanger rack
0638,hanging chair,hanging chair (Gray),,,Vivian's RV,-,No,-,-,600,480,-,Seat,1x1,No,No,No,,,Sit,-,Sit,151,-,-,Rustic,gray,white,-,basic,,No,Yes,240,5,5,the basket color,1,-,-,-,,-,-,ハンギングチェア,silla suspendida,silla suspendida,chaise suspendue,chaise suspendue,Schwingsessel,poltrona appesa,행잉 체어,0638,1265,1474,1474,0394,0393,1379,1003,1662,1.4,2400,-,300C,rmk_oth_hungchair,No,,,,,hanging chair,hanging chair
0639,hanging strap,hanging strap,,,Rover's RV,-,No,-,-,700,-,-,-,2x1,Yes,No,No,,,,,,151,-,-,-,white,white,-,modern,,No,No,-,1,1,-,1,-,-,-,,-,-,つりかわ,asidero de tren,asidero de tren,barre à poignées,barre à poignées,Haltestange,sbarra con maniglie,대중교통 손잡이,0639,0997,0098,0098,0126,0125,0543,1116,0286,1.4,2800,-,2EE9,int_oth_tsurikawa,No,,,,,hanging strap,-
0640,harp,harp,,,Nooklings,A,Yes,"1,700",-,425,340,-,Instrument,1x1,No,No,No,,,Press,-,Press,151,-,-,Antique,brown,white,-,basic,,No,No,-,1,1,-,1,-,-,-,,-,-,ハープ,arpa,arpa,harpe,harpe,Harfe,arpa,하프,0640,1140,0094,0094,0756,0754,0552,0091,1622,1.0,1700,2B49,2BF3,int_oth_harp,No,,,,harp,,-
0641,harpsichord,harpsichord,,,Nooklings,D,Yes,"1,800",-,450,360,-,Instrument,2x2,No,No,No,,,Press,-,Press,151,-,-,Antique,brown,yellow,-,basic,,No,No,-,1,1,-,1,-,-,-,,-,-,チェンバロ,clavicémbalo,clavicémbalo,clavecin,clavecin,Cembalo,clavicembalo,쳄발로,0641,0947,0431,0429,0432,0431,0228,0308,1252,1.0,1800,2C46,2CF0,int_oth_cembalo,Yes,,,,,harpsichord,harpsichord
0642,harvest bed,harvest bed,,,Nooklings,-,Yes,"3,333",-,833,666,-,Bed,2x1,No,No,No,,,Sleep,-,Sleep,451,harvest,Series,Fairy Tale,purple,pink,-,modern,,No,No,-,1,1,-,1,-,-,-,,-,-,ハーベストベッド,cama pavo,cama pavo,lit dindon,lit dindon,Herbstbett,letto autunno,하베스트 침대,0642,1151,0337,0335,0968,0966,0568,0663,1609,1.0,3333,29FB,2AA5,int_hvt_bedS,No,,,,-,,-
0643,harvest bureau,harvest bureau,,,Nooklings,-,Yes,"3,333",-,833,666,-,Closet,1x1,No,No,No,,,Storage,Press,Press,451,harvest,Series,Fairy Tale,purple,pink,-,modern,,No,No,-,1,1,-,1,-,-,-,,-,-,ハーベストクロゼット,armario pavo,armario pavo,armoire dindon,armoire dindon,Herbstschrank,comò autunno,하베스트 옷장,0643,1143,0082,0082,0039,0039,0573,0316,1607,1.0,3333,29FD,2AA7,int_hvt_chestC,No,,,,-,,-
0644,harvest chair,harvest chair,,,Nooklings,-,Yes,"3,333",-,833,666,-,Seat,1x1,No,No,No,,,Sit,-,Sit,451,harvest,Series,Fairy Tale,purple,beige,-,modern,,No,No,-,1,1,-,1,-,-,-,,-,-,ハーベストチェア,silla pavo,silla pavo,chaise dindon,chaise dindon,Herbststuhl,sedia autunno,하베스트 체어,0644,1146,1459,1459,0358,0357,0576,1182,1608,1.0,3333,29FF,2AA9,int_hvt_chairS,No,,,,-,,-
0645,harvest clock,harvest clock,,,Nooklings,-,Yes,"3,333",-,833,666,-,Clock,1x1,No,No,No,,,,,,451,harvest,Series,Fairy Tale,purple,pink,-,modern,,No,No,-,1,1,-,1,-,-,-,,-,-,ハーベストクロック,reloj pavo,reloj pavo,horloge dindon,horloge dindon,Herbstuhr,orologio autunno,하베스트 시계,0645,1144,1333,1333,0796,0794,0578,0861,1606,1.0,3333,2A03,2AAD,int_hvt_clockN,No,,,,-,,-
0646,harvest dresser,harvest dresser,,,Nooklings,-,Yes,"3,333",-,833,666,-,Dresser,2x1,No,No,No,,,Storage,Press,Press,451,harvest,Series,Fairy Tale,purple,pink,-,modern,,No,No,-,1,1,-,1,-,-,-,,-,-,ハーベストチェスト,cómoda pavo,cómoda pavo,commode dindon,commode dindon,Herbstkommode,comodino autunno,하베스트 수납장,0646,1147,0488,0486,0484,0483,0570,0355,1605,1.0,3333,29FC,2AA6,int_hvt_chestA,No,,,,-,,-
0647,harvest lamp,harvest lamp,,,Nooklings,-,Yes,"3,333",-,833,666,-,Light,1x1,No,No,Yes,,,Toggle,Light,Press,451,harvest,Series,Fairy Tale,purple,pink,-,modern,,No,No,-,1,1,-,1,-,-,-,,-,-,ハーベストランプ,lámpara pavo,lámpara pavo,lampe dindon,lampe dindon,Herbstlampe,lampada autunno,하베스트 램프,0647,1152,0813,0813,0885,0883,0571,0573,1602,1.0,3333,2A04,2AAE,int_hvt_lamp,No,,,,-,,-
0648,harvest mirror,harvest mirror,,,Nooklings,-,Yes,"3,333",-,833,666,-,-,2x1,No,No,No,,,,,,451,harvest,Series,Fairy Tale,purple,purple,-,modern,,No,No,-,1,1,-,1,-,-,-,,-,-,ハーベストドレッサー,tocador pavo,tocador pavo,coiffeuse dindon,coiffeuse dindon,Herbstspiegel,specchio autunno,하베스트 화장대,0648,1150,1665,1663,0450,0449,0575,1382,1611,1.0,3333,2A01,2AAB,int_hvt_dresser,No,,,,-,,-
0649,harvest sofa,harvest sofa,,,Nooklings,-,Yes,"3,333",-,833,666,-,Seat,2x1,No,No,No,,,Sit,-,Sit,451,harvest,Series,Fairy Tale,purple,pink,-,modern,,No,No,-,1,1,-,1,-,-,-,,-,-,ハーベストソファ,sofá pavo,sofá pavo,canapé dindon,canapé dindon,Herbstsofa,sofà autunno,하베스트 소파,0649,1145,1517,1517,0288,0286,0574,1332,1604,1.0,3333,29FE,2AA8,int_hvt_chairL,No,,,,-,,-
0650,harvest table,harvest table,,,Nooklings,-,Yes,"3,333",-,833,666,-,Table,2x2,No,Yes,No,,,,,,451,harvest,Series,Fairy Tale,purple,pink,-,modern,,No,No,-,1,1,-,1,-,-,-,,-,-,ハーベストテーブル,mesa pavo,mesa pavo,table dindon,table dindon,Herbsttisch,tavolo autunno,하베스트 테이블,0650,1148,1011,1011,1521,1521,0577,1484,1610,1.0,3333,2A00,2AAA,int_hvt_tableL,No,,,,-,,-
0651,harvest TV,harvest TV,,,Nooklings,-,Yes,"3,333",-,833,666,-,-,1x1,No,No,No,,,,,,451,harvest,Series,Fairy Tale,purple,purple,-,modern,,No,No,-,1,1,-,1,-,-,-,,-,-,ハーベストテレビ,tele pavo,tele pavo,télé dindon,télé dindon,Herbstfernseher,TV autunno,하베스트 TV,0651,1149,1619,1618,1621,1621,0569,1655,1601,1.0,3333,2A02,2AAC,int_hvt_tv,No,,,,-,,-
0652,harvest wall lamp,harvest wall lamp,,,Nooklings,-,Yes,"3,333",-,833,666,-,Light,1x1,Yes,No,No,,,Toggle,Light,Press,451,harvest,Series,Fairy Tale,purple,pink,-,modern,,No,No,-,1,1,-,1,-,-,-,,-,-,ハーベストかべかけランプ,lámpara pared pavo,lámpara pared pavo,lampe mur dindon,lampe mur dindon,Herbstwandlampe,lamp. muro autunno,하베스트 벽걸이 램프,0652,1142,0811,0811,0898,0896,0579,0555,1603,1.0,3333,2A05,2AAF,int_hvt_wall,Yes,,,,-,harvest wall lamp,-
0653,hawthorn bonsai,hawthorn bonsai,,,Garden Shop,-,Yes,"1,800",-,450,360,-,Plant,1x1,No,No,Yes,,,-,-,-,199,bonsai,Set,Harmonious / Rustic,green,brown,-,iconic,,No,No,-,1,1,-,1,-,-,-,,-,-,ピラカンサのぼんさい,espino bonsái,espino bonsái,bonsaï aubépine,bonsaï aubépine,Weißdorn-Bonsai,bonsai biancospino,피라칸타 분재,0653,1316,0568,0566,0177,0175,1671,0185,1587,1.0,1800,2B28,2BD2,int_bon_pyracantha,No,,,,,,-
0654,Heart,Heart,,,Medli's RV,-,No,-,-,"3,000",-,-,-,1x1,No,No,Yes,,,,,,300,-,-,Toy Shop,red,red,-,iconic,,No,No,-,1,1,-,1,-,-,-,,-,-,ハート,corazón,corazón,cœur,cœur,Herz,cuore,하트,0654,1133,0511,0509,0437,0436,0581,0392,1620,1.4,12000,-,3085,int_zld_heart,Yes,,,,,,-
0655,Heart Container,Heart Container,,,W. Link's RV,-,No,-,-,"3,000",-,-,-,1x1,No,No,Yes,,,,,,300,-,-,Toy Shop,red,red,-,iconic,,No,No,-,1,1,-,1,-,-,-,,-,-,ハートのうつわ,contenedor corazón,contenedor corazón,réceptacle de cœur,réceptacle de cœur,Herzcontainer,portacuore,생명의 그릇,0655,1134,0508,0506,1354,1352,0594,1027,0744,1.4,12000,-,3086,int_zld_heart_full,Yes,,,,,,-
0656,hearth,hearth,,,Nooklings,B,Yes,"1,600",-,400,320,-,-,2x2,No,No,No,,,,,,151,zen,Set,Harmonious,brown,brown,-,historical,,No,No,-,1,1,-,1,-,-,-,,-,-,いろり,hogar,hogar,âtre,âtre,Kochfeuer,focolare,노,0656,0137,0711,0712,0074,0074,0762,0467,0224,1.0,1600,2AF0,2B9A,int_jpn_hearth,No,,,,hearth,,hearth
0657,hearty breakfast,hearty breakfast,,,Reese's RV,-,No,-,-,300,-,-,-,1x1,No,No,Yes,,,,,,151,-,-,-,colorful,colorful,-,basic,,No,No,-,1,1,-,1,-,-,-,,-,-,モーニングセットB,desayuno continental,desayuno continental,petit déjeuner riche,petit déjeuner riche,Frühstückstablett,colazione abbondante,모닝 세트 B,0657,1562,0532,0529,1208,1206,0425,0310,0482,1.4,1200,-,2F02,int_oth_breakfastB,No,,,,,hearty breakfast,-
0658,heavy tome,heavy tome,,,Blathers's RV,-,No,-,-,"3,000",-,-,-,1x1,No,No,Yes,,,,,,151,-,-,Toy Shop,blue,white,-,basic,,No,No,-,1,1,-,1,-,-,-,,-,-,ぶあついほん,tocho,tocho,livre épais,livre épais,Wälzer,libro pesante,두꺼운 책,0658,1330,1670,1668,1006,1004,1634,0727,0324,1.4,12000,-,30B6,int_owl_book,Yes,,,,,,-
0659,hedge standee,hedge standee,,,Nooklings,A,Yes,"1,200",-,300,240,-,-,1x1,No,No,No,,,,,,151,-,-,-,green,green,-,cute,,No,No,-,1,1,-,1,-,-,-,,-,-,ハリボテのいけがき,seto atrezo,seto atrezo,buisson en carton,buisson en carton,Pappbusch,sagoma cespuglio,연극용 산울타리,0659,1227,1401,1400,0228,0226,1067,1104,0997,1.0,1200,2D74,2E1E,int_hrb_hedge,Yes,,,,hedge standee,hedge standee,-
0660,Hello Kitty bed,Hello Kitty bed,,,Rilla's RV,-,No,-,-,"3,000",-,-,Bed,2x1,No,No,No,,,Sleep,-,Sleep,300,-,-,Fairy Tale / Toy Shop,white,red,-,cute,,No,No,-,1,1,-,1,-,-,-,,-,-,ハローキティなベッド,cama Hello Kitty,cama Hello Kitty,lit Hello Kitty,lit Hello Kitty,Hello-Kitty-Bett,letto Hello Kitty,헬로키티 침대,0660,1262,0320,0318,0975,0973,0561,0685,1674,1.4,12000,-,3054,int_kty_bedS,Yes,,,,Hello Kitty bed,,Hello Kitty bed
0661,Hello Kitty chair,Hello Kitty chair,,,Rilla's RV,-,No,-,-,"3,000",-,-,Seat,1x1,No,No,No,,,Sit,-,Sit,300,-,-,Fairy Tale / Toy Shop,white,red,-,cute,,No,No,-,1,1,-,1,-,-,-,,-,-,ハローキティなイス,silla Hello Kitty,silla Hello Kitty,chaise Hello Kitty,chaise Hello Kitty,Hello-Kitty-Stuhl,sedia Hello Kitty,헬로키티 의자,0661,1257,1443,1443,0370,0369,0563,1219,1673,1.4,12000,-,3056,int_kty_chairS,Yes,,,,Hello Kitty chair,,Hello Kitty chair
0662,Hello Kitty clock,Hello Kitty clock,,,Rilla's RV,-,No,-,-,"3,000",-,-,Clock,1x1,Yes,No,Yes,,,,,,300,-,-,Fairy Tale / Toy Shop,white,red,-,cute,,No,No,-,2,1,-,1,-,-,-,,-,-,ハローキティなとけい,reloj Hello Kitty,reloj Hello Kitty,horloge Hello Kitty,horloge Hello Kitty,Hello-Kitty-Uhr,orologio Hello Kitty,헬로키티 시계,0662,1260,1312,1312,0802,0800,0565,0876,1672,1.4,12000,-,3057,int_kty_clockN_floor,Yes,,,,Hello Kitty clock,,-
0663,Hello Kitty drawers,Hello Kitty drawers,,,Rilla's RV,-,No,-,-,"3,000",-,-,Dresser,2x1,No,No,No,,,Storage,Press,Press,300,-,-,Fairy Tale / Toy Shop,white,red,-,cute,,No,No,-,1,1,-,1,-,-,-,,-,-,ハローキティなタンス,cómoda Hello Kitty,cómoda Hello Kitty,commode Hello Kitty,commode Hello Kitty,Hello-Kitty-Kommode,comò Hello Kitty,헬로키티 서랍장,0663,1258,0476,0474,0491,0490,0562,0335,1671,1.4,12000,-,3052,int_kty_chestA,Yes,,,,Hello Kitty drawers,,Hello Kitty drawers
0664,Hello Kitty planter,Hello Kitty planter,,,Rilla's RV,-,No,-,-,"3,000",-,-,Plant,1x1,No,No,Yes,,,-,-,-,300,-,-,Fairy Tale / Toy Shop,green,red,-,cute,,No,No,-,1,1,-,1,-,-,-,,-,-,ハローキティなプランター,maceta Hello Kitty,maceta Hello Kitty,arbuste Hello Kitty,arbuste Hello Kitty,Hello-Kitty-Bäumchen,vaso Hello Kitty,헬로키티 화분,0664,1261,0876,0872,0019,0019,0560,1696,1676,1.4,12000,-,3053,int_kty_planter,Yes,,,,Hello Kitty planter,,Hello Kitty planter
0665,Hello Kitty table,Hello Kitty table,,,Rilla's RV,-,No,-,-,"3,000",-,-,Table,2x2,No,Yes,No,,,,,,300,-,-,Fairy Tale / Toy Shop,white,red,-,cute,,No,No,-,1,1,-,1,-,-,-,,-,-,ハローキティなテーブル,mesa Hello Kitty,mesa Hello Kitty,table Hello Kitty,table Hello Kitty,Hello-Kitty-Tisch,tavolo Hello Kitty,헬로키티 테이블,0665,1259,0992,0992,1536,1536,0564,1520,1675,1.4,12000,-,3055,int_kty_tableL,Yes,,,,Hello Kitty table,,Hello Kitty table
0666,helm,helm,,,Pascal,-,No,-,-,280,224,-,-,1x1,No,No,No,,,,,,351,pirate ship,Theme,Toy Shop,brown,brown,-,historical,,No,No,-,1,1,-,1,-,-,-,,-,-,かじ,timón,timón,barre à roue,barre à roue,Steuerrad,timone,방향키,0666,0319,1647,1645,0127,0126,1470,1587,0588,1.0,1120,2A9E,2B48,int_pir_wheel,No,,,,pirate-ship helm,,helm
0667,Hero of Time scroll,Hero of Time scroll,,,Medli's RV,-,No,-,-,"3,000",-,-,-,2x1,Yes,No,No,,,,,,300,-,-,Toy Shop,beige,beige,-,iconic,,No,No,-,1,1,-,1,-,-,-,,-,-,ときのゆうしゃのまきもの,leyenda del héroe,leyenda del héroe,parc. Héros du temps,parc. Héros du temps,Held-der-Zeit-Rolle,rot. eroe del tempo,시간의 용사 두루마리,0667,1053,0849,0847,1198,1196,0559,1091,0863,1.4,12000,-,308B,int_zld_wall,Yes,,,,,,-
0668,HHA pennant,HHA pennant,,,HHA,-,No,-,-,450,-,-,-,2x1,Yes,No,No,,,,,,499,-,-,-,-,-,-,basic,,No,No,-,1,1,-,1,-,-,-,,-,-,アカデミーのペナント,banderín AAD,banderín AAD,fanion de l'AJD,fanion de l'AJD,AdsH-Fähnchen,gagliardetto ABC,아카데미 페넌트,0668,0077,0149,0146,0655,0653,0026,0500,0950,1.0,1800,2C67,2D11,int_hha_penant,Yes,,,,HHA pennant,HHA pennant,-
0669,hibachi,hibachi,,,Nooklings,A,Yes,"1,200",-,300,240,-,-,1x1,No,No,No,,,,,,151,zen,Set,Harmonious,brown,brown,-,historical,,No,No,-,1,1,-,1,-,-,-,,-,-,ひばち,hibachi,hibachi,hibachi,hibachi,Kohlebecken,hibachi,화로,0669,1307,0706,0707,0760,0758,0765,0531,1705,1.0,1200,2AF2,2B9C,int_jpn_brazier,No,,,,,,hibachi
0670,hibiscus,hibiscus,,,Isabelle,-,No,-,-,125,-,-,Plant,1x1,No,No,Yes,,,-,-,-,499,-,-,Harmonious / Rustic,green,colorful,-,basic,,No,No,-,1,1,-,1,-,-,-,,-,-,ムクゲ,hibisco,hibisco,hibiscus,hibiscus,Hibiskus,ibisco,무궁화,0670,1547,0707,0708,0761,0759,0596,0533,0502,1.0,500,2C09,2CB3,int_oth_mukuge,No,,,,,,hibiscus
0671,hibiscus clock,hibiscus clock (Red),,,Leif,-,No,-,-,550,-,-,Clock,1x1,Yes,No,No,,,,,,751,-,-,Rustic / Fairy Tale,red,red,-,cute,,No,Yes,220,2,2,the flower color,1,-,-,-,,-,-,ハイビスカスのクロック,reloj hibisco,reloj hibisco,horloge hibiscus,horloge hibiscus,Hibiskusuhr,orologio ibisco,히비스커스 시계,0671,1159,1313,1313,0803,0801,0597,0878,1742,1.0,2200,2DF3,2E9D,rmk_flo_clockN,Yes,,,,,hibiscus clock,-
0672,hi-fi stereo,hi-fi stereo,,,Spotlight,-,Yes,"5,400",-,"1,350","1,080",-,Music Player,2x1,No,No,Yes,,,Music player,,Music,351,-,-,Trendy,black,brown,-,basic,,No,No,-,1,1,-,1,-,-,-,,-,-,こうきゅうコンポ,cadena hi-fi,cadena hi-fi,chaîne hi-fi,chaîne hi-fi,Hi-Fi-Anlage,stereo hi-fi,고급 오디오,0672,0554,0263,0261,0331,0330,0598,1418,0097,1.0,5400,2BA1,2C4B,int_msc_high_c,No,,,,hi-fi stereo,,-
0673,high-end stereo,high-end stereo,,,Nooklings,B,Yes,"2,750",-,687,549,-,Music Player,2x1,No,No,Yes,,,Music player,,Music,151,-,-,Trendy,brown,black,-,basic,,No,No,-,1,1,-,1,-,-,-,,-,-,プロしようコンポ,cadena de lujo,cadena de lujo,hi-fi stéréo,hi-fi stéréo,Highend-Anlage,stereo moderno,전문가용 오디오,0673,1389,0257,0255,0769,0767,0599,1419,1167,1.0,2750,2BA2,2C4C,int_msc_pro,No,,,,high-end stereo,,high-end stereo
0674,high-jump mat,high-jump mat,,,Nooklings,C,Yes,"2,980",-,745,596,-,Bed,2x2,No,No,No,,,Sleep,-,Sleep,151,-,-,-,green,brown,-,sporty,,No,No,-,1,1,-,1,-,-,-,,-,-,たかとびのマット,colchoneta salto,colchoneta salto,matelas sport,matelas sport,Turnmatte,mater. salto in alto,높이뛰기 매트,0674,0876,0452,0452,1059,1058,1593,0761,0233,1.0,2980,2AC3,2B6D,int_sch_mat_bedL,No,,,,,,-
0675,hinaningyo,hinaningyo,,,Nooklings,-,Yes,"2,560",-,640,512,-,Doll,2x2,No,No,No,,,,,,451,-,-,Harmonious / Fairy Tale / Quirky,red,colorful,-,iconic,,No,No,-,1,1,-,1,-,-,-,,-,-,ひなにんぎょう,hinaningyo,hinaningyo,hinaningyo,hinaningyo,Puppenset,hinaningyo,인형 장식,0675,1305,0710,0711,0771,0769,1172,0532,1114,1.0,2560,2BF2,2C9C,int_oth_hinadolls,No,,,,hinaningyo,,-
0676,holiday candle,holiday candle,,,Nooklings,-,Yes,"4,896",-,"1,224",979,-,Light,1x1,No,No,Yes,,,Toggle,Light,Press,451,-,-,Toy Shop,red,red,-,cute,,No,No,-,1,1,-,1,-,-,-,,-,-,クリスマスキャンドル,vela festiva,vela festiva,chandelle de fête,chandelle de fête,Festtagsgesteck,candela centrotavola,크리스마스 양초,0676,0486,1721,1719,0403,0402,0384,0228,1382,1.0,4896,2C5C,2D06,int_oth_candle_xmas,Yes,,,,holiday candle,holiday candle,-
0677,holiday stocking,holiday stocking (Red),,,Isabelle,-,No,-,-,200,-,-,-,1x1,Yes,No,No,,,,,,499,-,-,Toy Shop,red,red,-,cute,,No,Yes,80,2,2,the sock color,1,-,-,-,,-,-,かべかけソックス,calcetín de pared,calcetín de pared,chaussette de fête,chaussette de fête,Geschenksocke,calza per regali,벽걸이 양말,0677,0345,0296,0294,0425,0424,0473,0219,0626,1.0,800,2DD2,2E7C,rmk_oth_socks,Yes,,,,,holiday stocking,-
0678,holly bonsai,holly bonsai,,,Garden Shop,-,Yes,"1,600",-,400,320,-,Plant,1x1,No,No,Yes,,,-,-,-,199,bonsai,Set,Harmonious / Rustic,green,white,-,iconic,,No,No,-,1,1,-,1,-,-,-,,-,-,ウメモドキのぼんさい,acebo bonsái,acebo bonsái,bonsaï houx,bonsaï houx,Palmen-Bonsai,bonsai agrifoglio,낙상홍 분재,0678,0163,0003,0003,0181,0179,1055,0183,0193,1.0,1600,2B25,2BCF,int_bon_bittersweet,No,,,,,,-
0679,hologram machine,hologram machine (Female),,,Spotlight,-,Yes,"3,600",-,900,720,-,-,1x1,No,No,No,,,,,,351,sci-fi,Theme,Sci-Fi / Toy Shop,gray,aqua,-,modern,,No,Yes,360,3,3,the com partner,1,-,-,-,,-,-,つうしんそうち,proyector hologramas,proyector hologramas,créateur hologrammes,créateur hologrammes,Holoprojektor,proiettore ologrammi,입체 통신 장치,0679,0975,1248,1251,0548,0547,0605,1049,1128,1.0,3600,2DA6,2E50,rmk_sff_tel,Yes,,,,,hologram machine,hologram machine
0680,home-computer rack,home-computer rack,,,Nooklings,D,Yes,"1,800",-,450,360,-,-,1x1,No,No,No,,,,,,151,-,-,Trendy,brown,white,-,modern,,No,No,-,1,1,-,1,-,-,-,,-,-,ホームパソコンラック,buró con portátil,buró con portátil,meuble informatique,meuble informatique,Heimcomputertisch,scrivania con pc,가정용 컴퓨터 책상,0680,1412,0232,0230,1074,1073,0555,1166,0062,1.0,1800,2CBA,2D64,int_oth_computer_prv,Yes,,,,,home-computer rack,-
0681,homework set,homework set,,,Nooklings,D,Yes,680,-,170,136,-,-,1x1,No,No,Yes,,,,,,151,-,-,Sci-Fi,white,colorful,-,official,,No,No,-,1,1,-,1,-,-,-,,-,-,おべんきょうセット,lote libros colegio,lote libros colegio,lot livres scolaires,lot livres scolaires,Hausaufgaben-Set,set per i compiti,공부 세트,0681,0259,0870,0866,1013,1011,0554,1295,0110,1.0,680,2C7D,2D27,int_oth_study,Yes,,,,homework set,homework set,homework set
0682,honeybee chest,honeybee chest,,,Nat,-,No,-,-,450,360,-,Dresser,1x1,No,No,No,,,Storage,Press,Press,651,insect,Set,Toy Shop,yellow,black,-,cute,,No,No,-,1,1,-,1,-,-,-,,-,-,ハニカムチェスト,cofre abeja,cofre abeja,coffre abeille naine,coffre abeille naine,Bienenkommode,baule ape,벌집 수납장,0682,1217,0441,0441,0439,0438,0138,0154,0608,1.0,1800,2CDB,2D85,int_isc_chestA,Yes,,,,,honeybee chest,-
0683,hose reel,hose reel,,,Campground Shop,-,No,-,-,300,240,-,-,1x1,No,No,No,,,,,,151,-,-,-,aqua,white,-,basic,,No,No,-,1,1,-,1,-,-,-,,-,-,ホースリール,manguera de jardín,manguera de jardín,dévidoir,dévidoir,Gartenschlauch,tubo da giardino,호스 릴,0683,1411,0898,0895,0565,0564,0449,1649,1683,1.4,1200,-,2EF4,int_gdn_hose,No,,,,hose reel,hose reel,hose reel
0684,hospital bed,hospital bed,,,Nooklings,A,Yes,"3,600",-,900,720,-,Bed,2x1,No,No,No,,,Sleep,-,Sleep,151,dr.'s office,Set,Sci-Fi / Quirky,white,green,-,flashy,,No,No,-,1,1,-,1,-,-,-,,-,-,びょういんのベッド,cama paciente,cama paciente,lit d'hôpital,lit d'hôpital,Krankenhausbett,letto d'ospedale,병원 침대,0684,1313,0335,0333,0967,0965,0792,0678,0632,1.0,3600,2ACB,2B75,int_hsp_bedS,No,,,,hospital bed,,-
0685,hospital screen,hospital screen,,,Nooklings,B,Yes,"2,400",-,600,480,-,-,2x1,No,No,No,,,,,,151,dr.'s office,Set,Sci-Fi / Quirky,aqua,gray,-,flashy,,No,No,-,1,1,-,1,-,-,-,,-,-,びょういんのついたて,biombo hospital,biombo hospital,panneau d'hôpital,panneau d'hôpital,Patientenvorhang,paravento,병원 파티션,0685,1312,0196,0193,1169,1167,1080,0941,0633,1.0,2400,2ACC,2B76,int_hsp_screen,No,,,,hospital screen,,hospital screen
0686,hospital TV,hospital TV,,,Nooklings,-,Yes,"1,000",-,250,200,-,-,2x1,Yes,No,No,,,,,,151,-,-,-,red,brown,-,iconic,,No,No,-,1,1,-,1,-,-,-,,-,-,ていしょくやのテレビ,tele hospital,tele hospital,mini-télévision,mini-télévision,Minifernseher,TV da cucina,오래된 TV,0686,1002,1613,1612,1094,1093,0927,1658,1013,1.0,1000,2CC5,2D6F,int_oth_tv_wall,Yes,,,,,hospital TV,-
0687,hot plate,hot plate (Sunny-side-up egg),,,Nooklings,A,Yes,"1,680",-,420,336,-,-,1x1,No,No,Yes,,,,,,151,-,-,-,white,black,-,modern,,No,Yes,168,4,4,the food on the grill,1,-,-,-,,-,-,ホットプレート,sartén eléctrica,sartén eléctrica,plaque chauffante,plaque chauffante,Bratplatte,piastra elettrica,핫플레이트,0687,1427,1387,1386,1249,1247,0180,0968,1645,1.0,1680,2C51,2CFB,rmk_oth_hotplate,Yes,,,,,hot plate,hot plate
0688,hot-snack case,hot-snack case,,,Filly's RV,-,No,-,-,711,568,-,-,1x1,No,No,Yes,,,,,,300,-,-,Toy Shop,orange,gray,-,modern,,No,No,-,1,1,-,1,-,-,-,,-,-,ホットスナックケース,refri precocinados,nevera precocinados,vitrine plats chauds,vitrine plats chauds,Warmhaltevitrine,vetrinetta pietanze,편의점 음식 케이스,0688,1426,1279,1125,1726,1726,1646,1723,1528,1.4,2844,-,302C,int_cvn_snack,No,,,,,hot-snack case,-
0689,hourglass,hourglass (Green),,,Nooklings,C,Yes,480,-,120,96,-,-,1x1,No,No,Yes,,,,,,151,-,-,Sci-Fi,green,brown,-,iconic,,No,Yes,48,4,4,the sand color,1,-,-,-,,-,-,すなどけい,reloj de arena,reloj de arena,sablier,sablier,Sanduhr,clessidra,모래시계,0689,0806,1300,1300,1374,1372,1284,0309,0489,1.0,480,2CF8,2DA2,rmk_oth_sandglass,Yes,,,,hourglass,hourglass,-
0690,hula doll,hula doll,,,Gulliver,-,Yes,"1,800",-,450,360,-,Doll,1x1,No,No,Yes,,,,,,1051,-,-,Fairy Tale / Quirky,green,red,-,iconic,,No,No,-,1,1,-,1,-,-,-,,-,-,フラダンスにんぎょう,muñeca hawaiana,muñeca hawaiana,poupée hawaïenne,poupée hawaïenne,Hula-Puppe,bambola hawaiana,훌라 댄스 인형,0690,1362,1114,1113,1316,1314,0624,0119,1735,1.0,1800,2D85,2E2F,int_jhn_hula,Yes,,,,hula doll,hula doll,-
0691,humidifier,humidifier (White),,,Nooklings,C,Yes,"1,600",-,400,320,-,-,1x1,No,No,Yes,,,,,,151,-,-,Trendy / Sci-Fi,white,aqua,-,modern,,No,Yes,160,3,3,the body color,1,-,-,-,,-,-,かしつき,humidificador,humidificador,humidificateur,humidificateur,Luftbefeuchter,umidificatore,가습기,0691,0320,0720,0721,0832,0830,0870,1678,0057,1.0,1600,2C9B,2D45,rmk_oth_humidifier,Yes,,,,humidifier,humidifier,humidifier
0692,hunter,hunter,,,Felyne's RV,-,No,-,-,"3,000",-,-,-,1x1,No,No,No,,,,,,300,-,-,Toy Shop,red,gray,-,iconic,,No,No,-,1,1,-,1,-,-,-,,-,-,ハンターさん,cazador,cazador,chasseur,chasseur,Jäger,cacciatore,헌터님,0692,1270,0405,0403,0415,0414,0646,0209,1670,1.4,12000,-,3020,int_mnh_hunter,No,,,,,hunter,-
0693,hunter's cart,hunter's cart,,,Felyne's RV,-,No,-,-,"3,000",-,-,-,2x2,No,No,No,,,,,,300,-,-,Toy Shop,green,brown,-,iconic,,No,No,-,1,1,-,1,-,-,-,,-,-,ハンターのにぐるま,carreta de caza,carreta de caza,charrette Felyne,charrette Felyne,Jäger-Wagen,carro cacciatore,헌터 수레,0693,1271,0378,0377,0414,0413,0647,0251,1669,1.4,12000,-,3023,int_mnh_bedW,No,,,,,hunter's cart,-
0694,hunter's hive,hunter's hive (Normal),,,Felyne's RV,-,No,-,-,"3,000",-,-,-,1x1,No,No,No,,,,,,300,-,-,Toy Shop,beige,brown,-,iconic,,No,Yes,1200,2,2,the grade,1,-,-,-,,-,-,ハンターのハチのす,panal de caza,panal de caza,ruche,ruche,Nest am Ast,alveare caccia,헌터 벌집,0694,1272,1158,1159,1373,1371,0985,0014,1668,1.4,12000,-,3027,rmk_mnh_honeycomb,No,,,,,hunter's hive,-
0695,hurdle,hurdle,,,Nooklings,D,Yes,980,-,245,196,-,-,1x1,No,No,No,,,,,,151,-,-,-,white,blue,-,sporty,,No,No,-,1,1,-,1,-,-,-,,-,-,ハードル,valla salto,valla salto,haie,haie,Hürde,ostacolo,허들,0695,1138,1718,1716,0753,0751,0628,0908,1665,1.0,980,2AC4,2B6E,int_sch_hurdle,No,,,,,,hurdle
0696,hydrangea bed,hydrangea bed (Blue),,,Leif,-,No,-,-,620,-,-,Bed,2x1,No,No,No,,,Sleep,-,Sleep,751,-,-,Rustic / Fairy Tale,blue,blue,-,cute,,No,Yes,248,2,2,the flower color,1,-,-,-,,-,-,アジサイのベッド,cama hortensia,cama hortensia,lit hortensia,lit hortensia,Hortensienbett,letto ortensia,수국 침대,0696,0096,0324,0322,0977,0975,0621,0695,0794,1.0,2480,2DEF,2E99,rmk_flo_bedS,Yes,,,,,hydrangea bed,-
0697,Hylian shield,Hylian shield,,,W. Link's RV,-,No,-,-,"3,000",-,-,-,1x1,Yes,No,No,,,,,,300,-,-,Toy Shop,blue,gray,-,iconic,,No,No,-,1,1,-,1,-,-,-,,-,-,ハイリアのたて,escudo hyliano,escudo hyliano,bouclier hylien,bouclier d'Hyrule,Hylia-Schild,scudo di Hylia,하일리아의 방패,0697,1175,0557,0555,0192,0190,0631,1171,1619,1.4,12000,-,308A,int_zld_shield,Yes,,,,,,-
0698,Hyrulean treasure,Hyrulean treasure,,,Ganon's RV,-,No,-,-,"3,000",-,-,-,2x2,No,No,No,,,,,,300,-,-,Toy Shop,aqua,yellow,-,iconic,,No,No,-,1,1,-,1,-,-,-,,-,-,ハイラルのたからばこ,cofre tesoro hyliano,cofre tesoro hyliano,coffre trés. Hyrule,coffre trés. Hyrule,Hyrule-Schatzkiste,scrigno di Hyrule,하이랄 보물 상자,0698,1174,0443,0443,0443,0442,0632,1158,1615,1.4,12000,-,3082,int_zld_box,Yes,,,,,,-
0699,ice bed,ice bed,,,Snowmam,-,No,-,-,"8,888",-,-,Bed,2x2,No,No,No,,,Sleep,-,Sleep,888,ice,Series,Fairy Tale,aqua,aqua,-,cute,,No,No,-,1,1,-,1,-,-,-,,-,-,アイスなベッド,cama hielo,cama hielo,lit glace,lit glace,Eisbett,letto ghiaccio,아이스 침대,0699,0056,0321,0319,0973,0971,0330,0683,0939,1.0,35552,2D2C,2DD6,int_ice_bedW,Yes,,,,,ice bed,ice bed
0700,ice chair,ice chair,,,Snowmam,-,No,-,-,"8,888",-,-,Seat,1x1,No,No,No,,,Sit,-,Sit,888,ice,Series,Fairy Tale,aqua,aqua,-,cute,,No,No,-,1,1,-,1,-,-,-,,-,-,アイスなチェア,silla hielo,silla hielo,chaise glace,chaise glace,Eisstuhl,sedia ghiaccio,아이스 체어,0700,0051,1444,1444,0368,0367,0342,1215,0938,1.0,35552,2D27,2DD1,int_ice_chairS,Yes,,,,,ice chair,ice chair
0701,ice clock,ice clock,,,Snowmam,-,No,-,-,"8,888",-,-,Clock,1x1,Yes,No,No,,,,,,888,ice,Series,Fairy Tale,aqua,aqua,-,cute,,No,No,-,1,1,-,1,-,-,-,,-,-,アイスなとけい,reloj hielo,reloj hielo,horloge glace,horloge glace,Eisuhr,orologio ghiaccio,아이스 시계,0701,0054,1314,1314,0801,0799,0345,0874,0936,1.0,35552,2D2D,2DD7,int_ice_clockP,Yes,,,,,ice clock,-
0702,ice closet,ice closet,,,Snowmam,-,No,-,-,"8,888",-,-,Closet,1x1,No,No,No,,,Storage,Press,Press,888,ice,Series,Fairy Tale,aqua,aqua,-,cute,,No,No,-,1,1,-,1,-,-,-,,-,-,アイスなクロゼット,armario hielo,armario hielo,armoire glace,armoire glace,Eisschränkchen,armadio ghiaccio,아이스 옷장,0702,0047,0069,0069,0045,0045,0339,0066,0937,1.0,35552,2D25,2DCF,int_ice_chestC,Yes,,,,,ice closet,ice closet
0703,ice dresser,ice dresser,,,Snowmam,-,No,-,-,"8,888",-,-,Dresser,1x1,No,Yes,No,,,Storage,Press,Press,888,ice,Series,Fairy Tale,aqua,aqua,-,cute,,No,No,-,1,1,-,1,-,-,-,,-,-,アイスなチェスト,cómoda hielo,cómoda hielo,commode glace,commode glace,Eiskommode,comò ghiaccio,아이스 수납장,0703,0052,0477,0475,0490,0489,0335,0333,0934,1.0,35552,2D24,2DCE,int_ice_chestA,Yes,,,,,ice dresser,ice dresser
0704,ice lamp,ice lamp,,,Snowmam,-,No,-,-,"8,888",-,-,Light,1x1,No,No,No,,,Toggle,Light,Press,888,ice,Series,Fairy Tale,yellow,aqua,-,cute,,No,No,-,1,1,-,1,-,-,-,,-,-,アイスなランプ,lámpara hielo,lámpara hielo,lampe glace,lampe glace,Eislampe,lampada ghiaccio,아이스 램프,0704,0057,0791,0791,0889,0887,0336,0592,0931,1.0,35552,2D29,2DD3,int_ice_lamp,Yes,,,,,ice lamp,ice lamp
0705,ice shelf,ice shelf,,,Snowmam,-,No,-,-,"8,888",-,-,-,2x1,No,No,No,,,,,,888,ice,Series,Fairy Tale,aqua,aqua,-,cute,,No,No,-,1,1,-,1,-,-,-,,-,-,アイスなシェルフ,estantería hielo,estantería hielo,étagère glace,étagère glace,Eisregal,scaffale ghiaccio,아이스 쉘프,0705,0049,0591,0589,0629,0626,0338,1127,0935,1.0,35552,2D2A,2DD4,int_ice_shelf,Yes,,,,,ice shelf,ice shelf
0706,ice side table,ice side table,,,Snowmam,-,No,-,-,"8,888",-,-,-,1x1,No,No,No,,,,,,888,ice,Series,Fairy Tale,aqua,aqua,-,cute,,No,No,-,1,1,-,1,-,-,-,,-,-,アイスなサイドテーブル,mesita hielo,mesita hielo,desserte glace,desserte glace,Eistischchen,tavolino ghiaccio,아이스 사이드 테이블,0706,0048,1046,1045,0562,0561,0344,1469,0932,1.0,35552,2D28,2DD2,int_ice_sidetable,Yes,,,,,ice side table,ice side table
0707,ice sofa,ice sofa,,,Snowmam,-,No,-,-,"8,888",-,-,Seat,2x1,No,No,No,,,Sit,-,Sit,888,ice,Series,Fairy Tale,aqua,aqua,-,cute,,No,No,-,1,1,-,1,-,-,-,,-,-,アイスなソファ,sofá hielo,sofá hielo,canapé glace,canapé glace,Eissofa,sofà ghiaccio,아이스 소파,0707,0050,1506,1505,0291,0289,0340,1348,0933,1.0,35552,2D2B,2DD5,int_ice_chairL,Yes,,,,,ice sofa,-
0708,ice table,ice table,,,Snowmam,-,No,-,-,"8,888",-,-,Table,2x2,No,Yes,No,,,,,,888,ice,Series,Fairy Tale,aqua,aqua,-,cute,,No,No,-,1,1,-,1,-,-,-,,-,-,アイスなテーブル,mesa hielo,mesa hielo,table glace,table glace,Eistisch,tavolo ghiaccio,아이스 테이블,0708,0053,0993,0993,1534,1534,0343,1519,0940,1.0,35552,2D26,2DD0,int_ice_tableL,Yes,,,,,ice table,ice table
0709,ice vanity,ice vanity,,,Snowmam,-,No,-,-,"8,888",-,-,-,1x1,No,No,No,,,,,,888,ice,Series,Fairy Tale,aqua,aqua,-,cute,,No,No,-,1,1,-,1,-,-,-,,-,-,アイスなドレッサー,tocador hielo,tocador hielo,coiffeuse glace,coiffeuse glace,Eisspiegel,toletta ghiaccio,아이스 화장대,0709,0055,1659,1657,0451,0450,0341,1596,0941,1.0,35552,2D2E,2DD8,int_ice_dresser,Yes,,,,,ice vanity,ice vanity
0710,ice-cream case,ice-cream case,,,Nooklings,A,Yes,"1,800",-,450,360,-,-,2x1,No,No,No,,,,,,151,spa,Theme,Harmonious / Sci-Fi,beige,colorful,-,historical,,No,No,-,1,1,-,1,-,-,-,,-,-,アイスケース,heladera terma,heladera terma,congélo glaces,congélo glaces,Eiscremetruhe,banco frigo,아이스크림 냉장고,0710,0045,0703,0704,0525,0524,0334,0131,0942,1.0,1800,2B08,2BB2,int_oth_icecase,No,,,,retro ice-cream case,,ice-cream case
0711,ice-cream display,ice-cream display,,,Olive's RV,-,No,-,-,900,720,-,-,2x1,No,No,No,,,,,,151,-,-,-,aqua,colorful,-,basic,,No,No,-,1,1,-,1,-,-,-,,-,-,アイスショーケース,mostrador de helados,mostrador de helados,vitrine à glaces,vitrine à glaces,Eiscremestand,banco dei gelati,아이스크림 진열대,0711,0046,1105,1104,1718,1718,0333,0129,0944,1.4,3600,-,2F04,int_oth_icecorner,No,,,,ice-cream display,ice-cream display,ice-cream display
0712,ikebana display,ikebana display,,,Snooty's RV,-,No,-,-,300,240,-,-,1x1,No,No,Yes,,,,,,151,-,-,Rustic,blue,green,-,iconic,,No,No,-,1,1,-,1,-,-,-,,-,-,あおいはなのいけばな,centro de flores,centro de flores,composition florale,composition florale,Ikebana,ikebana,파란 꽃 꽃꽂이,0712,0068,0409,0407,0514,0513,0633,0536,1483,1.4,1200,-,2EFA,int_jpn_ikebanaB,No,,,,,ikebana display,-
0713,imperial chair,imperial chair (Black),,,Campground Shop,-,No,-,-,400,320,-,Seat,1x1,No,No,No,,,Sit,-,Sit,151,-,-,-,black,red,-,iconic,,No,Yes,160,2,2,the body color,1,-,-,-,,-,-,ちゅうかなイス,silla imperial,silla imperial,chaise Chine,chaise Chine,Fernost-Stuhl,sedia cinese,중국풍 의자,0713,0957,1446,1446,0349,0348,0375,1191,1211,1.4,1600,-,2F94,rmk_oth_chinachair,No,,,,imperial dining chair,imperial chair,imperial chair
0714,imperial pot,imperial pot (Mapo dofu),,,Admiral's RV,-,No,-,-,400,320,-,-,1x1,No,No,Yes,,,,,,151,-,-,-,red,black,-,basic,,No,Yes,160,5,5,the menu,1,-,-,-,,-,-,ちゅうかなべ,wok imperial,wok,plat Chine,plat Chine,Wok-Gericht,zuppa cinese,중국풍 냄비,0714,0958,1741,1740,1251,1249,1708,1741,1209,1.4,1600,-,3009,rmk_oth_wok,No,,,,imperial pot,imperial pot,imperial pot
0715,incense burner,incense burner,,,Nooklings,A,Yes,680,-,170,136,-,-,1x1,No,No,Yes,,,,,,151,-,-,Harmonious,purple,black,-,cute,,No,No,-,1,1,-,1,-,-,-,,-,-,おこう,quemador de incienso,quemador de incienso,porte-encens,porte-encens,Räucherstäbchen-Set,brucia incensi,향,0715,0235,1264,1267,1287,1285,1188,0200,1663,1.0,680,2C8E,2D38,int_oth_incense,Yes,,,,incense burner,incense burner,incense burner
0716,Inkopolis chair,Inkopolis chair (Callie's color),,,Cece's RV,-,No,-,-,"3,000",-,-,Seat,1x1,No,No,No,,,Sit,-,Sit,300,-,-,Toy Shop,purple,pink,-,rock 'n' roll,,No,Yes,1200,8,8,the design color,1,-,-,-,,-,-,ハイカラスタジオのイス,silla Cromópolis,silla Cromópolis,siège TV-Chromapolis,siège TV-Chromapolis,Inkopolis-Stuhl,sedia TV Coloropoli,하이카라 스튜디오 의자,0716,1156,1412,1411,1426,1425,0640,1249,1617,1.4,12000,-,3048,rmk_spl_chairS,Yes,,,,,,-
0717,Inkopolis sign,Inkopolis sign,,,Cece's RV,-,No,-,-,"3,000",-,-,-,2x1,Yes,No,No,,,,,,300,-,-,Toy Shop,pink,yellow,-,rock 'n' roll,,No,No,-,1,1,-,1,-,-,-,,-,-,ハイカラスタジオかんばん,cartel Cromópolis,cartel Cromópolis,panneau TV-Chromap.,panneau TV-Chromap.,Inkopolis-Schild,targa TV Coloropoli,하이카라 스튜디오 간판,0717,1155,0392,0392,1176,1174,0639,1452,1616,1.4,12000,-,3044,int_spl_sign,Yes,,,,,,-
0718,Inkopolis table,Inkopolis table,,,Cece's RV,-,No,-,-,"3,000",-,-,Table,1x1,No,Yes,No,,,,,,300,-,-,Toy Shop,colorful,gray,-,rock 'n' roll,,No,No,-,1,1,-,1,-,-,-,,-,-,ハイカラスタジオのつくえ,mesa Cromópolis,mesa Cromópolis,table TV-Chromapolis,table TV-Chromapolis,Inkopolis-Tisch,tavolo TV Coloropoli,하이카라 스튜디오 책상,0718,1157,0955,0955,1570,1570,0641,1557,1618,1.4,12000,-,3045,int_spl_tableS,Yes,,,,,,-
0719,instruction manual,instruction manual,,,Mom,-,Yes,420,-,105,84,-,-,1x1,No,No,Yes,,,,,,151,-,-,Toy Shop,green,white,-,basic,,No,No,-,1,1,-,1,-,-,-,Used to access the New Leaf instruction manuel,-,-,せつめいしょ,manual instrucciones,manual instrucciones,mode d'emploi,manuel instructions,Bedienungsanleitung,manuale istruzioni,설명서,0720,0833,0900,0897,1099,1042,0132,0752,0769,1.4,420,-,30CB,int_oth_manualbook,Yes,,,,,,-
0720,ionian post,ionian post,,,Nooklings,B,Yes,"3,600",-,900,720,-,-,1x1,No,No,No,,,,,,151,-,-,Antique / Quirky,gray,gray,-,historical,,No,No,-,1,1,-,1,-,-,-,,-,-,イオニアのはしら,columna jónica,columna jónica,colonne Ionie,colonne Ionie,Ioniersäule,colonna ionica,이오니아 기둥,0721,0120,0455,0455,0469,0468,0645,0314,1104,1.0,3600,2B50,2BFA,int_oth_piller_b,No,,,Ionian post,ruined decorated pillar,,-
0721,iron frame,iron frame,,,Nooklings,A,Yes,"1,200",-,300,240,-,-,2x1,No,No,No,,,,,,151,construction,Theme,-,red,red,-,rock 'n' roll,,No,No,-,1,1,-,1,-,-,-,,-,-,てっこつ,torre de vigas,torre de vigas,poutre en fer,poutre en fer,Stahlträger,trave di ferro,철골,0722,1016,1676,1673,1320,1318,1452,1631,1238,1.0,1200,2A69,2B13,int_cst_ironframe,No,,,,iron frame,,iron frame
0722,iron garden chair,iron garden chair (Green),,,Campground Shop,-,No,-,-,400,320,-,Seat,1x1,No,No,No,,,Sit,-,Sit,151,-,-,-,green,green,-,basic,,No,Yes,160,3,3,the body color,1,-,-,-,,-,-,アイアンガーデンチェア,silla de forja,silla de forja,chaise de jardin fer,chaise de jardin fer,Romantikgartenstuhl,sedia di ferro,아이언 가든 체어,0723,0043,1415,1416,0353,0352,1252,1203,0945,1.4,1600,-,2F7E,rmk_gdn_ironchair,No,,,,iron garden chair,iron garden chair,-
0723,iron garden table,iron garden table (Green),,,Campground Shop,-,No,-,-,400,320,-,Table,1x1,No,Yes,No,,,,,,151,-,-,-,green,green,-,basic,,No,Yes,160,3,3,the body color,1,-,-,-,,-,-,アイアンガーデンテーブル,mesa de forja,mesa de forja,table de jardin fer,table de jardin fer,Romantikgartentisch,tavolo di ferro,아이언 가든 테이블,0724,0044,0964,0963,1511,1511,1253,1506,0946,1.4,1600,-,2F7F,rmk_gdn_irontable,No,,,,iron garden table,iron garden table,-
0724,ironing set,ironing set (Plaid),,,Nooklings,C,Yes,"1,400",-,350,280,-,-,1x1,No,No,No,,,,,,151,-,-,-,white,red,-,modern,,No,Yes,140,6,1,-,6,the blanket,-,-,,-,-,アイロン,tabla de planchar,tabla de planchar,set de repassage,set de repassage,Bügelset,asse e ferro stiro,다리미,0725,0059,1545,1545,1411,1410,0198,0097,0252,1.0,1400,2C9F,2D49,rmk_oth_iron,Yes,,,,ironing set,ironing set,-
0725,Isabelle scooter,Isabelle scooter,,,Isabelle's RV,-,No,-,-,"3,000",-,-,-,2x1,No,No,No,,,,,,151,-,-,Toy Shop,green,colorful,-,sporty,,No,No,-,1,1,-,1,-,-,-,,-,-,しずえのスクーター,moto de Canela,moto de Canela,scooter Marie,scooter Marie,Melinda-Mofa,scooter di Fuffi,여울 스쿠터,0726,0655,1108,1107,1393,1391,0911,1157,0991,1.4,12000,-,307F,int_oth_scooter_sza,Yes,,,,,,Isabelle scooter
0726,item box,item box (Blue),,,Felyne's RV,-,No,-,-,"3,000",-,-,-,2x2,No,No,No,,,,,,300,-,-,Toy Shop,blue,blue,-,iconic,,No,Yes,1200,2,2,the body color,1,-,-,-,,-,-,ハンターのボックス,caja de objetos,caja de objetos,coffre à objets,coffre à objets,Objektbox,cassa oggetti,헌터 박스,0727,1273,0280,0278,0438,0437,1028,0265,1667,1.4,12000,-,3025,rmk_mnh_box,No,,,,,item box,-
0727,IV drip,IV drip,,,Nooklings,D,Yes,"1,480",-,370,296,-,-,1x1,No,No,No,,,,,,151,dr.'s office,Set,Sci-Fi / Quirky,aqua,gray,-,flashy,,No,No,-,1,1,-,1,-,-,-,,-,-,てんてき,gotero hospital,gotero hospital,perfusion,perfusion,Infusionsständer,portaflebo,링거,0728,1031,0683,0685,1206,1204,0638,1028,0430,1.0,1480,2ACD,2B77,int_hsp_drops,No,,,,IV drip,,IV drip
0728,ivy partition,ivy partition (Brown),,,Tasha's RV,-,No,-,-,800,640,-,-,2x1,No,No,No,,,,,,151,-,-,-,green,brown,-,basic,,No,Yes,320,3,3,the body color,1,-,-,-,,-,-,つたのパーテーション,biombo enredadera,biombo enredadera,paravent lierre,paravent lierre,Efeuraumteiler,divisorio edera,덩굴 파티션,0729,0992,0193,0190,1188,1186,0305,0418,0291,1.4,3200,-,2FE0,rmk_oth_ivy_screen,No,,,,,ivy partition,ivy partition
0729,jackhammer,jackhammer,,,Nooklings,D,Yes,"1,880",-,470,376,-,-,1x1,No,No,No,,,,,,151,construction,Theme,-,red,gray,-,rock 'n' roll,,No,No,-,1,1,-,1,-,-,-,,-,-,さくがんき,martillo neumático,martillo neumático,marteau-piqueur,marteau-piqueur,Presslufthammer,martello pneumatico,착암기,0730,0627,0926,0923,1053,1052,1149,0756,1228,1.0,1880,2A70,2B1A,int_csx_jack,No,,,,jackhammer,,-
0730,jack-in-the-box,jack-in-the-box,,,Villagers,-,No,-,-,-400,-,-,-,1x1,No,No,No,,,,,,51,-,-,Toy Shop,green,colorful,-,cute,,No,No,-,1,1,-,1,-,-,-,,-,-,ビックリばこ,caja sorpresa,caja sorpresa,boîte à malice,boîte à malice,Schachtelkobold,zucca a molla,깜짝 상자,0731,1301,0286,0284,0160,0159,1299,1740,0170,1.0,-400,2BEF,2C99,int_oth_bikkuri,No,,,,,,jack-in-the-box
0731,jail bars,jail bars,,,Gonzo's RV,-,No,-,-,700,560,-,-,2x1,No,No,No,,,,,,151,-,-,-,gray,gray,-,flashy,,No,No,-,1,1,-,1,-,-,-,,-,-,おり,reja de prisión,reja de prisión,grille de prison,grille de prison,Gefängnisgitter,finestra con sbarre,감옥 문,0732,0269,1286,1286,0741,0739,0463,0463,0071,1.4,2800,-,2F20,int_oth_cage,No,,,,jail bars,jail bars,jail bars
0732,jasmine bonsai,jasmine bonsai,,,Garden Shop,-,Yes,"1,700",-,425,340,-,Plant,1x1,No,No,Yes,,,-,-,-,199,bonsai,Set,Harmonious / Rustic,yellow,brown,-,iconic,,No,No,-,1,1,-,1,-,-,-,,-,-,サンシュユのぼんさい,jazmín bonsái,jazmín bonsái,bonsaï jasmin,bonsaï jasmin,Jasmin-Bonsai,bonsai gelsomino,산수유나무 분재,0733,0640,0740,0741,0182,0180,0648,0186,0732,1.0,1700,2B2A,2BD4,int_bon_sanshuyu,No,,,,,,-
0733,jellyfish lamp,jellyfish lamp,,,Chip,-,No,-,-,625,500,-,Light,1x1,Yes,No,No,,,Toggle,Light,Press,651,fish,Set,Toy Shop,aqua,aqua,-,cute,,No,No,-,1,1,-,1,-,-,-,,-,-,くらげランプ,lámpara medusa,lámpara medusa,lampe méduse,lampe méduse,Quallenlampe,lampada medusa,해파리 램프,0734,0481,0797,0797,0893,0891,1175,0598,1655,1.0,2500,2C2B,2CD5,int_fis_lamp_wall,Yes,,,,,jellyfish lamp,-
0734,jewelry case,jewelry case (Brown),,,Bitty's RV,-,No,-,-,"3,000","2,400",-,-,1x1,No,No,Yes,,,,,,151,-,-,Trendy,brown,brown,-,ornate,,No,Yes,1200,4,4,the box color,1,-,-,-,,-,-,ジュエリーケース,vitrina joyería,vitrina joyería,vitrine à bijoux,vitrine à bijoux,Schmuckkästchen,portagioie,주얼리 케이스,0735,0700,1737,1735,1716,1716,1331,1029,1204,1.4,12000,-,2FE9,rmk_oth_jewel,No,,,,,jewelry case,jewelry case
0735,Jingle bed,Jingle bed,,,Nooklings,-,Yes,"4,896",-,"1,224",979,-,Bed,2x1,No,No,No,,,Sleep,-,Sleep,451,Jingle,Series,Toy Shop,red,green,-,cute,,No,No,-,1,1,-,1,-,-,-,,-,-,クリスマスベッド,cama festiva,cama festiva,lit festif,lit festif,Festtagsbett,letto Jingle,크리스마스 침대,0736,0495,0316,0314,0971,0969,0382,0686,1385,1.0,4896,2A06,2AB0,int_xms_bedS,No,,,,-,,-
0736,Jingle chair,Jingle chair,,,Nooklings,-,Yes,"4,896",-,"1,224",979,-,Seat,1x1,No,No,No,,,Sit,-,Sit,451,Jingle,Series,Toy Shop,red,red,-,cute,,No,No,-,1,1,-,1,-,-,-,,-,-,クリスマスチェア,silla festiva,silla festiva,chaise festive,chaise festive,Festtagsstuhl,sedia Jingle,크리스마스 체어,0737,0491,1437,1437,0365,0364,0394,1221,1384,1.0,4896,2A0A,2AB4,int_xms_chairS,No,,,,-,,-
0737,Jingle clock,Jingle clock,,,Nooklings,-,Yes,"4,896",-,"1,224",979,-,Clock,1x1,Yes,No,No,,,,,,451,Jingle,Series,Toy Shop,red,green,-,cute,,No,No,-,1,1,-,1,-,-,-,,-,-,クリスマスクロック,reloj festivo,reloj festivo,horloge festive,horloge festive,Festtagsstanduhr,orologio Jingle,크리스마스 시계,0738,0488,1308,1308,0800,0798,0393,0879,1381,1.0,4896,2A0E,2AB8,int_xms_clockP,No,,,,-,,-
0738,Jingle dresser,Jingle dresser,,,Nooklings,-,Yes,"4,896",-,"1,224",979,-,Dresser,2x1,No,No,No,,,Storage,Press,Press,451,Jingle,Series,Toy Shop,red,green,-,cute,,No,No,-,1,1,-,1,-,-,-,,-,-,クリスマスタンス,cómoda festiva,cómoda festiva,commode festive,commode festive,Festtagskommode,comò Jingle,크리스마스 서랍장,0739,0490,0471,0469,0488,0487,0385,0336,1378,1.0,4896,2A07,2AB1,int_xms_chestA,No,,,,-,,-
0739,Jingle lamp,Jingle lamp,,,Nooklings,-,Yes,"4,896",-,"1,224",979,-,Light,1x1,No,No,No,,,Toggle,Light,Press,451,Jingle,Series,Toy Shop,red,red,-,cute,,No,No,-,1,1,-,1,-,-,-,,-,-,クリスマスランプ,lámpara festiva,lámpara festiva,lampe festive,lampe festive,Festtagslampe,lampada Jingle,크리스마스 램프,0740,0497,0784,0784,0887,0885,0387,0595,1376,1.0,4896,2A0F,2AB9,int_xms_lamp,No,,,,-,,-
0740,Jingle piano,Jingle piano,,,Nooklings,-,Yes,"4,896",-,"1,224",979,-,Instrument,2x1,No,No,No,,,Press,-,Press,451,Jingle,Series,Toy Shop,red,green,-,cute,,No,No,-,1,1,-,1,-,-,-,,-,-,クリスマスピアノ,piano festivo,piano festivo,piano festif,piano festif,Festtagspiano,piano Jingle,크리스마스 피아노,0741,0494,1193,1195,1218,1216,0388,0957,1387,1.0,4896,2A0D,2AB7,int_xms_piano,No,,,,-,,-
0741,Jingle shelves,Jingle shelves,,,Nooklings,-,Yes,"4,896",-,"1,224",979,-,-,1x1,No,No,No,,,,,,451,Jingle,Series,Toy Shop,red,green,-,cute,,No,No,-,1,1,-,1,-,-,-,,-,-,クリスマスラック,librería festiva,librería festiva,étagère festive,étagère festive,Festtagsregal,libreria Jingle,크리스마스 수납 선반,0742,0496,0856,0854,0628,0625,0389,0719,1380,1.0,4896,2A0C,2AB6,int_xms_bookshelf,No,,,,-,,-
0742,Jingle sofa,Jingle sofa,,,Nooklings,-,Yes,"4,896",-,"1,224",979,-,Seat,2x1,No,No,No,,,Sit,-,Sit,451,Jingle,Series,Toy Shop,red,red,-,cute,,No,No,-,1,1,-,1,-,-,-,,-,-,クリスマスソファ,sofá festivo,sofá festivo,canapé festif,canapé festif,Festtagssofa,sofà Jingle,크리스마스 소파,0743,0489,1503,1502,0290,0288,0392,1352,1379,1.0,4896,2A09,2AB3,int_xms_chairL,No,,,,-,,-
0743,Jingle table,Jingle table,,,Nooklings,-,Yes,"4,896",-,"1,224",979,-,Table,2x2,No,Yes,No,,,,,,451,Jingle,Series,Toy Shop,red,green,-,cute,,No,No,-,1,1,-,1,-,-,-,,-,-,クリスマステーブル,mesa festiva,mesa festiva,table festive,table festive,Festtagstisch,tavolo Jingle,크리스마스 테이블,0744,0492,0984,0984,1529,1529,0395,1523,1386,1.0,4896,2A0B,2AB5,int_xms_tableL,No,,,,-,,-
0744,Jingle TV,Jingle TV,,,Nooklings,-,Yes,"4,896",-,"1,224",979,-,-,1x1,No,No,No,,,,,,451,Jingle,Series,Toy Shop,red,green,-,cute,,No,No,-,1,1,-,1,-,-,-,,-,-,クリスマステレビ,tele festiva,tele festiva,télé festive,télé festive,Festtagsfernseher,TV Jingle,크리스마스 TV,0745,0493,1608,1607,1622,1622,0383,1662,1375,1.0,4896,2A10,2ABA,int_xms_tv,No,,,,-,,-
0745,Jingle wardrobe,Jingle wardrobe,,,Nooklings,-,Yes,"4,896",-,"1,224",979,-,Closet,1x1,No,No,No,,,Storage,Press,Press,451,Jingle,Series,Toy Shop,red,green,-,cute,,No,No,-,1,1,-,1,-,-,-,,-,-,クリスマスクロゼット,armario festivo,armario festivo,armoire festive,armoire festive,Festtagsschrank,armadio Jingle,크리스마스 옷장,0746,0487,0064,0064,0042,0042,0390,0068,1383,1.0,4896,2A08,2AB2,int_xms_chestC,No,,,,-,,-
0746,Jolly Roger,Jolly Roger,,,Pascal,-,No,-,-,400,320,-,-,2x1,Yes,No,No,,,,,,351,pirate ship,Theme,Toy Shop / Quirky,black,white,-,historical,,No,No,-,1,1,-,1,-,-,-,,-,-,かいぞくのはた,bandera pirata,bandera pirata,drapeau pirate,drapeau pirate,Piratenflagge,bandiera dei pirati,해적 깃발,0747,0302,0147,0144,0582,0581,1111,0138,1653,1.0,1600,2D90,2E3A,int_pir_flag,Yes,,,,,Jolly Roger,-
0747,jomon pottery,jomon pottery,,,Nooklings,D,Yes,800,-,200,160,-,-,1x1,No,No,No,,,,,,151,-,-,Harmonious / Antique / Quirky,brown,brown,-,historical,,No,No,-,1,1,-,1,-,-,-,,-,-,じょうもんしきどき,jarrón Jomon,jarrón Jomon,poterie jomon,poterie jomon,Jomon-Töpferei,vaso Jomon,밧줄무늬 토기,0748,0717,0734,0735,1304,1302,0650,1697,0582,1.0,800,2B56,2C00,int_oth_doki,No,,,Jomon pottery,-,,jomon pottery
0748,judge's bell,judge's bell,,,Nooklings,B,Yes,"1,790",-,447,357,-,-,1x1,No,No,Yes,,,,,,151,boxing,Theme,-,yellow,brown,-,sporty,,No,No,-,1,1,-,1,-,-,-,,-,-,ゴング,campana de juez,campana de juez,gong,gong,Rundengong,campanello,시합을 알리는 공,0749,0608,0359,0357,0729,0727,1272,0223,0874,1.0,1790,2A78,2B22,int_wrs_gong,No,,,,judge's bell,,judge's bell
0749,juicy-apple clock,juicy-apple clock (Red apple),,,Nooklings,C,Yes,"1,200",-,300,240,-,Clock,1x1,No,No,Yes,,,,,,151,apple,Set,Rustic,red,beige,-,cute,,No,Yes,120,6,2,the apple color,1,-,4,Gold Nugget / Silver Nugget / Ruby / Emerald,,-,-,リンゴのとけい,reloj manzana,reloj manzana,horloge pomme,horloge pomme,Apfeluhr,orologio mela,사과 시계,0750,1659,1318,1318,0820,0818,0048,0882,0719,1.0,1200,2B1A,2BC4,rmk_apl_clockN,No,,,,-,,-
0750,juicy-apple TV,juicy-apple TV (Red apple),,,Nooklings,B,Yes,"1,600",-,400,320,-,-,1x1,No,No,No,,,,,,151,apple,Set,Rustic,red,beige,-,cute,,No,Yes,160,6,2,the apple color,1,-,4,Gold Nugget / Silver Nugget / Ruby / Emerald,,-,-,リンゴのテレビ,tele manzana,tele manzana,télé pomme,télé pomme,Apfelfernseher,TV mela,사과 TV,0751,1658,1616,1615,1627,1627,0047,1664,0718,1.0,1600,2B19,2BC3,rmk_apl_tv,No,,,,juicy-apple TV,,juicy-apple TV
0751,jukebox,jukebox,,,Nooklings,B,Yes,"3,200",-,800,640,-,Music Player,1x1,No,No,No,,,Music player,,Music,151,café,Set,Toy Shop,brown,colorful,-,historical,,No,No,-,1,1,-,1,-,-,-,,-,-,ジュークボックス,gramola,gramola,juke-box,juke-box,Musikbox,jukebox,쥬크박스,0752,0695,0686,0688,0845,0843,0972,0544,1215,1.0,3200,2AD8,2B82,int_msc_jukebox,No,,,,jukebox,,-
0752,kadomatsu,kadomatsu,,,Nintendo Zone,-,Yes,"2,580",-,645,516,-,-,1x1,No,No,No,,,,,,300,-,-,Harmonious / Rustic,green,green,-,iconic,,No,No,-,1,1,-,1,-,-,-,,-,-,かどまつ,kadomatsu,kadomatsu,kadomatsu,kadomatsu,Kadomatsu,kadomatsu,새해맞이 대나무,0753,0337,0749,0749,0847,0845,0655,0545,0739,1.0,2580,2BF0,2C9A,int_oth_kadomatu,No,,,,kadomatsu,,-
0753,kagamimochi,kagamimochi,,,DLC,-,Yes,"1,800",-,450,360,-,-,1x1,No,No,No,,,,,,300,-,-,Harmonious,white,brown,-,iconic,,No,No,-,1,1,-,1,-,-,-,,-,-,かがみもち,kagamimochi,kagamimochi,kagamimochi,kagamimochi,Kagami-Mochi,kagamimochi,새해맞이 찰떡,0754,0313,0750,0750,0848,0846,0660,0546,0740,1.0,1800,2BF1,2C9B,int_oth_kagamimochi,No,,,,kagamimochi,,-
0754,kaiseki meal,kaiseki meal,,,Wade's RV,-,No,-,-,300,240,-,-,1x1,No,No,Yes,,,,,,151,-,-,-,colorful,black,-,iconic,,No,No,-,1,1,-,1,-,-,-,,-,-,かいせきりょうり,cena japonesa,cena japonesa,plateau kaiseki,plateau kaiseki,Asia-Platte,pasto kaiseki,일본식 고급 요리,0755,0299,0408,0406,1267,1265,0058,0945,1123,1.4,1200,-,2FDF,int_oth_kaiseki,No,,,,,kaiseki meal,kaiseki meal
0755,karaoke system,karaoke system,,,Nooklings,B,Yes,"2,400",-,600,480,-,-,1x1,No,No,No,,,,,,151,-,-,-,gray,gray,-,rock 'n' roll,,No,No,-,1,1,-,1,-,-,-,,-,-,カラオケセット,karaoke,karaoke,équipement karaoké,équipement karaoké,Karaoke-Set,impianto per karaoke,노래방 기계,0756,0358,0751,0751,0610,0607,0674,0537,0225,1.0,2400,2CBC,2D66,int_oth_karaoke,Yes,,,,karaoke system,karaoke system,-
0756,kart,kart,,,Fortune,-,No,-,-,210,-,-,-,2x2,No,No,No,,,,,,151,Nintendo,Set,Sci-Fi / Toy Shop,red,black,-,cute,,No,No,-,1,1,-,1,-,-,-,,-,-,カート,kart,kart,kart,kart,Kart,kart,카트,0757,0279,0752,0752,0849,0847,0687,0547,1303,1.0,840,2BE7,2C91,int_nin_kart,No,,,kart,-,,-
0757,kayak,kayak,,,Tent Campers,-,Yes,"3,460",-,865,692,-,-,2x1,No,No,No,,,,,,451,-,-,-,yellow,yellow,-,sporty,,No,No,-,1,1,-,1,-,-,-,,-,-,カヤック,kayak,kayak,kayak,kayak,Kajak,kayak,카약,0758,0356,0755,0755,0852,0850,0661,0549,1298,1.0,3460,2B6C,2C16,int_tnt_kayak,No,,,,,,kayak
0758,keg,keg,,,Pascal,-,No,-,-,200,160,-,-,1x1,No,No,No,,,,,,351,pirate ship,Theme,Toy Shop,brown,brown,-,historical,,No,No,-,1,1,-,1,-,-,-,,-,-,よこむきのたる,barrilete,barrilete,tonnelet,tonnelet,Fässchen,barilotto,누워 있는 나무통,0759,1613,0168,0165,1654,1654,0368,0147,0234,1.0,800,2AA0,2B4A,int_pir_barrel02,No,,,,-,,keg
0759,Kerokerokeroppi cake,Kerokerokeroppi cake,,,Toby's RV,-,No,-,-,"3,000",-,-,-,1x1,No,No,Yes,,,,,,300,-,-,Fairy Tale / Toy Shop,green,green,-,cute,,No,No,-,1,1,-,1,-,-,-,,-,-,けろけろけろっぴなおかし,pastelito jardín zen,pastelito jardín zen,friandise étang,friandise étang,Teich-Nascherei,dolcetto ranocchio,케로케로케로피 과자,0760,0538,1177,1180,0712,0710,1545,0423,1346,1.4,12000,-,3073,int_kkk_sweets,Yes,,,,Kerokerokeroppi snack,,-
0760,Kerokerokeroppi doll,Kerokerokeroppi doll,,,Toby's RV,-,No,-,-,"3,000",-,-,Doll,1x1,No,No,Yes,,,,,,300,-,-,Fairy Tale / Toy Shop,white,black,-,cute,,No,No,-,1,1,-,1,-,-,-,,-,-,てるてるなにんぎょう,muñeca de papel,muñeca de papel,poupée en papier,poupée en papier,Papierpuppe,bambola di carta,종이 인형,0761,1020,1112,1111,1315,1313,1062,0117,1195,1.4,12000,-,3077,int_kkk_doll,Yes,,,,Kerokerokeroppi doll,,Kerokerokeroppi doll
0761,Kerokerokeroppi tray,Kerokerokeroppi tray,,,Toby's RV,-,No,-,-,"3,000",-,-,-,1x1,No,Yes,No,,,,,,300,-,-,Fairy Tale / Toy Shop,green,black,-,cute,,No,No,-,1,1,-,1,-,-,-,,-,-,けろけろけろっぴなおぜん,bandeja jardín zen,bandeja jardín zen,table basse étang,table basse étang,Teich-Tischchen,vassoio ranocchio,케로케로케로피 쟁반,0762,0539,0144,0141,1485,1485,1547,1708,1350,1.4,12000,-,3072,int_kkk_tableS,Yes,,,,Kerokerokeroppi tray,,Kerokerokeroppi tray
0762,kettle,kettle,,,Nooklings,C,Yes,800,-,200,160,-,-,1x1,No,No,Yes,,,,,,151,-,-,-,yellow,yellow,-,basic,,No,No,-,1,1,-,1,-,-,-,,-,-,やかん,tetera,tetera,bouilloire,bouilloire,Wasserkessel,bollitore,주전자,0763,1573,1642,1640,0196,0194,1659,0178,1205,1.0,800,2C7C,2D26,int_jpn_kettle,Yes,,,,kettle,kettle,kettle
0763,kick scooter,kick scooter (Blue),,,Campground Shop,-,No,-,-,400,320,-,-,1x1,No,No,No,,,,,,151,-,-,Toy Shop,blue,white,-,sporty,,No,Yes,160,5,5,the body color,1,-,-,-,,-,-,キックスクーター,patín del diablo,patinete,trottinette,trottinette,Tretroller,monopattino,킥보드,0764,0399,1178,1181,1687,1687,1581,0819,1407,1.4,1600,-,2F12,rmk_oth_kickboard,No,,,,,kick scooter,kick scooter
0764,Kicks mat,Kicks mat,,,Kicks's RV,-,No,-,-,"3,000",-,-,-,2x2,No,No,No,,,,,,151,-,-,Toy Shop,brown,white,-,basic,,No,No,-,1,1,-,1,-,-,-,,-,-,シューシャンクのマット,alfombra zapatería,alfombra zapatería,paillasson Blaise,paillasson Blaise,Schubert-Matte,tappetino Sciuscià,신발 가게 매트,0765,0696,0016,0015,1146,1144,1360,1447,0880,1.4,12000,-,30C0,int_skk_mat,Yes,,,,,,-
0765,kiddie bed,kiddie bed (Colorful - Colorful),,,Nooklings,C,Yes,"2,100",-,525,420,-,Bed,2x1,No,No,No,,,Sleep,-,Sleep,151,kiddie,Series,Toy Shop,colorful,colorful,-,cute,,No,Yes,210,9,3,the frame,3,the bedding,-,-,,-,-,カラフルなベッド,cama puzle,cama puzle,lit enfant,lit enfant,Kinderbett,letto bimbi,컬러풀 침대,0766,0374,0342,0340,0970,0968,0723,0664,1340,1.0,2100,2998,2A42,rmk_col_bedS,No,,,,,,kiddie bed
0766,kiddie bookcase,kiddie bookcase (Colorful),,,Nooklings,C,Yes,"1,800",-,450,360,-,-,1x1,No,No,No,,,,,,151,kiddie,Series,Toy Shop,colorful,colorful,-,cute,,No,Yes,180,3,3,the body color,1,-,-,-,,-,-,カラフルなほんだな,librería puzle,librería puzle,étagère enfant,étagère enfant,Kinderregal,libreria bimbi,컬러풀 책장,0767,0375,0860,0858,0627,0624,0727,0713,1339,1.0,1800,299F,2A49,rmk_col_bookshelf,No,,,,,,kiddie bookcase
0767,kiddie bureau,kiddie bureau (Colorful),,,Nooklings,C,Yes,"2,200",-,550,440,-,Closet,1x1,No,No,No,,,Storage,Press,Press,151,kiddie,Series,Toy Shop,colorful,colorful,-,cute,,No,Yes,220,3,3,the body color,1,-,-,-,,-,-,カラフルなビューロ,armario puzle,armario puzle,armoire enfant,armoire enfant,Kindergarderobe,comò bimbi,컬러풀 뷰로,0768,0373,0085,0085,0041,0041,0725,0317,1332,1.0,2200,299E,2A48,rmk_col_chestC,No,,,,,,kiddie bureau
0768,kiddie chair,kiddie chair (Colorful - No cushion),,,Nooklings,C,Yes,"1,400",-,350,280,-,Seat,1x1,No,No,No,,,Sit,-,Sit,151,kiddie,Series,Toy Shop,colorful,colorful,-,cute,,No,Yes,140,12,3,the body color,4,the cushion,-,-,,-,-,カラフルなイス,silla puzle,silla puzle,chaise enfant,chaise enfant,Kinderstuhl,sedia bimbi,컬러풀 의자,0769,0365,1465,1465,0364,0363,0730,1185,1338,1.0,1400,299C,2A46,rmk_col_chairS,No,,,,,,kiddie chair
0769,kiddie clock,kiddie clock (Colorful),,,Nooklings,C,Yes,"1,480",-,370,296,-,Clock,1x1,No,No,No,,,,,,151,kiddie,Series,Toy Shop,colorful,colorful,-,cute,,No,Yes,148,3,3,the body color,1,-,-,-,,-,-,カラフルなとけい,reloj puzle,reloj puzle,horloge enfant,horloge enfant,Kinderuhr,orologio bimbi,컬러풀 시계,0770,0372,1336,1336,0798,0796,0733,0862,1335,1.0,1480,29A0,2A4A,rmk_col_clockN,No,,,,,,kiddie clock
0770,kiddie couch,kiddie couch (Colorful),,,Nooklings,C,Yes,"2,200",-,550,440,-,Seat,2x1,No,No,No,,,Sit,-,Sit,151,kiddie,Series,Toy Shop,colorful,colorful,-,cute,,No,Yes,220,3,3,the body color,1,-,-,-,,-,-,カラフルなソファ,sofá puzle,sofá puzle,canapé enfant,canapé enfant,Kindersofa,sofà bimbi,컬러풀 소파,0771,0369,1519,1519,0289,0287,0729,1333,1334,1.0,2200,299B,2A45,rmk_col_chairL,No,,,,,,kiddie couch
0771,kiddie dresser,kiddie dresser (Colorful),,,Nooklings,C,Yes,"2,150",-,537,429,-,Dresser,2x1,No,Yes,No,,,Storage,Press,Press,151,kiddie,Series,Toy Shop,colorful,colorful,-,cute,,No,Yes,215,3,3,the body color,1,-,-,-,,-,-,カラフルなタンス,cómoda puzle,cómoda puzle,commode enfant,commode enfant,Kinderkommode,comodino bimbi,컬러풀 서랍장,0772,0370,0491,0489,0486,0485,0726,0356,1333,1.0,2150,2999,2A43,rmk_col_chestA,No,,,,,,kiddie dresser
0772,kiddie meal,kiddie meal (Lunch combo A),,,Campground Shop,-,No,-,-,400,320,-,-,1x1,No,No,Yes,,,,,,151,-,-,-,colorful,red,-,cute,,No,Yes,160,3,3,the menu,1,-,-,-,,-,-,おこさまランチ,combo infantil,menú infantil,menu enfant,menu enfant,Kinderteller,menu per bambini,어린이 런치 세트,0773,0236,0458,0937,1063,1062,0731,0774,0979,1.4,1600,-,2F80,rmk_oth_childlunch,No,,,,,kiddie meal,kiddie meal
0773,kiddie stereo,kiddie stereo (Colorful),,,Nooklings,C,Yes,"1,900",-,475,380,-,Music Player,2x1,No,Yes,No,,,Music player,,Music,151,kiddie,Series,Toy Shop,colorful,colorful,-,cute,,No,Yes,190,3,3,the body color,1,-,-,-,,-,-,カラフルなコンポ,cadena puzle,cadena puzle,hi-fi enfant,hi-fi enfant,Kinderanlage,stereo bimbi,컬러풀 오디오,0774,0368,0265,0263,0765,0763,0722,1410,1336,1.0,1900,29A1,2A4B,rmk_col_audioM,No,,,,,,-
0774,kiddie table,kiddie table (Colorful - Colorful),,,Nooklings,C,Yes,"2,200",-,550,440,-,Table,2x2,No,Yes,No,,,,,,151,kiddie,Series,Toy Shop,colorful,colorful,-,cute,,No,Yes,220,9,3,the body color,3,the tablecloth,-,-,,-,-,カラフルなテーブル,mesa puzle,mesa puzle,table enfant,table enfant,Kindertisch,tavolo bimbi,컬러풀 테이블,0775,0371,1018,1018,1527,1527,0732,1486,1341,1.0,2200,299D,2A47,rmk_col_tableL,No,,,,,,kiddie table
0775,kiddie wall clock,kiddie wall clock (Colorful),,,Nooklings,-,Yes,"1,800",-,450,360,-,Clock,1x1,Yes,No,No,,,,,,151,kiddie,Series,Toy Shop,colorful,colorful,-,cute,,No,Yes,180,3,3,the body color,1,-,-,-,,-,-,カラフルなかべかけどけい,reloj de pared puzle,reloj de pared puzle,horloge mur enfant,horloge mur enfant,Kinderwanduhr,orologio muro bimbi,컬러풀 벽시계,0776,0366,1303,1303,0811,0809,0735,0884,1331,1.0,1800,29A2,2A4C,rmk_col_wall,Yes,,,,,kiddie wall clock,-
0776,kiddie wardrobe,kiddie wardrobe (Colorful),,,Nooklings,C,Yes,"2,180",-,545,436,-,Closet,1x1,No,No,No,,,Storage,Press,Press,151,kiddie,Series,Toy Shop,colorful,colorful,-,cute,,No,Yes,218,3,3,the body color,1,-,-,-,,-,-,カラフルなクロゼット,ropero puzle,ropero puzle,penderie enfant,penderie enfant,Kinderschrank,armadio bimbi,컬러풀 옷장,0777,0367,1370,1369,1203,1201,0728,0049,1337,1.0,2180,299A,2A44,rmk_col_chestB,No,,,,,,-
0777,Kiki and Lala bed,Kiki and Lala bed,,,Étoile's RV,-,No,-,-,"3,000",-,-,Bed,2x2,No,No,No,,,Sleep,-,Sleep,300,-,-,Fairy Tale / Toy Shop,white,colorful,-,cute,,No,No,-,1,1,-,1,-,-,-,,-,-,キキ&ララなベッド,cama Kiki & Lala,cama Kiki & Lala,lit Kiki & Lala,lit Kiki & Lala,Kiki-&-Lala-Bett,letto Kiki and Lala,리틀 트윈 스타 침대,0778,0397,0326,0324,0978,0976,0717,0687,0428,1.4,12000,-,3066,int_lts_bedW,Yes,,,,Kiki & Lala bed,,Kiki and Lala bed
0778,Kiki and Lala clock,Kiki and Lala clock,,,Étoile's RV,-,No,-,-,"3,000",-,-,Clock,1x1,Yes,No,Yes,,,,,,300,-,-,Fairy Tale / Toy Shop,yellow,pink,-,cute,,No,No,-,2,1,-,1,-,-,-,,-,-,キキ&ララなとけい,reloj Kiki & Lala,reloj Kiki & Lala,horloge Kiki & Lala,horloge Kiki & Lala,Kiki-&-Lala-Uhr,orol. Kiki and Lala,리틀 트윈 스타 시계,0779,0396,1316,1316,0804,0802,0720,0852,0427,1.4,12000,-,3067,int_lts_clockN_floor,Yes,,,,Kiki & Lala clock,,Kiki and Lala clock
0779,Kiki and Lala sofa,Kiki and Lala sofa,,,Étoile's RV,-,No,-,-,"3,000",-,-,Seat,2x1,No,No,No,,,Sit,-,Sit,300,-,-,Fairy Tale / Toy Shop,pink,colorful,-,cute,,No,No,-,1,1,-,1,-,-,-,,-,-,キキ&ララなソファ,sofá Kiki & Lala,sofá Kiki & Lala,canapé Kiki & Lala,canapé Kiki & Lala,Kiki-&-Lala-Sofa,sofà Kiki and Lala,리틀 트윈 스타 소파,0780,0394,1507,1506,0293,0291,0718,1353,0426,1.4,12000,-,306A,int_lts_chairL,Yes,,,,Kiki & Lala sofa,,Kiki and Lala sofa
0780,Kiki and Lala table,Kiki and Lala table,,,Étoile's RV,-,No,-,-,"3,000",-,-,Table,2x1,No,Yes,No,,,,,,300,-,-,Fairy Tale / Toy Shop,yellow,colorful,-,cute,,No,No,-,1,1,-,1,-,-,-,,-,-,キキ&ララなテーブル,mesa Kiki & Lala,mesa Kiki & Lala,table Kiki & Lala,table Kiki & Lala,Kiki-&-Lala-Tisch,tavolo Kiki and Lala,리틀 트윈 스타 테이블,0781,0395,0998,0998,1538,1538,0719,1524,0429,1.4,12000,-,3069,int_lts_tableM,Yes,,,,Kiki & Lala table,,Kiki and Lala table
0781,kimbap plate,kimbap plate,,,DLC,-,No,-,-,200,160,-,-,1x1,No,No,Yes,,,,,,300,-,-,Harmonious,white,black,-,iconic,,No,No,-,1,1,-,1,-,-,-,,-,-,キムパブ,kimbap coreano,kimbap coreano,plat de gimbap,plat de gimbap,Kimbap-Teller,kimbap coreano,김밥,0782,0415,0756,0756,1253,1251,0721,0551,0168,1.0,800,2C1C,2CC6,int_oth_makizushi,No,,,,,,-
0782,Kinderdijk windmill,Kinderdijk windmill,,,Gulliver,-,Yes,"1,200",-,300,240,-,Model,1x1,No,No,No,,,-,,,1051,-,-,Toy Shop,white,green,-,iconic,,No,No,-,1,1,-,1,-,-,-,,-,-,キンデルダイクのふうしゃ,molino de viento,molino de viento,moulin de Kinderdijk,moulin de Kinderdijk,Windmühlen-Souvenir,mulino a vento,킨더다이크의 풍차,0783,0445,1089,1088,1112,1110,1706,0830,1408,1.0,1200,2DBF,2E69,int_jhn_windmill,Yes,,,,,Kinderdijk windmill,-
0783,king,king (Natural brown),,,Spotlight,-,Yes,"8,000",-,"2,000","1,600",-,-,1x1,No,No,No,,,,,,351,chess,Set,Toy Shop,brown,brown,-,modern,,No,Yes,800,4,3,the piece color,1,-,1,Gold Nugget,,-,-,キングのこま,rey,rey,roi,roi,König,re,킹,0784,0443,1352,1352,1366,1364,0771,1066,1410,1.0,8000,2AAE,2B58,rmk_chs_king,No,,,"black king, white king",-,,-
0784,kitchen corner,kitchen corner,,,Nooklings,B,Yes,"1,800",-,450,360,-,-,1x1,No,No,No,,,,,,151,-,-,Sci-Fi,white,white,-,basic,,No,No,-,1,1,-,1,-,-,-,,-,-,キッチンのコーナー,esquina cocina,esquina cocina,évier de coin,évier de coin,Küchenecke,angolo cucina,부엌 코너 싱크대,0785,0401,0570,0568,0647,0645,0799,0024,0667,1.0,1800,2B75,2C1F,int_oth_sys_kB,No,,,,,,-
0785,kitchen counter,kitchen counter,,,Admiral's RV,-,No,-,-,700,560,-,Table,2x1,No,Yes,No,,,,,,151,-,-,-,gray,gray,-,basic,,No,No,-,1,1,-,1,-,-,-,,-,-,ちゅうぼうのちょうりだい,encimera de cocina,encimera de cocina,plan travail resto,plan travail resto,Küchentheke,bancone cucina,음식점 조리대,0786,0963,0542,0540,1241,1239,0803,0135,1093,1.4,2800,-,2FA3,int_fod_table,No,,,,kitchen counter,kitchen counter,kitchen counter
0786,kitchen dishwasher,kitchen dishwasher,,,Admiral's RV,-,No,-,-,900,720,-,-,2x1,No,No,No,,,,,,151,-,-,-,gray,gray,-,basic,,No,No,-,1,1,-,1,-,-,-,,-,-,ちゅうぼうのしょくせんき,lavavajillas exprés,lavavajillas exprés,lave-vaisselle resto,lave-vaisselle resto,Spülstation,lavastoviglie deluxe,음식점 식기세척기,0787,0962,0843,0843,0941,0939,1448,0651,1092,1.4,3600,-,2FC3,int_fod_dishwasher,No,,,,kitchen dishwasher,kitchen dishwasher,-
0787,kitchen island,kitchen island,,,Souvenir Shop,-,No,-,30,375,300,18,-,2x2,No,Yes,No,,,,,,1200,-,-,-,beige,beige,-,basic,,No,No,-,1,1,-,1,-,-,-,,-,-,アイランドキッチン,isla de cocina,isla de cocina,îlot de cuisine,îlot de cuisine,Kücheninsel,isola da cucina,아일랜드 키친,0788,0058,0724,0725,0833,0831,0800,0543,0947,1.0,1500,2C97,2D41,int_oth_is_kitchen,Yes,,,,kitchen island,kitchen island,kitchen island
0788,kitchen refrigerator,kitchen refrigerator,,,Admiral's RV,-,No,-,-,"1,000",800,-,-,1x1,No,No,No,,,,,,151,-,-,-,gray,gray,-,basic,,No,No,-,1,1,-,1,-,-,-,,-,-,ちゅうぼうのれいぞうこ,heladera industrial,nevera industrial,réfrigérateur resto,réfrigérateur resto,Industriekühlschrank,frigorifero deluxe,음식점 냉장고,0789,0964,0701,1122,1357,1355,0637,0491,1091,1.4,4000,-,2FA4,int_oth_iceD_chestB,No,,,,,kitchen refrigerator,kitchen refrigerator
0789,kitchen scale,kitchen scale,,,Nooklings,C,Yes,"1,200",-,300,240,-,-,1x1,No,No,Yes,,,,,,151,-,-,Sci-Fi,white,green,-,basic,,No,No,-,1,1,-,1,-,-,-,,-,-,はかり,báscula de cocina,báscula de cocina,balance de cuisine,balance de cuisine,Küchenwaage,bilancia da cucina,저울,0790,1180,0170,0167,0093,0093,0805,0168,1156,1.0,1200,2E1C,2EC6,int_oth_weighing,Yes,,,,analog kitchen scale,kitchen scale,-
0790,kitchen sink,kitchen sink,,,Nooklings,A,Yes,"2,400",-,600,480,-,-,2x1,No,No,No,,,,,,151,-,-,Sci-Fi,white,white,-,basic,,No,No,-,1,1,-,1,-,-,-,,-,-,キッチンのシンク,fregadero con mueble,fregadero con mueble,meuble évier,meuble évier,Küchenzeile,lavandino cucina,부엌 싱크대,0791,0402,0658,0659,1073,1072,0806,0644,0666,1.0,2400,2B74,2C1E,int_oth_sys_kA,No,,,,,,kitchen sink
0791,kitchen stove,kitchen stove,,,Admiral's RV,-,No,-,-,900,720,-,-,2x1,No,Yes,No,,,,,,151,-,-,-,gray,gray,-,basic,,No,No,-,1,1,-,1,-,-,-,,-,-,ちゅうぼうのコンロ,cocina industrial,cocina industrial,cuisinière resto,cuisinière resto,Gastro-Herd,cucina da ristorante,음식점 가스레인지,0792,0961,0439,0439,0553,0552,0457,0388,1090,1.4,3600,-,2FE6,int_fod_kitchen,No,,,,kitchen stove,kitchen stove,kitchen stove
0792,kitschy clock,kitschy clock,,,Nooklings,D,Yes,"1,800",-,450,360,-,Clock,1x1,No,No,No,,,,,,151,-,-,-,gray,colorful,-,sporty,,No,No,-,1,1,-,1,-,-,-,,-,-,アメリカンクロック,reloj ornamental,reloj ornamental,horloge kitsch,horloge kitsch,Kitsch-Uhr,orologio kitsch,미국 시계,0793,0104,1324,1324,0805,0803,0739,0880,0528,1.0,1800,2BA8,2C52,int_oth_clockN_usa,No,,,,,,kitschy clock
0793,kiwi stool,kiwi stool (Green),,,Nooklings,A,Yes,"1,500",-,375,300,-,Seat,1x1,No,Yes,No,,,Sit,-,Sit,151,citrus,Set,Rustic,green,brown,-,cute,,No,Yes,150,2,2,the kiwi color,1,-,-,-,,-,-,キウイなスツール,taburete kiwi,taburete kiwi,tabouret kiwi,tabouret kiwi,Kiwihocker,sgabello kiwi,키위 스툴,0794,0392,1564,1563,1592,1592,0740,1317,1406,1.0,1500,2B14,2BBE,rmk_ctr_stool,Yes,,,,-,kiwi stool,kiwi stool
0794,knight,knight (Natural brown),,,Nooklings,C,Yes,"2,800",-,700,560,-,-,1x1,No,No,No,,,,,,151,chess,Set,Toy Shop,brown,brown,-,modern,,No,Yes,280,4,3,the piece color,1,-,1,Gold Nugget,,-,-,ナイトのこま,caballo,caballo,cavalier,cavalier,Springer,cavallo,나이트,0795,1089,0245,0243,0327,0326,1445,0281,0189,1.0,2800,2AAF,2B59,rmk_chs_knight,No,,,"black knight, white knight",-,,-
0795,kokeshi doll,kokeshi doll (Normal wood doll),,,Nooklings,A,Yes,800,-,200,160,-,Doll,1x1,No,No,Yes,,,,,,151,-,-,Harmonious / Toy Shop / Quirky,brown,brown,-,iconic,,No,Yes,80,8,8,the kokeshi-doll face,1,-,-,-,,-,-,こけし,muñeca kokeshi,muñeca kokeshi,poupée kokeshi,poupée kokeshi,Kokeshi-Figur,bambola Kokeshi,일본 목각인형,0796,0582,1116,1115,1318,1316,0766,0120,1120,1.0,800,2E1E,2EC8,rmk_oth_kokeshi,Yes,,,,,kokeshi doll,kokeshi doll
0796,kotatsu,kotatsu (Blue blanket),,,Nooklings,A,Yes,"1,200",-,300,240,-,Table,2x2,No,Yes,No,,,,,,151,-,-,Harmonious,blue,brown,-,historical,,No,Yes,120,7,7,the blanket,1,-,-,-,,-,-,こたつ,kotatsu,kotatsu,kotatsu,kotatsu,Heiztisch,kotatsu,이불탁자,0797,0590,0761,0761,0854,0852,0558,0553,1102,1.0,1200,2BC1,2C6B,rmk_oth_kotatsu,No,,,"blue kotatsu, pink kotatsu",kotatsu,,kotatsu
0797,lab bench,lab bench,,,Nooklings,C,Yes,"4,800",-,"1,200",960,-,Bed,2x1,No,No,No,,,Sleep,-,Sleep,151,mad scientist,Theme,Sci-Fi / Quirky,gray,gray,-,flashy,,No,No,-,1,1,-,1,-,-,-,,-,-,じっけんだい,psicobanco,psicobanco,lit labo,lit labo,Laborliege,panca laboratorio,실험대,0798,0673,1250,1253,0979,0977,0828,0927,0888,1.0,4800,2A97,2B41,int_mad_bedS,No,,,,,,-
0798,lab chair,lab chair,,,Nooklings,B,Yes,"2,200",-,550,440,-,Seat,1x1,No,No,No,,,Sit,-,Sit,151,mad scientist,Theme,Sci-Fi / Quirky,gray,gray,-,flashy,,No,No,-,1,1,-,1,-,-,-,,-,-,じっけんイス,psicosilla,psicosilla,chaise labo,chaise labo,Laborstuhl,sedia laboratorio,실험 의자,0799,0672,1255,1258,0371,0370,0829,1222,0887,1.0,2200,2A98,2B42,int_mad_chairS,No,,,,lab chair,,lab chair
0799,laboratory capsule,laboratory capsule,,,Murphy's RV,-,No,-,-,"1,300","1,040",-,-,2x2,No,No,No,,,,,,151,-,-,Sci-Fi,green,black,-,modern,,No,No,-,1,1,-,1,-,-,-,,-,-,けんきゅうカプセル,cápsula experimental,cápsula experimental,capsule de recherche,capsule de recherche,Forschungskapsel,capsula sperimentale,연구 캡슐,0800,0542,0376,0374,0313,0311,0416,0237,0994,1.4,5200,-,2F1A,int_mad_labocapsule,No,,,,science pod,laboratory capsule,laboratory capsule
0800,Labrador ornament,Labrador ornament,,,Fortune,-,No,-,-,"3,000",-,-,Doll,1x1,No,No,Yes,,,,,,151,-,-,Toy Shop,beige,beige,-,cute,,No,No,-,1,1,-,1,-,-,-,,-,-,ラブラドールのおきもの,figura labrador,figura labrador,statuette labrador,statuette labrador,Labrador-Ornament,statua labrador,래브라도 모형,0801,1625,0642,0642,1462,1462,0831,1402,0354,1.4,12000,-,3093,int_nin_dog_La,No,,,labrador model,,,-
0801,lady palm,lady palm,,,Garden Shop,-,Yes,"1,200",-,300,240,-,Plant,1x1,No,No,No,,,-,-,-,199,house plant,Set,Rustic,green,brown,-,basic,,No,No,-,1,1,-,1,-,-,-,,-,-,シュロチク,palmera bambú,palmera bambú,palmier chanvre,palmier chanvre,Steckenpalme,palma nana,관음죽,0802,0706,1157,1158,1152,1150,1462,0917,0122,1.0,1200,2B31,2BDB,int_plt_rattan,No,,,,,,lady palm
0802,ladybug chair,ladybug chair,,,Nat,-,No,-,-,450,360,-,Seat,1x1,No,No,No,,,Sit,-,Sit,651,insect,Set,Toy Shop,red,black,-,cute,,No,No,-,1,1,-,1,-,-,-,,-,-,テントウムシのイス,taburete catarina,taburete mariquita,siège coccinelle,siège coccinelle,Marienkäferschemel,sgabello coccinella,무당벌레 의자,0803,1032,1559,1565,1416,1415,0898,1308,0503,1.0,1800,2CDE,2D88,int_isc_stool,Yes,,,,,ladybug chair,-
0803,lantern,lantern,,,Nooklings,A,Yes,"1,180",-,295,236,-,Light,1x1,No,No,Yes,,,Toggle,Light,Press,151,-,-,-,red,white,-,sporty,,No,No,-,1,1,-,1,-,-,-,,-,-,ランタン,farol,farol,lanterne,lanterne,Laterne,lanterna,랜턴,0804,1637,0618,0616,0928,0926,0842,0620,0355,1.0,1180,2B6D,2C17,int_tnt_lamp,No,,,,lantern,,lantern
0804,laptop,laptop (White),,,Nooklings,D,Yes,"2,000",-,500,400,-,-,1x1,No,No,Yes,,,,,,151,-,-,Trendy / Sci-Fi,white,white,-,modern,,No,Yes,200,2,2,the laptop color,1,-,-,-,,-,-,ノートパソコン,ordenador portátil,ordenador portátil,ordinateur portable,ordinateur portable,Notebook,laptop,노트북,0805,1120,1143,1144,1139,1137,1022,0629,0229,1.0,2000,2CAC,2D56,rmk_oth_laptop,Yes,,,,laptop,laptop,laptop
0805,large alpine table,large alpine table (Natural - Nature),,,Nooklings,D,Yes,"2,400",-,600,480,-,Table,2x2,No,Yes,No,,,,,,151,alpine,Series,Rustic,brown,gray,-,iconic,,No,Yes,240,24,3,the wood-grain color,8,the fabric,-,-,,-,-,スカンジナビアテーブルL,mesa nórdica,mesa nórdica,table ronde nordique,table ronde nordique,Nord-Esstisch,tavolo nordico,스칸디나비아 테이블 L,0806,0764,1008,1008,1563,1563,1008,1536,0822,1.0,2400,2D42,2DEC,rmk_scd_tableL,Yes,,,,,large alpine table,-
0806,large bookshelf,large bookshelf,,,Nooklings,A,Yes,"2,400",-,600,480,-,-,2x1,No,No,No,,,,,,151,-,-,-,brown,brown,-,basic,,No,No,-,1,1,-,1,-,-,-,,-,-,りょうめんのほんだな,librería grande,librería grande,bibliothèque massive,bibliothèque massive,Doppel-Bücherregal,libreria grande,양면 책장,0807,1657,0857,0855,0144,0143,0282,0718,0970,1.0,2400,2C3E,2CE8,int_oth_bookshelf_L,Yes,,,,,large bookshelf,large bookshelf
0807,large magazine rack,large magazine rack,,,Nooklings,D,Yes,"2,200",-,550,440,-,-,2x1,No,No,No,,,,,,151,-,-,Trendy,brown,colorful,-,basic,,No,No,-,1,1,-,1,-,-,-,,-,-,マガジンラックL,revistero grande,revistero grande,porte-revues XXL,porte-revues XXL,Zeitschriftenregal,portariviste grande,잡지 꽂이 L,0808,1462,1350,1350,1292,1290,1729,1034,1143,1.0,2200,2C72,2D1C,int_oth_magazinerackL,Yes,,,,large magazine rack,large magazine rack,large magazine rack
0808,large space console,large space console,,,Spotlight,-,Yes,"3,200",-,800,640,-,-,2x1,No,No,No,,,,,,351,sci-fi,Theme,Sci-Fi / Toy Shop,gray,aqua,-,modern,,No,No,-,1,1,-,1,-,-,-,,-,-,おおきいけいき,gran cuadro mandos,gran cuadro mandos,ordinateur de bord,ordinateur de bord,Kontrollkonsole,quadro comandi maxi,커다란 계기판,0809,0209,0687,0689,1138,1136,0774,1054,1314,1.0,3200,2DAA,2E54,int_sff_meterM,Yes,,,,,large space console,large space console
0809,large tea table,large tea table,,,Campground Shop,-,No,-,-,700,560,-,Table,2x2,No,Yes,No,,,,,,151,-,-,Harmonious / Antique,brown,brown,-,historical,,No,No,-,1,1,-,1,-,-,-,,-,-,おおきなちゃぶだい,mesa de té redonda,mesa de té redonda,grande table à thé,grande table à thé,Teetisch,tavolo basso da tè,크고 낮은 밥상,0810,0212,0975,0974,0736,0734,1541,1485,1372,1.4,2800,-,3014,int_jpn_tableL,No,,,,tea table,large tea table,large tea table
0810,lat pulldown machine,lat pulldown machine,,,Nooklings,C,Yes,"2,380",-,595,476,-,Seat,1x1,No,No,No,,,Sit,-,Sit,151,-,-,Sci-Fi,gray,gray,-,sporty,,No,No,-,1,1,-,1,-,-,-,,-,-,ラットプルダウン,máquina espalda,máquina espalda,station poulie haute,station poulie haute,Latzuggerät,macchina bicipiti,어깨 운동 기구,0811,1622,0916,0913,1449,1449,0843,0734,0975,1.0,2380,2CF0,2D9A,int_fns_lat,Yes,,,,,lat pulldown machine,lat pulldown machine
0811,lava lamp,lava lamp (Red),,,Nooklings,A,Yes,"1,800",-,450,360,-,Light,1x1,No,No,No,,,Toggle,Light,Press,151,-,-,Trendy / Sci-Fi / Toy Shop,aqua,aqua,-,modern,,No,Yes,180,6,6,the light color,1,-,-,-,,-,-,ラバランプ,lámpara de lava,lámpara de lava,lampe à lave,lampe à lave,Lavalampe,lava lamp,라바램프,0812,1623,0777,0777,0867,0865,0850,0634,0351,1.0,1800,2AEE,2B98,rmk_oth_lavalamp,No,,,"blue lava lamp, purple lava lamp, green lava lamp",rocket lamp,,lava lamp
0812,lawn chair,lawn chair (Blue),,,Nooklings,C,Yes,"1,180",-,295,236,-,Seat,1x1,No,No,No,,,Sit,-,Sit,151,mossy garden,Theme,-,aqua,gray,-,cute,,No,Yes,118,3,3,the vinyl color,1,-,-,-,,-,-,ビニールチェア,silla jardín,silla jardín,chaise de jardin,chaise de jardin,Gartenstuhl,sedia giardino,비닐 체어,0813,1306,1448,1448,0352,0351,0451,1217,0692,1.0,1180,2A87,2B31,rmk_gdn_chairS,No,,,,lawn chair,,lawn chair
0813,lawn mower,lawn mower,,,Nooklings,C,Yes,"2,760",-,690,552,-,-,1x1,No,No,No,,,,,,151,mossy garden,Theme,-,red,red,-,iconic,,No,No,-,1,1,-,1,-,-,-,,-,-,しばかりき,cortacésped,cortacésped,tondeuse à gazon,tondeuse à gazon,Rasenmäher,tagliaerba,잔디 깎기,0814,0682,0516,0514,1652,1652,1183,1433,1140,1.0,2760,2A88,2B32,int_gdn_lawnmower,No,,,,lawn mower,,lawn mower
0814,lazy-Susan table,lazy-Susan table,,,Nooklings,B,Yes,"2,400",-,600,480,-,-,2x2,No,No,No,,,,,,151,-,-,Harmonious,red,red,-,iconic,,No,No,-,1,1,-,1,-,-,-,,-,-,ちゅうかテーブル,mesa giratoria,mesa giratoria,table plat. tournant,table plat. tournant,Asia-Restauranttisch,tavolo cinese,중화요리 테이블,0815,0956,0990,0990,1554,1554,0059,1493,1213,1.0,2400,2CA5,2D4F,int_oth_turntable,Yes,,,,imperial dining table,lazy-Susan table,lazy-Susan table
0815,leaf bed,leaf bed,,,DLC,-,Yes,"4,200",-,"1,050",840,-,Bed,2x1,No,No,No,,,Sleep,-,Sleep,300,-,-,Rustic,green,green,-,cute,,No,No,-,1,1,-,1,-,-,-,,-,-,はっぱベッド,cama hoja,cama hoja,lit feuille,lit feuille,Blattbett,letto foglia,나뭇잎 침대,0816,1209,0322,0320,0972,0970,0147,0680,0186,1.0,4200,2E13,2EBD,int_mon_05,Yes,,,,,leaf bed,leaf bed
0816,lectern with mic,lectern with mic (White),,,Campground Shop,-,No,-,-,400,320,-,-,1x1,No,No,No,,,,,,151,-,-,-,white,white,-,official,,No,Yes,160,3,3,the body color,1,-,-,-,,-,-,しかいしゃだい,atril de conferencia,atril de conferencia,pupitre microphone,pupitre microphone,Rednerpult,podio con microfono,사회자 단상,0817,0648,0110,0110,1332,1330,1195,0999,0730,1.4,1600,-,2F6E,rmk_oth_mctable,No,,,,,lectern with mic,-
0817,lecture-hall bench,lecture-hall bench (Wood-grain),,,Leopold's RV,-,No,-,-,800,640,-,Seat,2x1,No,No,No,,,Sit,-,Sit,151,-,-,-,brown,brown,-,official,,No,Yes,320,2,2,the body color,1,-,-,-,,-,-,こうぎしつのイス,silla doble de aula,silla doble de aula,double siège d'amphi,double siège d'amphi,Schulbank,coppia sedie aula,강의실 의자,0818,0552,1428,1428,0576,0575,1366,0374,0075,1.4,3200,-,2F51,rmk_sch_collagechair,Yes,,,,lecture-hall bench,,-
0818,lecture-hall desk,lecture-hall desk (Wood-grain),,,Leopold's RV,-,No,-,-,800,640,-,Table,2x1,No,Yes,No,,,,,,151,-,-,-,brown,brown,-,official,,No,Yes,320,2,2,the body color,1,-,-,-,,-,-,こうぎしつのつくえ,pupitre,pupitre,table d'amphi,table d'amphi,Klassenraumtisch,banco aula,강의실 책상,0819,0553,1261,1264,1505,1505,0742,0126,0076,1.4,3200,-,2F52,rmk_sch_collagetable,No,,,,lecture-hall desk,lecture-hall desk,-
0819,LED display,LED display (Star),,,Nooklings,-,Yes,"3,000",-,750,600,-,-,2x1,Yes,No,No,,,,,,151,-,-,Toy Shop,-,yellow,-,flashy,,No,Yes,300,3,1,-,3,the screen,-,-,,-,-,かべのでんこうけいじばん,panel LED,panel LED,affichage LED,affichage LED,LED-Wandanzeige,schermo LED,벽걸이 전광판,0820,0353,1160,1163,0004,0004,0856,1151,0627,1.0,3000,2C2E,2CD8,rmk_oth_elebbs_wall,Yes,,,,wall-mounted LED display,LED display,-
0820,left platform,left platform,,,Nooklings,B,Yes,"1,600",-,400,320,-,-,2x1,No,No,No,,,,,,151,classroom,Set,Sci-Fi,green,brown,-,official,,No,No,-,1,1,-,1,-,-,-,,-,-,きょうだんのひだり,tarima izquierda,tarima izquierda,grand tableau gauche,grand tableau gauche,Tafelhälfte (links),lavagna sinistra,왼쪽 교단,0821,0434,1590,1590,0735,0733,1524,0641,1042,1.0,1600,2AB3,2B5D,int_sch_platformL,No,,,,left chalkboard section,,-
0821,left Splatfest sign,left Splatfest sign (Red - Team Fox),,,Cece's RV,-,No,-,-,"3,000",-,-,-,2x1,No,No,No,,,,,,300,-,-,Toy Shop,brown,yellow,-,rock 'n' roll,,No,Yes,1200,24,8,the ink color,3,Team,-,-,,-,-,フェスかんばんひだり,cartel izq. Splatoon,panel izq. Splatoon,panneau festival (G),panneau festival (G),Splatfest-Schild (l),targa festival sin.,페스트 간판 왼쪽,0822,1341,0396,1162,1172,1170,1443,1451,1521,1.4,12000,-,304A,rmk_spl_fesL,Yes,,,,,,-
0822,lefty desk,lefty desk (Blue),,,Nooklings,A,Yes,"1,240",-,310,248,-,Seat,1x1,No,No,No,,,Sit,-,Sit,151,classroom,Set,-,blue,brown,-,basic,,No,Yes,124,4,4,the chair color,1,-,-,-,,-,-,ひだりききデスク,silla zurdos,silla zurdos,tablette gauche,tablette gauche,Pult (links),sedia banco mancini,왼손잡이 책상,0823,1297,1480,1479,1581,1581,1156,1184,1041,1.0,1240,2BB1,2C5B,rmk_scx_chairS_l,No,,,,,,-
0823,lefty lucky cat,lefty lucky cat,,,Nooklings,C,Yes,"1,700",-,425,340,-,Doll,1x1,No,No,Yes,,,,,,151,lucky cat,Set,Harmonious,white,yellow,-,iconic,,No,No,-,1,1,-,1,-,-,-,,-,-,ひだりてまねきねこ,gato suerte zurdo,gato suerte zurdo,chat fétiche gaucher,chat fétiche gaucher,Linkshänderkatze,gatto fort. mancino,왼손 복고양이,0824,1298,0676,0678,0418,0417,0864,0504,1040,1.0,1700,2B0E,2BB8,int_cat_whiteL,No,,,,lucky cat,,-
0824,lemon table,lemon table,,,Nooklings,B,Yes,"1,500",-,375,300,-,Table,1x1,No,Yes,No,,,,,,151,citrus,Set,Rustic,yellow,green,-,cute,,No,No,-,1,1,-,1,-,-,-,,-,-,レモンのテーブル,mesa limón,mesa limón,table citron,table citron,Zitronentisch,tavolo limone,레몬 테이블,0825,1683,1000,1000,1503,1503,1739,1528,0385,1.0,1500,2B12,2BBC,int_ctr_r_tableS,No,,,,-,,lemon table
0825,Leo sculpture,Leo sculpture,,,DLC,-,Yes,"4,800",-,"1,200",960,-,-,1x1,Yes,No,No,,,,,,300,-,-,Quirky,gray,gray,-,cute,,No,No,-,1,1,-,1,-,-,-,,-,-,レオのちょうこく,escultura Leo,escultura Leo,sculpture Lion,sculpture Lion,Löwe-Wandschmuck,scultura Leone,사자자리 조각,0826,1668,0559,0557,1394,1392,0869,1172,0727,1.0,4800,2E07,2EB1,int_sgn_Leo,Yes,,,,Leo sculpture,Leo sculpture,-
0826,letter set,letter set,,,Post Office,-,No,-,-,300,-,-,-,1x1,No,No,Yes,,,,,,499,-,-,-,-,-,-,basic,,No,No,-,1,1,-,1,-,-,-,,-,-,おてがみセット,conjunto de cartas,conjunto de cartas,set correspondance,set correspondance,Briefset,set corrispondenza,편지 세트,0827,0242,0502,0500,1409,1407,0184,1282,1530,1.0,1200,2C36,2CE0,int_oth_letter,Yes,,,,,letter set,-
0827,Libra scale,Libra scale,,,DLC,-,Yes,"4,800",-,"1,200",960,-,-,1x1,No,No,Yes,,,,,,300,-,-,-,brown,brown,-,cute,,No,No,-,1,1,-,1,-,-,-,,-,-,リブラのてんびん,báscula Libra,báscula Libra,Balance à plateaux,Balance à plateaux,Waage-Modell,bascula Bilancia,천칭자리 저울,0828,1656,0171,0168,0092,0092,1629,0150,1236,1.0,4800,2E09,2EB3,int_sgn_Libra,Yes,,,,Libra scale,Libra scale,-
0828,life preserver,life preserver (Blue),,,Souvenir Shop,-,No,-,25,312,249,15,-,1x1,Yes,No,No,,,,,,451,-,-,-,white,aqua,-,sporty,,No,Yes,125,5,5,the life-ring design,1,-,-,-,,-,-,かべかけのうきわ,flotador salvavidas,flotador salvavidas,bouée,bouée,Deko-Rettungsring,salvagente a strisce,벽걸이 튜브,0829,0348,0649,0650,0193,0191,0257,1110,0628,1.0,1250,2CCC,2D76,rmk_oth_lifebelt_wall,Yes,,,,,life preserver,-
0829,life ring,life ring (Red),,,Souvenir Shop,-,No,-,20,250,200,12,-,1x1,No,No,No,,,,,,451,-,-,-,red,white,-,sporty,,No,Yes,100,5,5,the life-ring design,1,-,-,-,,-,-,うきわ,salvavidas,salvavidas,bouée de sauvetage,bouée de sauvetage,Rettungsring,salvagente,튜브,0830,0148,1381,1380,0194,0192,1217,1109,1460,1.0,1000,2B89,2C33,rmk_oth_lifebelt,No,,,,life ring,,-
0830,lift chair,lift chair,,,Snowman,-,No,-,-,"1,200",-,-,Seat,2x1,No,No,No,,,Sit,-,Sit,88,-,-,-,gray,gray,-,sporty,,No,No,-,1,1,-,1,-,-,-,,-,-,ゲレンデのリフト,telesilla,telesilla,télésiège,télésiège,Skilift,sciovia,스키장 리프트,0831,0536,1634,1633,1641,1641,1401,1153,0830,1.0,4800,2DB8,2E62,int_oth_skilift,Yes,,,,,lift chair,lift chair
0831,light breakfast,light breakfast,,,Cyrus's RV,-,No,-,-,300,-,-,-,1x1,No,No,Yes,,,,,,151,-,-,-,brown,colorful,-,basic,,No,No,-,1,1,-,1,-,-,-,,-,-,モーニングセットA,desayuno ligero,desayuno ligero,petit déjeuner léger,petit déjeuner léger,Frühstücksplatte,colazione leggera,모닝 세트 A,0832,1561,0533,0530,1207,1205,0424,0311,0481,1.4,1200,-,2F01,int_oth_breakfastA,No,,,,,light breakfast,-
0832,lily lamp,lily lamp,,,Leif,-,No,-,-,700,-,-,Light,1x1,No,No,No,,,Toggle,Light,Press,751,-,-,Antique / Fairy Tale,yellow,white,-,cute,,No,No,-,1,1,-,1,-,-,-,,-,-,すずランプ,lámpara lirio,lámpara lirio,lampe muguet,lampe muguet,Glöckchenlampe,lampada mughetto,은방울꽃 램프,0833,0784,0794,0794,0896,0894,0491,0601,1085,1.0,2800,2C5E,2D08,int_oth_lilylamp,Yes,,,,,lily lamp,lily lamp
0833,lily record player,lily record player (White),,,Leif,-,No,-,-,620,-,-,Music Player,1x1,No,No,No,,,Music player,,Music,1251,-,-,Rustic / Fairy Tale,white,white,-,cute,,No,Yes,248,3,3,the flower color,1,-,-,-,,-,-,ユリのレコードプレーヤー,gramófono lirio,gramófono lirio,phonographe lys,phonographe lys,Liliengrammofon,giradischi giglio,백합 레코드플레이어,0834,1599,0685,0687,1214,1212,0862,0519,0593,1.0,2480,2DEA,2E94,rmk_flo_audioS,Yes,,,,lily record player,lily record player,-
0834,lily-pad table,lily-pad table,,,Nooklings,D,Yes,"1,600",-,400,320,-,Table,1x1,No,Yes,No,,,,,,151,frog,Set,Rustic,green,green,-,cute,,No,No,-,1,1,-,1,-,-,-,,-,-,ハスのテーブル,mesa nenúfar,mesa nenúfar,table nénuphar,table nénuphar,Seerosentisch,tavolo ninfea,연꽃 테이블,0835,1196,1006,1006,1547,1547,1382,1535,1001,1.0,1600,2B1B,2BC5,int_flg_tableS,No,,,,lily-pad table,,-
0835,locker stack,locker stack (White),,,Louie's RV,-,No,-,-,400,320,-,Closet,1x1,No,No,No,,,Storage,Press,Press,151,-,-,-,white,white,-,basic,,No,Yes,160,8,8,the color,1,-,-,-,,-,-,よにんようロッカー,taquilla seguridad,taquilla seguridad,armoire 4 casiers,armoire 4 casiers,4er-Spind,armadietto 4 ante,4인용 캐비닛,0836,1615,1587,1587,0023,0023,0015,0044,0013,1.4,1600,-,2FCD,rmk_sch_locker_long,No,,,,,locker stack,locker stack
0836,Lon Lon milk,Lon Lon milk,,,Epona's RV,-,No,-,-,"3,000",-,-,-,1x1,No,No,Yes,,,,,,300,-,-,Toy Shop,white,aqua,-,iconic,,No,No,-,1,1,-,1,-,-,-,,-,-,ロンロンぎゅうにゅう,leche Lon Lon,leche Lon Lon,lait Lon Lon,lait Lon Lon,Lon Lon-Milch,latte Lon Lon,론론 우유,0837,1735,0844,0844,0855,0853,0865,0633,0410,1.4,12000,-,3088,int_zld_milk,Yes,,,,,,-
0837,loom,loom (Pink plaid),,,Nooklings,A,Yes,"3,000",-,750,600,-,-,1x1,No,No,No,,,,,,151,-,-,-,brown,pink,-,iconic,,No,Yes,300,3,1,-,3,the textile fabric,-,-,,-,-,はたおりき,telar,telar,métier à tisser,métier à tisser,Webstuhl,telaio,베틀,0838,1199,1604,1603,1068,1067,1666,1569,0612,1.0,3000,2CA4,2D4E,rmk_oth_loom,Yes,,,,loom,loom,loom
0838,lotus lamp,lotus lamp (Pink),,,Nooklings,D,Yes,"1,600",-,400,320,-,Light,1x1,No,No,Yes,,,Toggle,Light,Press,151,-,-,Harmonious / Rustic,pink,pink,-,cute,,No,Yes,160,4,4,the flower color,1,-,-,-,,-,-,ロータスランプ,lámpara nenúfar,lámpara nenúfar,lampe nénuphar,lampe nénuphar,Lotuslampe,lampada fior di loto,연꽃 램프,0839,1697,0803,0803,0904,0902,0866,0588,0999,1.0,1600,2C76,2D20,rmk_oth_lotuslamp,Yes,,,,,lotus lamp,-
0839,lotus pond,lotus pond,,,DLC,-,No,-,-,"3,000",-,-,-,3x3,No,No,No,,,,,,151,-,-,Harmonious / Rustic / Toy Shop,gray,green,-,basic,,No,No,-,1,1,-,1,-,-,-,"Scheduled to be distributed in North America between 04/01/17 - 04/30/17, but was reportedly never released outside of Japan",-,-,はすのいけ,estanque japonés,estanque japonés,étang aux nénuphars,étang aux nénuphars,Lotusteich,vecchio stagno,연꽃 연못,0840,1195,0576,0574,0642,0639,0867,1711,1000,1.4,12000,-,3098,int_jpn_pond,Yes,,,,,,lotus pond
0840,love tester,love tester,,,Pow ticket,-,No,-,-,256,204,-,-,1x1,No,No,Yes,,,,,,1051,-,-,Sci-Fi / Toy Shop,white,red,-,modern,,No,No,-,1,1,-,1,-,-,-,,-,-,ラブテスター,Love Tester,Love Tester,Love Tester,Love Tester,Love Tester,Love Tester,러브 테스터,0841,1624,0872,0868,1014,1012,0868,0729,0357,1.0,1024,2DD5,2E7F,int_oth_lovetester,Yes,,,,,love tester,-
0841,lovely armoire,lovely armoire (Lovely pink),,,Nooklings,B,Yes,"2,240",-,560,448,-,Closet,1x1,No,No,No,,,Storage,Press,Press,151,lovely,Series,Fairy Tale,pink,pink,-,cute,,No,Yes,224,4,3,the body color,1,-,1,Ruby,,-,-,ラブリークロゼット,armario corazón,armario corazón,armoire cœur,armoire cœur,Herzchenschrank,armadio cuori,러블리 옷장,0842,1628,0059,0059,0037,0037,0586,0057,0363,1.0,2240,29A5,2A4F,rmk_lov_chestC,No,,,,,,lovely armoire
0842,lovely bed,lovely bed (Lovely pink - Lovely pink),,,Nooklings,B,Yes,"2,000",-,500,400,-,Bed,2x2,No,No,No,,,Sleep,-,Sleep,151,lovely,Series,Fairy Tale,pink,pink,-,cute,,No,Yes,200,12,3,the frame,3,the bedding,1,Ruby,,-,-,ラブリーベッド,cama corazón,cama corazón,lit cœur,lit cœur,Herzchenbett,letto cuori,러블리 침대,0843,1635,0310,0308,0965,0963,0582,0672,0365,1.0,2000,29A3,2A4D,rmk_lov_bedW,No,,,,,,lovely bed
0843,lovely chair,lovely chair (Lovely pink),,,Nooklings,B,Yes,"1,600",-,400,320,-,Seat,1x1,No,No,No,,,Sit,-,Sit,151,lovely,Series,Fairy Tale,pink,pink,-,cute,,No,Yes,160,4,3,the body color,1,-,1,Ruby,,-,-,ラブリーチェア,silla corazón,silla corazón,chaise cœur,chaise cœur,Herzchenstuhl,sedia cuori,러블리 체어,0844,1632,1411,1410,0350,0349,0590,1197,0364,1.0,1600,29A6,2A50,rmk_lov_chairS,No,,,,,,lovely chair
0844,lovely doll,lovely doll,,,Nooklings,D,Yes,"2,400",-,600,480,-,Doll,1x1,No,No,Yes,,,,,,151,-,-,Harmonious / Fairy Tale / Quirky,yellow,colorful,-,iconic,,No,No,-,1,1,-,1,-,-,-,,-,-,にほんにんぎょう,muñeca japonesa,muñeca japonesa,poupée japonaise,poupée japonaise,Fernost-Puppe,bambola giapponese,일본 인형,0845,1108,1115,1114,1317,1315,0373,0118,1121,1.0,2400,2C4A,2CF4,int_oth_doll_jpn,Yes,,,,,lovely doll,-
0845,lovely dresser,lovely dresser (Lovely pink),,,Nooklings,B,Yes,"2,160",-,540,432,-,Dresser,2x1,No,Yes,No,,,Storage,Press,Press,151,lovely,Series,Fairy Tale,pink,pink,-,cute,,No,Yes,216,4,3,the body color,1,-,1,Ruby,,-,-,ラブリータンス,cómoda corazón,cómoda corazón,commode cœur,commode cœur,Herzchenkommode,comò cuori,러블리 서랍장,0846,1631,0465,0463,0482,0481,0583,0324,0360,1.0,2160,29A4,2A4E,rmk_lov_chestA,No,,,,,,-
0846,lovely end table,lovely end table (Lovely pink - Lovely pink),,,Nooklings,B,Yes,"1,800",-,450,360,-,Table,1x1,No,Yes,No,,,,,,151,lovely,Series,Fairy Tale,pink,pink,-,cute,,No,Yes,180,12,3,the body color,3,the tablecloth,1,Ruby,,-,-,ラブリーテーブル,mesita corazón,mesita corazón,guéridon cœur,guéridon cœur,Herzchentisch,tavolino cuori,러블리 테이블,0847,1633,1041,1040,0744,0742,0592,1460,0367,1.0,1800,29A8,2A52,rmk_lov_tableS,No,,,,,,lovely end table
0847,lovely kitchen,lovely kitchen (Lovely pink),,,Nooklings,B,Yes,"2,280",-,570,456,-,-,2x1,No,No,No,,,,,,151,lovely,Series,Fairy Tale,pink,pink,-,cute,,No,Yes,228,4,3,the body color,1,-,1,Ruby,,-,-,ラブリーキッチン,cocina corazón,cocina corazón,cuisine cœur,cuisine cœur,Herzchenküche,fornello cuori,러블리 키친,0848,1627,0436,0436,0551,0550,0584,0475,0366,1.0,2280,29AB,2A55,rmk_lov_kitchen,No,,,,,,lovely kitchen
0848,lovely lamp,lovely lamp (Lovely pink - Lovely pink),,,Nooklings,B,Yes,"1,600",-,400,320,-,Light,1x1,No,No,No,,,Toggle,Light,Press,151,lovely,Series,Fairy Tale,pink,pink,-,cute,,No,Yes,160,12,3,the body color,3,the lamp shade,1,Ruby,,-,-,ラブリースタンド,lámpara corazón,lámpara corazón,lampe cœur,lampe cœur,Herzchenlampe,lampada cuori,러블리 스탠드,0849,1629,0773,0773,0879,0877,0585,0581,0362,1.0,1600,29AC,2A56,rmk_lov_lamp,No,,,,,,lovely lamp
0849,lovely love seat,lovely love seat (Lovely pink - Lovely pink),,,Nooklings,B,Yes,"2,000",-,500,400,-,Seat,2x1,No,No,No,,,Sit,-,Sit,151,lovely,Series,Fairy Tale,pink,pink,-,cute,,No,Yes,200,12,3,the body color,3,the set of cushions,1,Ruby,,-,-,ラブリーソファ,sofá corazón,sofá corazón,canapé cœur,canapé cœur,Herzchensofa,sofà cuori,러블리 소파,0850,1630,1497,1497,0285,0283,0587,1342,0361,1.0,2000,29A7,2A51,rmk_lov_chairL,No,,,,,,lovely love seat
0850,lovely phone,lovely phone,,,Flash ticket,-,No,-,-,"2,600",-,-,-,1x1,No,No,No,,,,,,1051,-,-,Fairy Tale,pink,pink,-,cute,,No,No,-,1,1,-,1,-,-,-,,-,-,うらないテレフォン,teléfono corazón,teléfono corazón,téléphone cœur,téléphone cœur,Herzchentelefon,telefono cuori,운세 전화기,0851,0164,1629,1628,1634,1634,0591,1573,1060,1.0,10400,2BF7,2CA1,int_oth_otome,No,,,,,,-
0851,lovely table,lovely table (Lovely pink - Lovely pink),,,Nooklings,B,Yes,"1,800",-,450,360,-,Table,2x1,No,Yes,No,,,,,,151,lovely,Series,Fairy Tale,pink,pink,-,cute,,No,Yes,180,12,3,the body color,3,the tablecloth,1,Ruby,,-,-,ラブリーローテーブル,mesa baja corazón,mesa baja corazón,table basse cœur,table basse cœur,Herzchensofatisch,tavolo cuori,러블리 낮은 테이블,0852,1636,0943,0942,1484,1484,0588,1499,0358,1.0,1800,29A9,2A53,rmk_lov_tableM,No,,,,,,lovely table
0852,lovely vanity,lovely vanity (Lovely pink),,,Nooklings,B,Yes,"2,200",-,550,440,-,-,1x1,No,No,No,,,,,,151,lovely,Series,Fairy Tale,pink,pink,-,cute,,No,Yes,220,4,3,the body color,1,-,1,Ruby,,-,-,ラブリードレッサー,tocador corazón,tocador corazón,coiffeuse cœur,coiffeuse cœur,Herzchenspiegel,toletta cuori,러블리 화장대,0853,1634,1656,1654,0449,0448,0589,1594,0368,1.0,2200,29AA,2A54,rmk_lov_dresser,No,,,,,,lovely vanity
0853,lovely wall clock,lovely wall clock (Lovely pink),,,Nooklings,-,Yes,"1,960",-,490,392,-,Clock,2x1,Yes,No,No,,,,,,151,lovely,Series,Fairy Tale,pink,pink,-,cute,,No,Yes,196,4,3,the body color,1,-,1,Ruby,,-,-,ラブリーウォールクロック,reloj pared corazón,reloj pared corazón,horloge mur cœur,horloge mur cœur,Herzchenwanduhr,orologio muro cuori,러블리 벽시계,0854,1626,1327,1327,0810,0808,0593,0885,0359,1.0,1960,29AD,2A57,rmk_lov_clockD,Yes,,,,,lovely wall clock,-
0854,low screen,low screen,,,Nooklings,C,Yes,"1,480",-,370,296,-,-,1x1,No,No,No,,,,,,151,zen,Set,Harmonious,brown,beige,-,historical,,No,No,-,1,1,-,1,-,-,-,,-,-,ひくいついたて,cubrechimeneas,cubrechimeneas,panneau bas,panneau bas,Sichtschutz,separé basso,낮은 파티션,0855,1287,0524,0523,1162,1160,1394,1264,0205,1.0,1480,2AF8,2BA2,int_oth_low_screen,No,,,,low screen,,low screen
0855,lucky black cat,lucky black cat,,,Nooklings,D,Yes,"1,700",-,425,340,-,Doll,1x1,No,No,Yes,,,,,,151,lucky cat,Set,Harmonious,black,black,-,iconic,,No,No,-,1,1,-,1,-,-,-,,-,-,くろいまねきねこ,gato suerte negro,gato suerte negro,chat fétiche noir,chat fétiche noir,Schwarz-Glückskatze,gatto fortuna nero,검은 복고양이,0856,0518,0674,0676,0419,0418,1373,0506,0085,1.0,1700,2B0F,2BB9,int_cat_black,No,,,,lucky cat,,lucky black cat
0856,lucky cat,lucky cat,,,Nooklings,A,Yes,"1,700",-,425,340,-,Doll,1x1,No,No,Yes,,,,,,151,lucky cat,Set,Harmonious,white,yellow,-,iconic,,No,No,-,1,1,-,1,-,-,-,,-,-,まねきねこ,gato suerte,gato suerte,chat fétiche,chat fétiche,Glückskatze,gatto fortuna,복고양이,0857,1480,0673,0675,0416,0415,0493,0505,0643,1.0,1700,2B0D,2BB7,int_cat_whiteR,No,,,,lucky cat,,lucky cat
0857,lucky doll,lucky doll,,,Billy's RV,-,No,-,-,300,240,-,Doll,1x1,No,No,Yes,,,,,,151,-,-,Harmonious / Antique / Toy Shop,colorful,colorful,-,historical,,No,No,-,1,1,-,1,-,-,-,,-,-,ふくすけにんぎょう,muñeco japonés,muñeco japonés,poupée porte-bonheur,poupée porte-bonheur,Fukusuke,bambolina giapponese,행운 인형,0858,1348,1120,1119,1319,1317,0431,0124,1659,1.4,1200,-,2EF8,int_jpn_fukusuke,No,,,,,lucky doll,lucky doll
0858,lucky frog,lucky frog,,,Nooklings,B,Yes,"1,350",-,337,269,-,-,1x1,No,No,Yes,,,,,,151,zen,Set,Harmonious,brown,white,-,iconic,,No,No,-,1,1,-,1,-,-,-,,-,-,ぶじかえる,rana de la suerte,rana de la suerte,rainette fétiche,rainette fétiche,Glücksfroschset,rana della fortuna,행운의 개구리,0859,1350,1274,1277,1339,1337,0492,1065,1661,1.0,1350,2AFA,2BA4,int_oth_frog,No,,,,,,lucky frog
0859,lucky gold cat,lucky gold cat,,,Nooklings,B,Yes,"6,200",-,"1,550","1,240",-,Doll,1x1,No,No,Yes,,,,,,151,lucky cat,Set,Harmonious,yellow,yellow,-,iconic,,No,No,-,1,1,-,1,-,-,-,,-,-,きんのまねきねこ,gato suerte oro,gato suerte oro,chat fétiche doré,chat fétiche doré,Gold-Glückskatze,gatto fortuna oro,금색 복고양이,0860,0451,0675,0677,0417,0416,0501,0507,0159,1.0,6200,2B10,2BBA,int_cat_gold,No,,,,lucky gold cat,,lucky gold cat
0860,lunar lander,lunar lander,,,Nooklings,A,Yes,"3,200",-,800,640,-,-,2x2,No,No,No,,,,,,151,space,Theme,Sci-Fi / Toy Shop,gray,yellow,-,flashy,,No,No,-,1,1,-,1,-,-,-,,-,-,ちゃくりくせん,módulo lunar,módulo lunar,module lunaire,module lunaire,Landefähre,sonda lunare,달착륙선,0861,0952,1084,1083,1105,1103,0839,1373,0275,1.0,3200,2A5F,2B09,int_uvs_module,No,,,,lunar lander,,-
0861,lunar rover,lunar rover,,,Nooklings,B,Yes,"2,560",-,640,512,-,-,2x1,No,No,No,,,,,,151,space,Theme,Sci-Fi / Toy Shop,gray,gray,-,flashy,,No,No,-,1,1,-,1,-,-,-,,-,-,げつめんいどうしゃ,explorador lunar,explorador lunar,véhicule lunaire,véhicule lunaire,Mondfahrzeug,rover lunare,월면이동차,0862,0534,0608,0606,1702,1702,0955,1093,1066,1.0,2560,2A61,2B0B,int_uvs_rover,No,,,,lunar rover,,lunar rover
0862,lunch box,lunch box (K.K. Slider),,,Rex's RV,-,No,-,-,400,320,-,-,1x1,No,No,Yes,,,,,,151,-,-,-,yellow,green,-,basic,,No,Yes,160,4,4,the menu,1,-,-,-,,-,-,おべんとう,lonchera con mantel,fiambrera con mantel,boîte à casse-croûte,boîte à casse-croûte,Bento,portapranzo,도시락,0863,0260,0867,0624,0158,0157,0133,1033,0302,1.4,1600,-,2F13,rmk_oth_lunchbox,No,,,,,lunch box,lunch box
0863,lunch pack,lunch pack (Green),,,Maddie's RV,-,No,-,-,400,320,-,-,1x1,No,No,Yes,,,,,,151,-,-,-,green,colorful,-,modern,,No,Yes,160,4,4,the box color,1,-,-,-,,-,-,ランチパック,lonchera,fiambrera,boîte repas,boîte repas,Lunchbox,pranzo da asporto,런치 팩,0864,1638,0866,0623,0172,0170,0874,1047,0381,1.4,1600,-,2FB5,rmk_oth_lunchpack,No,,,,,lunch pack,-
0864,lunch tray,lunch tray (A lunch),,,Nooklings,B,Yes,800,-,200,160,-,-,1x1,No,No,Yes,,,,,,151,-,-,-,gray,gray,-,iconic,,No,Yes,80,4,4,the menu,1,-,-,-,,-,-,ランチプレート,bandeja de comida,bandeja de comida,plateau-repas,plateau-repas,Kantinentablett,vassoio della mensa,식판,0865,1639,0141,0138,1268,1266,0673,1705,0879,1.0,800,2CF7,2DA1,rmk_oth_lunchplate,Yes,,,,,lunch tray,-
0865,mahjong table,mahjong table,,,Nooklings,D,Yes,"4,200",-,"1,050",840,-,-,1x1,No,No,No,,,,,,151,-,-,Harmonious / Toy Shop,green,brown,-,rock 'n' roll,,No,No,-,1,1,-,1,-,-,-,,-,-,マージャンテーブル,mesa de mahjong,mesa de mahjong,table de mah-jong,table de mah-jong,Mah-Jongg-Tisch,tavolo mahjong,마작 테이블,0866,1443,0966,0965,1513,1513,0889,1529,0443,1.0,4200,2B5C,2C06,int_oth_mahjongtable,No,,,,-,,mahjong table
0866,makeup case,makeup case,,,Nooklings,D,Yes,"1,200",-,300,240,-,-,1x1,No,No,Yes,,,,,,151,-,-,Fairy Tale,pink,colorful,-,cute,,No,No,-,1,1,-,1,-,-,-,,-,-,メイクボックス,caja maquillaje,caja maquillaje,coffret à maquillage,coffret à maquillage,Schminkbox,beauty case,메이크업 박스,0867,1553,0285,0283,0445,0444,1330,0156,0474,1.0,1200,2CB3,2D5D,int_oth_makeup,Yes,,,,,makeup case,makeup case
0867,Mama bear,Mama bear (Blank),,,Nooklings,C,Yes,"1,600",-,400,320,-,Doll,1x1,No,No,Yes,,,,,,151,bear,Set,Fairy Tale / Toy Shop,beige,beige,-,cute,,No,Yes,160,6,6,the cloth,1,-,-,-,,-,-,くまのナミちゃん,mamá oso,mamá oso,maman ours,maman ours,Mama-Bär,mamma orsa,중간 곰인형,0868,0477,0888,0884,1038,1036,0894,0748,1207,1.0,1600,2ADE,2B88,rmk_ber_bearM,No,,,,Mama bear,,-
0868,Mama panda,Mama panda,,,Nooklings,A,Yes,960,-,240,192,-,Doll,1x1,No,No,Yes,,,,,,151,panda,Set,Harmonious / Fairy Tale / Toy Shop,white,black,-,cute,,No,No,-,1,1,-,1,-,-,-,,-,-,パンダのチュンチュン,mamá panda,mamá panda,maman panda,maman panda,Mama-Panda,mamma panda,중간 판다,0869,1276,0890,0886,1040,1038,0896,0749,1208,1.0,960,2AE2,2B8C,int_pnd_m,No,,,,Mama panda,,Mama panda
0869,Mama polar bear,Mama polar bear (Aqua striped),,,Spotlight,-,Yes,"1,800",-,450,360,-,Doll,1x1,No,No,Yes,,,,,,351,bear,Set,Fairy Tale / Toy Shop,white,aqua,-,cute,,No,Yes,180,5,1,-,5,the shirt,-,-,,-,-,しろくまのシロちゃん,mamá oso polar,mamá oso polar,maman ours polaire,maman ours polaire,Mama-Eisbär,nonna orsa,하얀 곰인형,0870,0730,0889,0885,1039,1037,0895,0844,1612,1.0,1800,2AE0,2B8A,rmk_ber_white,Yes,,,,,Mama polar bear,Mama polar bear
0870,manhole cover,manhole cover,,,Nooklings,B,Yes,"1,000",-,250,200,-,-,1x1,No,No,No,,,,,,151,construction,Theme,-,gray,gray,-,rock 'n' roll,,No,No,-,1,1,-,1,-,-,-,,-,-,マンホール,tapa cloaca,tapa cloaca,plaque d'égout,plaque d'égout,Kanaldeckel,tombino,맨홀,0871,1490,1581,1581,1250,1248,0669,1606,0456,1.0,1000,2A6A,2B14,int_cst_manhole,No,,,,manhole cover,,manhole cover
0871,Manneken Pis,Manneken Pis,,,Gulliver,-,Yes,"5,200",-,"1,300","1,040",-,-,1x1,No,No,No,,,,,,1051,-,-,-,gray,gray,-,iconic,,No,No,-,1,1,-,1,-,-,-,,-,-,しょうべんこぞう,Manneken Pis,Manneken Pis,Manneken Pis,Manneken Pis,Manneken Pis,Manneken Pis,오줌누는 소년,0872,0716,0899,0896,1043,1041,0897,0751,1024,1.0,5200,2D8C,2E36,int_jhn_syon,No,Manekin Pis,,,,,-
0872,maple bonsai,maple bonsai,,,Garden Shop,-,Yes,"1,700",-,425,340,-,Plant,1x1,No,No,Yes,,,-,-,-,199,bonsai,Set,Harmonious / Rustic,red,brown,-,iconic,,No,No,-,1,1,-,1,-,-,-,,-,-,モミジのぼんさい,arce bonsái,arce bonsái,bonsaï érable,bonsaï érable,Ahorn-Bonsai,bonsai acero,단풍나무 분재,0873,1572,0039,0039,0180,0178,0032,0182,0258,1.0,1700,2B27,2BD1,int_bon_maple,No,,,,,,maple bonsai
0873,marshmallow chair,marshmallow chair (Light beige),,,Nooklings,A,Yes,"1,200",-,300,240,-,Seat,1x1,No,Yes,No,,,Sit,-,Sit,151,-,-,Fairy Tale,white,white,-,cute,,No,Yes,120,5,5,the cushion,1,-,-,-,,-,-,マシュマロのイス,taburete merengue,taburete merengue,pouf guimauve,pouf guimauve,Marshmallow-Hocker,pouf marshmallow,마시멜로 의자,0874,1468,1566,1566,1310,1308,0900,1045,0435,1.0,1200,2D93,2E3D,rmk_oth_marshmallow,Yes,,,,,marshmallow chair,marshmallow chair
0874,massage chair,massage chair,,,Nooklings,B,Yes,"2,400",-,600,480,-,Seat,1x1,No,No,No,,,Sit,-,Sit,151,-,-,Sci-Fi,brown,brown,-,historical,,No,No,-,1,1,-,1,-,-,-,,-,-,マッサージいす,sillón de masaje,sillón de masaje,siège de massage,siège de massage,Massagesessel,sedia massaggio,마사지 의자,0875,1472,1481,1480,1417,1416,0901,1227,0433,1.0,2400,2BC7,2C71,int_oth_m_chairS,No,,,,retro massage chair,,-
0875,massage recliner,massage recliner,,,Louie's RV,-,No,-,-,750,600,-,Seat,1x1,No,No,No,,,Sit,-,Sit,151,-,-,-,black,black,-,basic,,No,No,-,1,1,-,1,-,-,-,,-,-,マッサージソファ,butaca de masaje,butaca de masaje,fauteuil massant,fauteuil massant,Massagestuhl,sedia massaggiante,마사지 소파,0876,1473,0238,0236,0662,0660,0902,1226,0432,1.4,3000,-,2F8D,int_oth_massage,No,,,,,massage recliner,massage recliner
0876,Master Sword,Master Sword,,,Fortune,-,No,-,-,210,-,-,-,1x1,No,No,No,,,,,,151,Nintendo,Set,Toy Shop / Quirky,gray,blue,-,historical,,No,No,-,1,1,-,1,-,-,-,,-,-,マスターソード,Espada Maestra,Espada Maestra,Excalibur,Excalibur,Master-Schwert,Spada Suprema,마스터 소드,0877,1470,0563,0561,0649,0647,0903,1378,0434,1.0,840,2BEA,2C94,int_nin_sword,No,,,,-,,-
0877,matryoshka,matryoshka (Ladies),,,Gulliver,-,Yes,"3,920",-,980,784,-,-,2x1,No,No,Yes,,,,,,1051,-,-,Fairy Tale / Toy Shop,colorful,colorful,-,iconic,,No,Yes,392,2,2,the style,1,-,-,-,,-,-,マトリョーシカ,matrioska,matrioska,série matriochka,série matriochka,Matroschka,matriosca,마트로시카,0878,1477,0932,0929,1403,1401,0904,0762,0447,1.0,3920,2D8D,2E37,rmk_jhn_matoryosika,No,,,,matryoshka,,matryoshka
0878,medicine cabinet,medicine cabinet,,,June's RV,-,No,-,-,700,560,-,-,2x1,No,No,No,,,,,,151,-,-,-,brown,brown,-,historical,,No,No,-,1,1,-,1,-,-,-,,-,-,やくだな,estante botica,estante botica,meuble de pharmacie,meuble de pharmacie,Apothekerschrank,scaffale medicinali,약 서랍장,0879,1574,0579,0577,1072,1071,0049,1131,0966,1.4,2800,-,2FC4,int_oth_medicineshelf,No,,,,,medicine cabinet,medicine cabinet
0879,medicine chest,medicine chest,,,Nooklings,A,Yes,"2,280",-,570,456,-,-,2x1,No,Yes,No,,,,,,151,mad scientist,Theme,Sci-Fi / Quirky,gray,gray,-,flashy,,No,No,-,1,1,-,1,-,-,-,,-,-,くすりだな,psicoarmario,psicoarmario,étagère labo,étagère labo,Medizinschrank,mensola laboratorio,약 선반,0880,0470,1249,1252,0631,0628,0906,0771,0967,1.0,2280,2A99,2B43,int_mad_shelf,No,,,,medicine chest,,medicine chest
0880,meeting-room chair,meeting-room chair (Blue),,,Huck's RV,-,No,-,-,400,320,-,Seat,1x1,No,No,No,,,Sit,-,Sit,151,-,-,-,blue,blue,-,official,,No,Yes,160,4,4,the chair color,1,-,-,-,,-,-,かいぎしつのイス,silla de reunión,silla de reunión,chaise de réunion,chaise de réunion,Meetingraumstuhl,sedia conferenza,회의실 의자,0881,0294,1420,1420,0355,0354,0908,1194,1726,1.4,1600,-,2F60,rmk_ofc_meetingchair,No,,,,,meeting-room chair,-
0881,meeting-room table,meeting-room table (White),,,Cleo's RV,-,No,-,-,800,640,-,Table,2x1,No,Yes,No,,,,,,151,-,-,-,white,white,-,official,,No,Yes,320,2,2,the countertop color,1,-,-,-,,-,-,かいぎしつのテーブル,mesa de reunión,mesa de reunión,table de réunion,table de réunion,Meetingraumtisch,tavolo PC su ruote,회의실 테이블,0882,0295,0973,0972,1517,1517,0909,1541,1727,1.4,3200,-,2F53,rmk_ofc_meetingtable,No,,,,meeting-room table,meeting-room table,-
0882,men's toilet,men's toilet,,,Nooklings,C,Yes,"1,600",-,400,320,-,-,1x1,No,No,No,,,,,,151,-,-,-,aqua,aqua,-,basic,,No,No,-,1,1,-,1,-,-,-,,-,-,だんしようトイレ,urinario,urinario,vespasienne,vespasienne,Pissoir,orinatoio,남성 소변기,0883,0935,1710,1708,1709,1709,1113,0849,0200,1.0,1600,2B92,2C3C,int_oth_urinal,No,,,,standing toilet,,-
0883,menu chalkboard,menu chalkboard (Standard),,,Campground Shop,-,No,-,-,400,320,-,-,1x1,No,No,No,,,,,,151,-,-,-,green,brown,-,modern,,No,Yes,160,4,4,the presentation,1,-,-,-,,-,-,メニューこくばん,pizarra con menú,pizarra con menú,tableau menu du jour,tableau menu du jour,Restauranttafel,lavagna con menu,메뉴 칠판,0884,1558,1215,1219,1577,1577,1207,0639,0473,1.4,1600,-,2F32,rmk_oth_menuboard,No,,,,menu chalkboard,menu chalkboard,menu chalkboard
0884,merchandise table,merchandise table (White),,,Candi's RV,-,No,-,-,800,640,-,-,2x1,No,Yes,No,,,,,,151,-,-,-,white,white,-,basic,,No,Yes,320,5,5,the body color,1,-,-,-,,-,-,セールワゴン,mesa de mercancías,mesa de mercancías,table à marchandises,table à marchandises,Displaytisch,tavolo mercanzia,판매 테이블,0885,0831,0967,0966,1472,1472,0273,1530,1506,1.4,3200,-,2F66,rmk_shp_salewagon,No,,,,merchandise table,merchandise table,-
0885,Merlion,Merlion,,,Gulliver,-,Yes,"9,200",-,"2,300","1,840",-,-,1x1,No,No,No,,,,,,1051,-,-,Harmonious,white,white,-,iconic,,No,No,-,1,1,-,1,-,-,-,,-,-,マーライオン,Merlion,Merlion,Merlion,Merlion,Merlion,Merlion,머라이언,0886,1455,0940,0939,1066,1065,0914,0775,0458,1.0,9200,2D88,2E32,int_jhn_merlion,No,,,,,,-
0886,mermaid bed,mermaid bed,,,Souvenir Shop,-,No,-,40,500,400,25,Bed,2x1,No,No,No,,,Sleep,-,Sleep,451,mermaid,Series,Fairy Tale,pink,aqua,-,cute,,No,No,-,1,1,-,1,-,-,-,,-,-,マーメイドなベッド,cama sirena,cama sirena,lit sirène,lit sirène,Nixenbett,letto sirena,머메이드 침대,0887,1453,0347,0345,0998,0996,0996,0704,0466,1.0,2000,2D19,2DC3,int_mmd_bedS,Yes,,,,mermaid bed,mermaid bed,-
0887,mermaid chair,mermaid chair,,,Souvenir Shop,-,No,-,40,500,400,25,Seat,1x1,No,No,No,,,Sit,-,Sit,451,mermaid,Series,Fairy Tale,pink,aqua,-,cute,,No,No,-,1,1,-,1,-,-,-,,-,-,マーメイドなチェア,silla sirena,silla sirena,chaise sirène,chaise sirène,Nixenstuhl,sedia sirena,머메이드 체어,0888,1448,1473,1473,0393,0392,1004,1246,0465,1.0,2000,2D1B,2DC5,int_mmd_chairS,Yes,,,,mermaid chair,mermaid chair,-
0888,mermaid clock,mermaid clock,,,Souvenir Shop,-,No,-,40,500,400,25,Clock,1x1,Yes,No,No,,,,,,451,mermaid,Series,Fairy Tale,pink,aqua,-,cute,,No,No,-,1,1,-,1,-,-,-,,-,-,マーメイドなとけい,reloj sirena,reloj sirena,horloge sirène,horloge sirène,Nixenuhr,orologio sirena,머메이드 시계,0889,1451,1342,1342,0829,0827,1006,0901,0463,1.0,2000,2D1E,2DC8,int_mmd_clockN,Yes,,,,mermaid wall clock,mermaid clock,-
0889,mermaid closet,mermaid closet,,,Souvenir Shop,-,No,-,40,500,400,25,Closet,1x1,No,No,No,,,Storage,Press,Press,451,mermaid,Series,Fairy Tale,aqua,pink,-,cute,,No,No,-,1,1,-,1,-,-,-,,-,-,マーメイドなクロゼット,armario sirena,armario sirena,armoire sirène,armoire sirène,Nixenschrank,armadio sirena,머메이드 옷장,0890,1444,0090,0090,0057,0057,1001,0082,0464,1.0,2000,2D1D,2DC7,int_mmd_chestC,Yes,,,,mermaid closet,mermaid closet,-
0890,mermaid dresser,mermaid dresser,,,Souvenir Shop,-,No,-,40,500,400,25,Dresser,2x1,No,No,No,,,Storage,Press,Press,451,mermaid,Series,Fairy Tale,pink,aqua,-,cute,,No,No,-,1,1,-,1,-,-,-,,-,-,マーメイドなチェスト,cómoda sirena,cómoda sirena,commode sirène,commode sirène,Nixenkommode,comò sirena,머메이드 수납장,0891,1449,0496,0494,0506,0505,0997,0349,0461,1.0,2000,2D1C,2DC6,int_mmd_chestA,Yes,,,,mermaid dresser,mermaid dresser,mermaid dresser
0891,mermaid lamp,mermaid lamp,,,Souvenir Shop,-,No,-,40,500,400,25,Light,1x1,No,No,No,,,Toggle,Light,Press,451,mermaid,Series,Fairy Tale,aqua,pink,-,cute,,No,No,-,1,1,-,1,-,-,-,,-,-,マーメイドなランプ,lámpara sirena,lámpara sirena,lampe sirène,lampe sirène,Nixenlampe,lampada sirena,머메이드 램프,0892,1454,0822,0822,0918,0916,0998,0614,0459,1.0,2000,2D20,2DCA,int_mmd_lamp,Yes,,,,mermaid lamp,mermaid lamp,-
0892,mermaid screen,mermaid screen,,,Souvenir Shop,-,No,-,40,500,400,25,-,2x1,No,No,No,,,,,,451,mermaid,Series,Fairy Tale,aqua,pink,-,cute,,No,No,-,1,1,-,1,-,-,-,,-,-,マーメイドなスクリーン,biombo sirena,biombo sirena,paravent sirène,paravent sirène,Nixenraumtrenner,separé sirena,머메이드 파티션,0893,1446,0200,0197,1193,1191,0999,1276,0468,1.0,2000,2D21,2DCB,int_mmd_screen,Yes,,,,mermaid screen,mermaid screen,-
0893,mermaid shelf,mermaid shelf,,,Souvenir Shop,-,No,-,40,500,400,25,-,2x1,No,No,No,,,,,,451,mermaid,Series,Fairy Tale,pink,aqua,-,cute,,No,No,-,1,1,-,1,-,-,-,,-,-,マーメイドなシェルフ,estantería sirena,estantería sirena,étagère sirène,étagère sirène,Nixenregal,scaffale sirena,머메이드 쉘프,0894,1445,0598,0596,0641,0638,1000,1133,0462,1.0,2000,2D22,2DCC,int_mmd_shelf,Yes,,,,mermaid shelf,mermaid shelf,-
0894,mermaid sofa,mermaid sofa,,,Souvenir Shop,-,No,-,40,500,400,25,Seat,2x1,No,No,No,,,Sit,-,Sit,451,mermaid,Series,Fairy Tale,pink,aqua,-,cute,,No,No,-,1,1,-,1,-,-,-,,-,-,マーメイドなソファ,sofá sirena,sofá sirena,canapé sirène,canapé sirène,Nixensofa,sofà sirena,머메이드 소파,0895,1447,1524,1524,0306,0304,1002,1368,0460,1.0,2000,2D1A,2DC4,int_mmd_chairL,Yes,,,,mermaid sofa,mermaid sofa,-
0895,mermaid statue,mermaid statue,,,Gulliver,-,Yes,"7,600",-,"1,900","1,520",-,-,1x1,No,No,No,,,,,,1051,-,-,-,gray,gray,-,iconic,,No,No,-,1,1,-,1,-,-,-,,-,-,にんぎょぞう,Sirenita,Sirenita,statue de sirène,statue de sirène,Meerjungfrau,sirenetta,인어상,0896,1111,1487,1487,1453,1453,0907,1327,1110,1.0,7600,2D8A,2E34,int_jhn_mermaid,No,,,,,,-
0896,mermaid table,mermaid table,,,Souvenir Shop,-,No,-,40,500,400,25,Table,2x1,No,Yes,No,,,,,,451,mermaid,Series,Fairy Tale,pink,aqua,-,cute,,No,No,-,1,1,-,1,-,-,-,,-,-,マーメイドなテーブル,mesa sirena,mesa sirena,table sirène,table sirène,Nixentisch,tavolo sirena,머메이드 테이블,0897,1450,1027,1026,1567,1567,1005,1552,0467,1.0,2000,2D23,2DCD,int_mmd_tableM,Yes,,,,mermaid table,mermaid table,-
0897,mermaid vanity,mermaid vanity,,,Souvenir Shop,-,No,-,40,500,400,25,-,1x1,No,No,No,,,,,,451,mermaid,Series,Fairy Tale,aqua,pink,-,cute,,No,No,-,1,1,-,1,-,-,-,,-,-,マーメイドなドレッサー,tocador sirena,tocador sirena,coiffeuse sirène,coiffeuse sirène,Nixenspiegel,toletta sirena,머메이드 화장대,0898,1452,1669,1667,0461,0460,1003,1604,0469,1.0,2000,2D1F,2DC9,int_mmd_dresser,Yes,,,,mermaid vanity,mermaid vanity,-
0898,merry-go-round,merry-go-round,,,Nooklings,C,Yes,640,-,160,128,-,-,1x1,No,No,Yes,,,,,,151,nursery,Theme,Fairy Tale / Toy Shop,colorful,colorful,-,cute,,No,No,-,1,1,-,1,-,-,-,,-,-,メリーゴーランド,carrusel de cuna,carrusel de cuna,manège,manège,Karussell,giostra,모빌,0899,1559,0388,0388,1041,1039,0705,0514,0490,1.0,640,2A92,2B3C,int_bab_toy,No,,,,,,merry-go-round
0899,metal box,metal box,,,Admiral's RV,-,No,-,-,300,240,-,-,1x1,No,No,Yes,,,,,,151,-,-,-,gray,gray,-,official,,No,No,-,1,1,-,1,-,-,-,,-,-,おかもち,cajón de reparto,cajón de reparto,boîte à en-cas,boîte à en-cas,Kühlbox,portavivande,철가방,0900,0229,0289,0287,0159,0158,0810,1040,1237,1.4,1200,-,2EE0,int_oth_okamochi,No,,,,,metal box,-
0900,metal can,metal can,,,Campground Shop,-,No,-,-,300,240,-,-,1x1,No,No,No,,,,,,151,-,-,-,gray,gray,-,basic,,No,No,-,1,1,-,1,-,-,-,,-,-,いっとかん,lata metálica,lata metálica,bidon métallique,bidon métallique,Metallkanister,latta di metallo,양철 캔,0901,0130,0830,0831,0147,0146,0918,0631,0974,1.4,1200,-,2F42,int_oth_ittocan,No,,,,metal can,metal can,metal can
0901,metal flagpole,metal flagpole (Town hall flag),,,Campground Shop,-,No,-,-,"1,500","1,200",-,-,1x1,No,No,No,,,,,,151,-,-,-,colorful,colorful,-,official,,No,Yes,600,2,1,-,2,the flag,-,-,,-,-,たかいはた,asta de bandera,asta de bandera,mât en métal,mât en métal,Metallfahnenstange,asta con bandiera,높은 깃대,0902,0875,0105,0105,1058,1057,0917,0098,0232,1.4,6000,-,2F38,rmk_oth_flagL,No,,,,,metal flagpole,metal flagpole
0902,metal guitar,metal guitar (Cosmos black),,,Nooklings,C,Yes,"1,800",-,450,360,-,Instrument,1x1,No,No,No,,,Press,-,Press,151,guitar,Set,Trendy,black,black,-,rock 'n' roll,,No,Yes,180,8,1,-,8,the body color,-,-,,-,-,エレキギターES3,guitarra metal,guitarra metal,guitare électrique,guitare électrique,Metal-Gitarre,chitarra metal,일렉트릭기타 ES3,0903,0193,0696,0699,0748,0746,0915,0305,1119,1.0,1800,2C71,2D1B,rmk_gtr_Egtr03,No,,,metal guitar,,,metal guitar
0903,metal-and-wood chair,metal-and-wood chair,,,Campground Shop,-,No,-,-,300,240,-,Seat,1x1,No,No,No,,,Sit,-,Sit,151,-,-,-,brown,gray,-,modern,,No,No,-,1,1,-,1,-,-,-,,-,-,アルミウッドチェア,silla de aluminio,silla de aluminio,chaise alu et bois,chaise alu et bois,Holz-Alu-Stuhl,sedia in alluminio,메탈 우드 체어,0904,0110,1413,1412,0335,0334,0607,1220,0475,1.4,1200,-,2F1F,int_oth_alumiwoodchair,No,,,,metal-and-wood chair,metal-and-wood chair,metal-and-wood chair
0904,metal-and-wood table,metal-and-wood table,,,Campground Shop,-,No,-,-,300,240,-,Table,1x1,No,Yes,No,,,,,,151,-,-,-,brown,gray,-,modern,,No,No,-,1,1,-,1,-,-,-,,-,-,アルミウッドテーブル,mesa de aluminio,mesa de aluminio,table alu et bois,table alu et bois,Holz-Alu-Tisch,tavolo in alluminio,메탈 우드 테이블,0905,0111,0957,0957,1475,1475,0608,1521,0476,1.4,1200,-,2F36,int_oth_alumiwoodtable,No,,,,metal-and-wood table,metal-and-wood table,-
0905,metal-rim table,metal-rim table (Red),,,Rover's RV,-,No,-,-,400,320,-,Table,1x1,No,Yes,No,,,,,,151,-,-,-,red,gray,-,basic,,No,Yes,160,7,7,the countertop color,1,-,-,-,,-,-,ぎんぶちミニテーブル,mesa terraza metal,mesa terraza metal,table carrée métal,table carrée métal,Metallbeistelltisch,tavolino di metallo,은 테두리 테이블,0906,0454,1028,1027,1497,1497,0916,1462,1084,1.4,1600,-,2F7A,rmk_fod_almtableS,No,,,,,metal-rim table,metal-rim table
0906,Metroid,Metroid,,,Fortune,-,No,-,-,210,-,-,-,1x1,No,No,No,,,,,,151,Nintendo,Set,Sci-Fi / Toy Shop / Quirky,gray,blue,-,flashy,,No,No,-,1,1,-,1,-,-,-,,-,-,メトロイド,metroide,metroide,Metroid,Metroid,Metroid,Metroid,메트로이드,0907,1556,1057,1056,1069,1068,0919,0776,0478,1.0,840,2BED,2C97,int_nin_metro,no,,,,-,,-
0907,metronome,metronome,,,Nooklings,C,Yes,"1,000",-,250,200,-,-,1x1,No,No,Yes,,,,,,151,-,-,-,red,red,-,basic,,No,No,-,1,1,-,1,-,-,-,,-,-,メトロノーム,metrónomo,metrónomo,métronome,métronome,Taktmesser,metronomo,메트로놈,0908,1557,1058,1057,1070,1069,1528,0777,0477,1.0,1000,2B4A,2BF4,int_oth_metronome,No,,,,metronome,,-
0908,mic stand,mic stand,,,Nooklings,B,Yes,"1,800",-,450,360,-,-,1x1,No,No,No,,,,,,151,-,-,-,gray,black,-,rock 'n' roll,,No,No,-,1,1,-,1,-,-,-,,-,-,スタンドマイク,micro con trípode,micro con trípode,pied pour microphone,pied pour microphone,Standmikrofon,asta microfono,스탠드 마이크,0909,0788,1059,1058,1224,1222,1455,0100,0833,1.0,1800,2C44,2CEE,int_oth_mike,Yes,,,,mic stand,mic stand,mic stand
0909,microscope,microscope,,,Nooklings,C,Yes,"1,600",-,400,320,-,-,1x1,No,No,Yes,,,,,,151,-,-,Sci-Fi,white,white,-,basic,,No,No,-,1,1,-,1,-,-,-,,-,-,けんびきょう,microscopio,microscopio,microscope,microscope,Mikroskop,microscopio,현미경,0910,0543,1064,1063,1082,1081,0920,0781,1678,1.0,1600,2C40,2CEA,int_sch_microscope,Yes,,,,microscope,microscope,microscope
0910,microwave,microwave,,,Nooklings,C,Yes,"2,300",-,575,460,-,-,1x1,No,No,Yes,,,,,,151,-,-,Sci-Fi,white,white,-,basic,,No,No,-,1,1,-,1,-,-,-,,-,-,でんしレンジ,microondas,microondas,micro-ondes,micro-ondes,Mikrowelle,forno microonde,전자레인지,0911,1030,1063,1062,1078,1077,0921,0479,1172,1.0,2300,2B7E,2C28,int_oth_microwave,No,,,,microwave,,-
0911,milk can,milk can,,,Nooklings,D,Yes,980,-,245,196,-,-,1x1,No,No,No,,,,,,151,-,-,-,gray,gray,-,basic,,No,No,-,1,1,-,1,-,-,-,,-,-,ミルクかん,cántaro de leche,cántaro de leche,pot à lait,pot à lait,Milchkanne,tanica per latte,우유통,0912,1542,0373,0371,1296,1294,0923,1438,1053,1.0,980,2C74,2D1E,int_oth_milkcan,Yes,,,,milk can,milk can,milk can
0912,milk canister,milk canister,,,Campground Shop,-,No,-,-,300,240,-,-,1x1,No,No,No,,,,,,151,-,-,-,gray,gray,-,basic,,No,No,-,1,1,-,1,-,-,-,,-,-,ミルクタンク,lechera metálica,bidón de leche,bidon à lait,bidon à lait,Blechkanne,bidone di latte,우유 통,0913,1543,0845,0184,0146,0145,0149,0163,1051,1.4,1200,-,2F07,int_oth_milktank,No,,,,,milk canister,milk canister
0913,milk carton,milk carton (Milk),,,Norma's RV,-,No,-,-,400,320,-,-,1x1,No,No,Yes,,,,,,151,-,-,-,white,blue,-,basic,,No,Yes,160,5,5,the drink,1,-,-,-,,-,-,ミルクパック,cartón de leche,cartón abrefácil,boisson en brique,boisson en brique,Getränkepackung,bevanda in cartoccio,우유 팩,0914,1544,0399,0397,0156,0155,0478,0159,1052,1.4,1600,-,2F14,rmk_oth_milkpack,No,,,,carton beverage,milk carton,-
0914,milk case,milk case,,,Nooklings,D,Yes,"1,800",-,450,360,-,-,1x1,No,No,No,,,,,,151,spa,Theme,Harmonious / Sci-Fi,orange,colorful,-,historical,,No,No,-,1,1,-,1,-,-,-,,-,-,ぎゅうにゅうケース,nevera terma,nevera terma,présentoir à lait,présentoir à lait,Milchtruhe,frigo bevande,우유 냉장고,0915,0429,1126,1127,1323,1321,0924,0486,1050,1.0,1800,2B07,2BB1,int_oth_milkcase,No,,,,,,-
0915,mini butterfly table,mini butterfly table,,,Nat,-,No,-,-,450,360,-,Table,1x1,No,Yes,No,,,,,,651,insect,Set,Toy Shop,blue,blue,-,cute,,No,No,-,1,1,-,1,-,-,-,,-,-,バタフライなテーブル,mesa mariposa,mesa mariposa,table papillon,table papillon,Schmetterlingstisch,tavolino farfalla,나비 테이블,0916,1200,1002,1002,1549,1549,1329,1465,0187,1.0,1800,2CDD,2D87,int_isc_tableS,Yes,,,,,mini butterfly table,-
0916,mini cactus,mini cactus,,,Garden Shop,-,Yes,800,-,200,160,-,Plant,1x1,No,No,Yes,,,-,-,-,199,cactus,Set,Rustic,green,brown,-,basic,,No,No,-,1,1,-,1,-,-,-,,-,-,ミニへんぺいサボテン,minicactus,minicactus,mini-cactus,mini-cactus,Mini-Flachkaktus,mini cactus piatto,납작한 미니 선인장,0917,1538,1069,1068,1085,1084,0928,0784,0203,1.0,800,2CEC,2D96,int_cct_smoothS,Yes,,,,,mini cactus,-
0917,mini circuit,mini circuit,,,Nooklings,D,Yes,"1,600",-,400,320,-,-,2x2,No,No,No,,,,,,151,-,-,Toy Shop,gray,gray,-,sporty,,No,No,-,1,1,-,1,-,-,-,,-,-,ミニサーキット,circuito miniatura,circuito miniatura,circuit miniature,circuit miniature,Autorennbahn,pista giocattolo,미니카 서킷,0918,1535,0429,0427,0431,0430,0080,0993,0533,1.0,1600,2CFB,2DA5,int_bab_circuit,Yes,,,,mini circuit,mini circuit,mini circuit
0918,mini dharma,mini dharma (Red),,,Nooklings,D,Yes,800,-,200,160,-,Doll,1x1,No,No,Yes,,,,,,151,dharma,Set,Harmonious,red,red,-,cute,,No,Yes,80,4,3,the body color,1,-,1,Gold Nugget,,-,-,ミニダルマ,minidaruma,minidaruma,mini-daruma,mini-daruma,Mini-Daruma,minidharma,미니 달마,0919,1537,1074,1073,1088,1087,0926,0785,0530,1.0,800,2ADC,2B86,rmk_dhr_dharmaS,No,,,,"mini dharma, mini golden dharma",,-
0919,mini lamp,mini lamp,,,Nooklings,B,Yes,"1,280",-,320,256,-,Light,1x1,No,No,Yes,,,Toggle,Light,Press,151,-,-,Sci-Fi,gray,beige,-,basic,,No,No,-,1,1,-,1,-,-,-,,-,-,でんきスタンド,minilámpara,minilámpara,petite lampe,petite lampe,Minilampe,minilampada,전기 스탠드,0920,1024,1077,1076,1210,1208,0933,0787,1163,1.0,1280,2BD3,2C7D,int_oth_lampA,No,,,mini-lamp,,,-
0920,miniature car,miniature car,,,Sparkle ticket,-,No,-,-,"2,500","2,000",-,Model,1x1,No,No,Yes,,,-,,,1051,-,-,Toy Shop,red,red,-,sporty,,No,No,-,1,1,-,1,-,-,-,,-,-,ミニカー,coche de juguete,coche de juguete,modèle voiture,modèle voiture,Modellauto,modellino auto,미니카,0921,1533,0432,0431,1103,1101,0950,0801,0532,1.0,10000,2CFA,2DA4,int_oth_car,No,,,miniature car,,,-
0921,minifridge,minifridge,,,Piper's RV,-,No,-,-,500,400,-,-,1x1,No,Yes,No,,,,,,151,-,-,-,white,white,-,modern,,No,No,-,1,1,-,1,-,-,-,,-,-,きゃくしつれいぞうこ,heladera pequeña,nevera pequeña,mini-réfrigérateur,mini-réfrigérateur,Mini-Kühlschrank,minifrigorifero,미니 냉장고,0922,0417,0702,1124,1091,1090,0932,0786,0529,1.4,2000,-,2F56,int_oth_iceC_chestB,No,,,,,minifridge,minifridge
0922,minimalist bed,minimalist bed (Ivory),,,Nooklings,A,Yes,"1,000",-,250,200,-,Bed,2x1,No,No,No,,,Sleep,-,Sleep,151,minimalist,Series,Trendy,white,white,-,basic,,No,Yes,100,4,4,the body color,1,-,-,-,,-,-,シンプルなベッド,cama minimalista,cama minimalista,lit minimaliste,lit minimaliste,Minimalbett,letto minimalista,심플한 침대,0923,0749,0329,0327,0981,0979,0935,0690,0901,1.0,1000,2A3D,2AE7,rmk_smp_bedS,Yes,,,,,minimalist bed,-
0923,minimalist chair,minimalist chair (Ivory),,,Nooklings,A,Yes,"2,000",-,500,400,-,Seat,1x1,No,No,No,,,Sit,-,Sit,151,minimalist,Series,Trendy,white,white,-,basic,,No,Yes,200,4,4,the body color,1,-,-,-,,-,-,シンプルなチェア,silla minimalista,silla minimalista,chaise minimaliste,chaise minimaliste,Minimalstuhl,sedia minimalista,심플한 체어,0924,0744,1452,1452,0374,0373,0942,1228,0900,1.0,2000,2A3F,2AE9,rmk_smp_chairS,Yes,,,,,minimalist chair,minimalist chair
0924,minimalist clock,minimalist clock (Ivory),,,Nooklings,-,Yes,"3,500",-,875,700,-,Clock,1x1,Yes,No,No,,,,,,151,minimalist,Series,Trendy,white,white,-,basic,,No,Yes,350,4,4,the clock-face color,1,-,-,-,,-,-,シンプルなとけい,reloj minimalista,reloj minimalista,horloge minimaliste,horloge minimaliste,Minimaluhr,orologio minimalista,심플한 시계,0925,0746,1319,1319,0807,0805,0945,0883,0897,1.0,3500,2A42,2AEC,rmk_smp_clockN,Yes,,,,,minimalist clock,-
0925,minimalist dresser,minimalist dresser (Ivory),,,Nooklings,A,Yes,"2,500",-,625,500,-,Dresser,2x1,No,Yes,No,,,Storage,Press,Press,151,minimalist,Series,Trendy,white,white,-,basic,,No,Yes,250,4,4,the body color,1,-,-,-,,-,-,シンプルなタンス,cómoda minimalista,cómoda minimalista,commode minimaliste,commode minimaliste,Minimalkommode,comò minimalista,심플한 서랍장,0926,0743,0482,0480,0492,0491,0936,0338,0895,1.0,2500,2A40,2AEA,rmk_smp_chestA,Yes,,,,,minimalist dresser,minimalist dresser
0926,minimalist lamp,minimalist lamp (Ivory),,,Nooklings,A,Yes,"1,000",-,250,200,-,Light,1x1,No,No,No,,,Toggle,Light,Press,151,minimalist,Series,Trendy,white,white,-,basic,,No,Yes,100,4,4,the lamp shade,1,-,-,-,,-,-,シンプルなランプ,lámpara minimalista,lámpara minimalista,lampe minimaliste,lampe minimaliste,Minimallampe,lampada minimalista,심플한 램프,0927,0751,0800,0800,0894,0892,0937,0599,0893,1.0,1000,2A43,2AED,rmk_smp_lamp,Yes,,,,,minimalist lamp,minimalist lamp
0927,minimalist minitable,minimalist minitable (Ivory),,,Nooklings,A,Yes,"2,500",-,625,500,-,Table,1x1,No,Yes,No,,,,,,151,minimalist,Series,Trendy,white,white,-,basic,,No,Yes,250,4,4,the body color,1,-,-,-,,-,-,シンプルなミニテーブル,mesita minimalista,mesita minimalista,table b. minimaliste,table b. minimaliste,Minimaltischchen,tavolino minimalista,심플한 미니 테이블,0928,0750,1048,1047,1477,1477,0944,1472,0894,1.0,2500,2A46,2AF0,rmk_smp_tableS,Yes,,,,,minimalist minitable,minimalist minitable
0928,minimalist ottoman,minimalist ottoman (Ivory),,,Nooklings,A,Yes,"1,500",-,375,300,-,-,1x1,No,Yes,No,,,,,,151,minimalist,Series,Trendy,white,white,-,basic,,No,Yes,150,4,4,the body color,1,-,-,-,,-,-,シンプルなオットマン,taburete minimalista,taburete minimalista,pouf minimaliste,pouf minimaliste,Minimalschemel,sgabello minimalista,심플한 오토만,0929,0740,1568,1568,1311,1309,0938,1319,0898,1.0,1500,2A44,2AEE,rmk_smp_ottoman,Yes,,,,,minimalist ottoman,minimalist ottoman
0929,minimalist sofa,minimalist sofa (Ivory),,,Nooklings,A,Yes,"1,500",-,375,300,-,Seat,2x1,No,No,No,,,Sit,-,Sit,151,minimalist,Series,Trendy,white,white,-,basic,,No,Yes,150,4,4,the body color,1,-,-,-,,-,-,シンプルなソファ,sofá minimalista,sofá minimalista,canapé minimaliste,canapé minimaliste,Minimalsofa,sofà minimalista,심플한 소파,0930,0742,1508,1507,0294,0292,0940,1355,0896,1.0,1500,2A3E,2AE8,rmk_smp_chairL,Yes,,,,,minimalist sofa,minimalist sofa
0930,minimalist table,minimalist table (Ivory),,,Nooklings,A,Yes,"2,000",-,500,400,-,Table,2x1,No,Yes,No,,,,,,151,minimalist,Series,Trendy,white,white,-,basic,,No,Yes,200,4,4,the body color,1,-,-,-,,-,-,シンプルなテーブル,mesa minimalista,mesa minimalista,table minimaliste,table minimaliste,Minimaltisch,tavolo minimalista,심플한 테이블,0931,0745,1004,1004,1540,1540,0943,1531,0902,1.0,2000,2A45,2AEF,rmk_smp_tableM,Yes,,,,,minimalist table,minimalist table
0931,minimalist vanity,minimalist vanity (Ivory),,,Nooklings,A,Yes,"3,000",-,750,600,-,-,1x1,No,No,No,,,,,,151,minimalist,Series,Trendy,white,white,-,basic,,No,Yes,300,4,4,the body color,1,-,-,-,,-,-,シンプルなドレッサー,tocador minimalista,tocador minimalista,coiffeu. minimaliste,coiffeu. minimaliste,Minimalspiegel,toletta minimalista,심플한 화장대,0932,0747,1662,1660,0446,0445,0941,1598,0903,1.0,3000,2A47,2AF1,rmk_smp_dresser,Yes,,,,,minimalist vanity,minimalist vanity
0932,minimalist wardrobe,minimalist wardrobe (Ivory),,,Nooklings,A,Yes,"3,000",-,750,600,-,Closet,1x1,No,No,No,,,Storage,Press,Press,151,minimalist,Series,Trendy,white,white,-,basic,,No,Yes,300,4,4,the body color,1,-,-,-,,-,-,シンプルなクロゼット,armario minimalista,armario minimalista,armoire minimaliste,armoire minimaliste,Minimalschrank,armadio minimalista,심플한 옷장,0933,0741,0076,0076,0046,0046,0939,0070,0899,1.0,3000,2A41,2AEB,rmk_smp_chestC,Yes,,,,,minimalist wardrobe,-
0933,mixer,mixer,,,Nooklings,A,Yes,"1,000",-,250,200,-,-,1x1,No,No,Yes,,,,,,151,-,-,-,black,white,-,iconic,,No,No,-,1,1,-,1,-,-,-,,-,-,ミキサー,batidora de vaso,batidora de vaso,mixeur,mixeur,Mixer,mixer,믹서,0934,1493,0175,0172,1096,1095,0947,0793,0549,1.0,1000,2B80,2C2A,int_oth_mixer,No,,,,mixer,,mixer
0934,moai statue,moai statue,,,Gulliver,-,Yes,"7,600",-,"1,900","1,520",-,-,1x1,No,No,No,,,,,,1051,-,-,Quirky,gray,gray,-,iconic,,No,No,-,1,1,-,1,-,-,-,,-,-,モアイ,moái,moái,statue Moai,statue Moai,Moai-Statue,statua Moai,모아이,0935,1560,1078,1077,1457,1457,0948,1403,0491,1.0,7600,2D86,2E30,int_jhn_moai,No,,,,moai statue,,-
0935,mobile,mobile (Original),,,Nooklings,-,Yes,"1,200",-,300,240,-,-,1x1,Yes,No,No,,,,,,151,-,-,Toy Shop,colorful,colorful,-,cute,,No,Yes,120,3,3,the hanging object,1,-,-,-,,-,-,モビール,móvil para cuna,móvil para cuna,mobile,mobile,Mobile,giostrina,유아용 모빌,0936,1571,1110,1109,1098,1097,0949,0515,1077,1.0,1200,2CC8,2D72,rmk_oth_mobile,Yes,,,,mobile,mobile,-
0936,mochi pestle,mochi pestle,,,Nooklings,D,Yes,"1,400",-,350,280,-,-,1x1,No,No,No,,,,,,151,-,-,Harmonious,brown,brown,-,iconic,,No,No,-,1,1,-,1,-,-,-,,-,-,もちつきセット,mortero para mochi,mortero para mochi,pilon à riz,pilon à riz,Mörser,mortaio da mochi,절구 세트,0937,1569,1103,1102,1235,1233,0958,0820,1174,1.0,1400,2BCD,2C77,int_oth_ricecake,No,,,,mochi pestle,,-
0937,model bus,model bus,,,Kapp'n's RV,-,No,-,-,"3,000",-,-,Model,1x1,No,No,Yes,,,-,,,151,-,-,Toy Shop,yellow,green,-,historical,,No,No,-,1,1,-,1,-,-,-,,-,-,バスのもけい,miniautobús,miniautobús,maquette de bus,maquette de bus,Bus-Miniatur,modellino bus,버스 모형,0938,1197,1067,1066,1046,1045,0221,0803,0605,1.4,12000,-,308D,int_mdl_bus,No,,,bus model,,,model bus
0938,model sailor,model sailor,,,Kapp'n's RV,-,No,-,-,"3,000",-,-,Model,1x1,No,No,Yes,,,-,,,151,-,-,Toy Shop,green,brown,-,historical,,No,No,-,1,1,-,1,-,-,-,,-,-,せんどうのもけい,minibarca,minibarca,figurine d'Amiral,figurine d'Amiral,Seemann-Miniatur,modellino marinaio,뱃사공 모형,0939,0843,1068,1067,0680,0678,1381,0808,0595,1.4,12000,-,308E,int_mdl_boat,No,,,Kapp'n model,,,-
0939,modern bed,modern bed (Monochromatic - Modern plaid),,,Nooklings,D,Yes,"2,320",-,580,464,-,Bed,2x2,No,No,No,,,Sleep,-,Sleep,151,modern,Series,Trendy,black,black,-,modern,,No,Yes,232,72,6,the frame,6,the bedding,6,Gold Nugget / Silver Nugget / Ruby / Sapphire / Emerald / Amethyst,,-,-,ツートンベッド,cama moderna,cama moderna,lit moderne,lit moderne,Schachbett,letto moderno,투톤 침대,0940,0983,0330,0328,0982,0980,1290,0691,1458,1.0,2320,298D,2A37,rmk_mnc_bedW,No,,,,-,,modern bed
0940,modern cabinet,modern cabinet (Monochromatic),,,Nooklings,D,Yes,"2,580",-,645,516,-,-,2x1,No,Yes,No,,,,,,151,modern,Series,Trendy,black,black,-,modern,,No,Yes,258,12,6,the body color,1,-,6,Gold Nugget / Silver Nugget / Ruby / Sapphire / Emerald / Amethyst,,-,-,ツートンボード,vitrina moderna,vitrina moderna,vitrine moderne,vitrine moderne,Schachschränkchen,vetrina moderna,투톤 선반,0941,0984,1738,1736,1724,1724,1295,1721,1454,1.0,2580,2995,2A3F,rmk_mnc_bookshelf,No,,,,-,,modern cabinet
0941,modern cash register,modern cash register,,,Candi's RV,-,No,-,-,300,240,-,-,1x1,No,No,Yes,,,,,,151,-,-,-,gray,gray,-,modern,,No,No,-,1,1,-,1,-,-,-,,-,-,レジ,registradora gris,registradora gris,caisse enregistreuse,caisse enregistreuse,Registrierkasse,registratore cassa,가게 계산기,0942,1670,1283,1283,0267,0265,1199,1071,0046,1.4,1200,-,2F21,int_oth_cashier,No,,,,modern cash register,modern cash register,-
0942,modern chair,modern chair (Monochromatic),,,Nooklings,D,Yes,"1,500",-,375,300,-,Seat,1x1,No,No,No,,,Sit,-,Sit,151,modern,Series,Trendy,black,white,-,modern,,No,Yes,150,12,6,the body color,1,-,6,Gold Nugget / Silver Nugget / Ruby / Sapphire / Emerald / Amethyst,,-,-,ツートンチェア,silla moderna,silla moderna,chaise moderne,chaise moderne,Schachstuhl,sedia moderna,투톤 체어,0943,0980,1453,1453,0375,0374,1298,1229,1457,1.0,1500,2990,2A3A,rmk_mnc_chairS,No,,,,-,,modern chair
0943,modern desk,modern desk (Monochromatic),,,Nooklings,D,Yes,"2,480",-,620,496,-,Table,2x1,No,Yes,No,,,,,,151,modern,Series,Trendy,black,white,-,modern,,No,Yes,248,12,6,the body color,1,-,6,Gold Nugget / Silver Nugget / Ruby / Sapphire / Emerald / Amethyst,,-,-,ツートンデスク,escritorio moderno,escritorio moderno,bureau moderne,bureau moderne,Schachschreibtisch,scrittoio moderno,투톤 데스크,0944,0982,0553,0551,0236,0234,1296,1163,1450,1.0,2480,2993,2A3D,rmk_mnc_tableM02,No,,,,-,,modern desk
0944,modern dresser,modern dresser (Monochromatic),,,Nooklings,D,Yes,"2,250",-,562,449,-,Dresser,1x1,No,Yes,No,,,Storage,Press,Press,151,modern,Series,Trendy,black,white,-,modern,,No,Yes,225,12,6,the body color,1,-,6,Gold Nugget / Silver Nugget / Ruby / Sapphire / Emerald / Amethyst,,-,-,ツートンタンス,cómoda moderna,cómoda moderna,commode moderne,commode moderne,Schachkommode,comodino moderno,투톤 서랍장,0945,0979,0483,0481,0493,0492,1292,0358,1453,1.0,2250,298E,2A38,rmk_mnc_chestA,No,,,,-,,modern dresser
0945,modern end table,modern end table (Monochromatic),,,Nooklings,D,Yes,"1,900",-,475,380,-,Table,1x1,No,Yes,No,,,,,,151,modern,Series,Trendy,black,white,-,modern,,No,Yes,190,12,6,the body color,1,-,6,Gold Nugget / Silver Nugget / Ruby / Sapphire / Emerald / Amethyst,,-,-,ツートンテーブル,mesita moderna,mesita moderna,table moderne,table moderne,Schachecktisch,tavolino moderno,투톤 테이블,0946,0981,1049,1048,1541,1541,1291,1473,1459,1.0,1900,2992,2A3C,rmk_mnc_tableS,No,,,,-,,modern end table
0946,modern hospital bed,modern hospital bed,,,Campground Shop,-,No,-,-,700,560,-,Bed,2x1,No,No,No,,,Sleep,-,Sleep,151,-,-,Sci-Fi,white,gray,-,modern,,No,No,-,1,1,-,1,-,-,-,,-,-,モダンなびょういんベッド,cama de hospital,cama de hospital,lit hôpital moderne,lit hôpital moderne,Klinikbett,l. ospedale moderno,모던 병원 침대,0947,1568,0312,0310,0976,0974,0760,0554,0484,1.4,2800,-,2F4E,int_hsp_mdn_bedS,No,,,,modern hospital bed,modern hospital bed,modern hospital bed
0947,modern lamp,modern lamp (Monochromatic - Monochromatic plaid),,,Nooklings,D,Yes,"1,400",-,350,280,-,Light,1x1,No,No,Yes,,,Toggle,Light,Press,151,modern,Series,Trendy,black,black,-,modern,,No,Yes,140,72,6,the body color,6,the lamp shade,6,Gold Nugget / Silver Nugget / Ruby / Sapphire / Emerald / Amethyst,,-,-,ツートンランプ,lámpara moderna,lámpara moderna,lampe moderne,lampe moderne,Schachlampe,lampada moderna,투톤 램프,0948,0985,0801,0801,0895,0893,1293,0600,1451,1.0,1400,2996,2A40,rmk_mnc_lamp,No,,,,-,,modern lamp
0948,modern office chair,modern office chair,,,Raddle's RV,-,No,-,-,300,240,-,Seat,1x1,No,No,No,,,Sit,-,Sit,151,-,-,-,black,black,-,official,,No,No,-,1,1,-,1,-,-,-,,-,-,オフィスのイス,sillón oficina,sillón oficina,fauteuil pro,fauteuil pro,Profi-Bürostuhl,poltrona ufficio,모던 오피스 의자,0949,0251,1486,1485,0667,0665,1150,1016,0486,1.4,1200,-,2F4F,int_ofc_mdn_chairS,No,,,,modern office chair,modern office chair,modern office chair
0949,modern sofa,modern sofa (Monochromatic),,,Nooklings,D,Yes,"2,620",-,655,524,-,Seat,2x1,No,No,No,,,Sit,-,Sit,151,modern,Series,Trendy,black,white,-,modern,,No,Yes,262,12,6,the body color,1,-,6,Gold Nugget / Silver Nugget / Ruby / Sapphire / Emerald / Amethyst,,-,-,ツートンソファL,sofá moderno,sofá moderno,canapé moderne,canapé moderne,Schachsofa,sofà moderno,투톤 소파 L,0950,0978,1509,1508,0295,0293,1297,1356,1455,1.0,2620,2991,2A3B,rmk_mnc_chairL,No,,,,-,,modern sofa
0950,modern table,modern table (Monochromatic),,,Nooklings,D,Yes,"1,800",-,450,360,-,Table,2x1,No,Yes,No,,,,,,151,modern,Series,Trendy,black,white,-,modern,,No,Yes,180,12,6,the body color,1,-,6,Gold Nugget / Silver Nugget / Ruby / Sapphire / Emerald / Amethyst,,-,-,ツートンローテーブル,mesa baja moderna,mesa baja moderna,table basse moderne,table basse moderne,Schachtisch,tavolo moderno,투톤 낮은 테이블,0951,0987,0944,0943,1486,1486,1300,1532,1449,1.0,1800,2994,2A3E,rmk_mnc_tableM01,No,,,,-,,modern table
0951,modern wall clock,modern wall clock (Monochromatic),,,Nooklings,-,Yes,"2,000",-,500,400,-,Clock,1x1,Yes,No,No,,,,,,151,modern,Series,Trendy,black,white,-,modern,,No,Yes,200,12,6,the body color,1,-,6,Gold Nugget / Silver Nugget / Ruby / Sapphire / Emerald / Amethyst,,-,-,ツートンウォールクロック,reloj pared moderno,reloj pared moderno,horloge mur moderne,horloge mur moderne,Schachwanduhr,orol. muro moderno,투톤 벽시계,0952,0976,1330,1330,0812,0810,1301,0853,1452,1.0,2000,2997,2A41,rmk_mnc_wall,Yes,,,,-,modern wall clock,-
0952,modern wardrobe,modern wardrobe (Monochromatic),,,Nooklings,D,Yes,"2,560",-,640,512,-,Closet,1x1,No,No,No,,,Storage,Press,Press,151,modern,Series,Trendy,black,white,-,modern,,No,Yes,256,12,6,the body color,1,-,6,Gold Nugget / Silver Nugget / Ruby / Sapphire / Emerald / Amethyst,,-,-,ツートンクロゼット,armario moderno,armario moderno,armoire moderne,armoire moderne,Schachschrank,armadio moderno,투톤 옷장,0953,0977,0077,0077,0047,0047,1294,0071,1456,1.0,2560,298F,2A39,rmk_mnc_chestC,No,,,,-,,modern wardrobe
0953,modern wash station,modern wash station,,,Paolo's RV,-,No,-,-,300,240,-,-,1x1,No,No,No,,,,,,151,-,-,-,aqua,white,-,modern,,No,No,-,1,1,-,1,-,-,-,,-,-,モダンなあらいば,regadera de pared,ducha de pared,douche moderne,douche moderne,Designer-Duschwand,doccia moderna,모던 샤워대,0954,1567,1280,0538,0578,0577,0260,0422,0485,1.4,1200,-,2FEC,int_bth_lavatory_mdn,No,,,,,modern wash station,-
0954,modern wood bed,modern wood bed (Standard - Tree),,,Nooklings,B,Yes,"1,680",-,420,336,-,Bed,2x1,No,No,No,,,Sleep,-,Sleep,151,modern wood,Series,Rustic,brown,brown,-,cute,,No,Yes,168,9,3,the wood pattern,3,the futon cover,-,-,,-,-,ミックスウッドのベッド,cama listones,cama listones,lit bois moderne,lit bois moderne,Buntholzbett,letto legno,믹스우드 침대,0955,1517,0327,0325,0957,0955,0204,0689,0559,1.0,1680,2D0E,2DB8,rmk_mxw_bedS,Yes,,,,,modern wood bed,modern wood bed
0955,modern wood chair,modern wood chair (Standard),,,Nooklings,B,Yes,"1,200",-,300,240,-,Seat,1x1,No,No,No,,,Sit,-,Sit,151,modern wood,Series,Rustic,brown,beige,-,cute,,No,Yes,120,3,3,the wood pattern,1,-,-,-,,-,-,ミックスウッドのチェア,silla listones,silla listones,chaise bois moderne,chaise bois moderne,Buntholzstuhl,sedia legno,믹스우드 체어,0956,1513,1449,1449,0340,0339,0211,1223,0558,1.0,1200,2D10,2DBA,rmk_mxw_chairS,Yes,,,,,modern wood chair,-
0956,modern wood chest,modern wood chest (Standard),,,Nooklings,B,Yes,"1,480",-,370,296,-,Dresser,1x1,No,No,No,,,Storage,Press,Press,151,modern wood,Series,Rustic,brown,beige,-,cute,,No,Yes,148,3,3,the wood pattern,1,-,-,-,,-,-,ミックスウッドのタンス,cómoda listones,cómoda listones,commo. bois moderne,commo. bois moderne,Buntholzkommode,comò legno,믹스우드 서랍장,0957,1512,0480,0478,0471,0470,0207,0337,0554,1.0,1480,2D11,2DBB,rmk_mxw_chestA,Yes,,,,,modern wood chest,-
0957,modern wood clock,modern wood clock (Standard),,,Nooklings,-,Yes,"1,400",-,350,280,-,Clock,1x1,Yes,No,No,,,,,,151,modern wood,Series,Rustic,brown,beige,-,cute,,No,Yes,140,3,3,the wood pattern,1,-,-,-,,-,-,ミックスウッドのとけい,reloj listones,reloj listones,horloge bois moderne,horloge bois moderne,Buntholzuhr,orologio legno,믹스우드 시계,0958,1516,1317,1317,0785,0783,0213,0881,0556,1.0,1400,2D13,2DBD,rmk_mxw_clockN,Yes,,,,,modern wood clock,-
0958,modern wood closet,modern wood closet (Standard),,,Nooklings,B,Yes,"1,600",-,400,320,-,Closet,1x1,No,No,No,,,Storage,Press,Press,151,modern wood,Series,Rustic,brown,beige,-,cute,,No,Yes,160,3,3,the wood pattern,1,-,-,-,,-,-,ミックスウッドクロゼット,armario listones,armario listones,armoire bois moderne,armoire bois moderne,Buntholzschrank,armadio legno,믹스우드 옷장,0959,1509,0072,0072,0031,0031,0210,0069,0557,1.0,1600,2D12,2DBC,rmk_mxw_chestC,Yes,,,,,modern wood closet,modern wood closet
0959,modern wood lamp,modern wood lamp (Standard),,,Nooklings,B,Yes,"1,680",-,420,336,-,Light,1x1,No,No,No,,,Toggle,Light,Press,151,modern wood,Series,Rustic,brown,beige,-,cute,,No,Yes,168,3,3,the wood pattern,1,-,-,-,,-,-,ミックスウッドのランプ,lámpara listones,lámpara listones,lampe bois moderne,lampe bois moderne,Buntholzlampe,lampada legno,믹스우드 램프,0960,1519,0795,0795,0873,0871,0208,0596,0552,1.0,1680,2D14,2DBE,rmk_mxw_lamp,Yes,,,,,modern wood lamp,modern wood lamp
0960,modern wood shelf,modern wood shelf (Standard),,,Nooklings,B,Yes,"1,840",-,460,368,-,-,2x1,No,Yes,No,,,,,,151,modern wood,Series,Rustic,brown,beige,-,cute,,No,Yes,184,3,3,the wood pattern,1,-,-,-,,-,-,ミックスウッドのシェルフ,librería listones,librería listones,étagère bois moderne,étagère bois moderne,Buntholzregal,libreria legno,믹스우드 쉘프,0961,1510,0858,0856,0620,0617,0209,0720,0555,1.0,1840,2D17,2DC1,rmk_mxw_bookshelf,Yes,,,,,modern wood shelf,-
0961,modern wood sofa,modern wood sofa (Standard),,,Nooklings,B,Yes,"1,600",-,400,320,-,Seat,2x1,No,No,No,,,Sit,-,Sit,151,modern wood,Series,Rustic,brown,beige,-,cute,,No,Yes,160,3,3,the wood pattern,1,-,-,-,,-,-,ミックスウッドのベンチ,banco listones,banco listones,canapé bois moderne,canapé bois moderne,Buntholzbank,sofà legno,믹스우드 벤치,0962,1518,0132,0129,0277,0275,0203,1354,0553,1.0,1600,2D0F,2DB9,rmk_mxw_chairL,Yes,,,,,modern wood sofa,modern wood sofa
0962,modern wood stool,modern wood stool (Standard),,,Nooklings,B,Yes,"1,480",-,370,296,-,Seat,1x1,No,Yes,No,,,Sit,-,Sit,151,modern wood,Series,Rustic,brown,beige,-,cute,,No,Yes,148,3,3,the wood pattern,1,-,-,-,,-,-,ミックスウッドのスツール,taburete listones,taburete listones,siège bois moderne,siège bois moderne,Buntholzhocker,sgabello legno,믹스우드 둥근 스툴,0963,1511,1565,1564,1413,1412,0206,1318,0551,1.0,1480,2D15,2DBF,rmk_mxw_stool,Yes,,,,,modern wood stool,modern wood stool
0963,modern wood table,modern wood table (Standard),,,Nooklings,B,Yes,"1,980",-,495,396,-,Table,2x1,No,Yes,No,,,,,,151,modern wood,Series,Rustic,brown,beige,-,cute,,No,Yes,198,3,3,the wood pattern,1,-,-,-,,-,-,ミックスウッドのテーブル,mesa listones,mesa listones,table bois moderne,table bois moderne,Buntholztisch,tavolo legno,믹스우드 테이블,0964,1514,1001,1001,1492,1492,0212,1526,0560,1.0,1980,2D16,2DC0,rmk_mxw_tableM,Yes,,,,,modern wood table,modern wood table
0964,modern wood TV,modern wood TV (Standard),,,Nooklings,B,Yes,"1,800",-,450,360,-,-,1x1,No,No,No,,,,,,151,modern wood,Series,Rustic,brown,beige,-,cute,,No,Yes,180,3,3,the wood pattern,1,-,-,-,,-,-,ミックスウッドのテレビ,tele listones,tele listones,télé bois moderne,télé bois moderne,Buntholzfernseher,TV legno,믹스우드 TV,0965,1515,1615,1614,1618,1618,0205,1663,0550,1.0,1800,2D18,2DC2,rmk_mxw_tv,Yes,,,,,modern wood TV,-
0965,money box,money box (Blue),,,Campground Shop,-,No,-,-,400,320,-,-,1x1,No,No,Yes,,,,,,151,-,-,-,blue,blue,-,basic,,No,Yes,160,5,5,the body color,1,-,-,-,,-,-,てさげきんこ,caja de caudales,caja de caudales,caisse à monnaie,caisse à monnaie,Geldkassette,cassetta portavalori,간이 금고,0966,1014,0276,0274,0262,0260,0467,0271,0065,1.4,1600,-,2F63,rmk_oth_cashbox,No,,,,,money box,money box
0966,moon,moon,,,Spotlight,-,Yes,"32,000",-,"8,000","6,400",-,-,2x2,No,No,No,,,,,,351,space,Theme,Sci-Fi / Toy Shop,gray,gray,-,flashy,,No,No,-,1,1,-,1,-,-,-,,-,-,つき,Luna,Luna,lune,lune,Mond,luna,달,0967,0990,0873,0869,1016,1014,0954,0731,0259,1.0,32000,2A5E,2B08,int_oth_moon,No,,,,moon,,moon
0967,mop,mop,,,Nooklings,A,Yes,900,-,225,180,-,-,1x1,No,No,No,,,,,,151,classroom,Set,-,gray,brown,-,official,,No,No,-,1,1,-,1,-,-,-,,-,-,そうじようぐ,fregona,fregona,balai-éponge,balai-éponge,Wischmopp,spazzolone,청소도구,0968,0849,0660,0661,0090,0090,1707,1381,1247,1.0,900,2ABB,2B65,int_sch_cleantools,No,,,,mop,,mop
0968,morning glory,morning glory (Blue flower),,,Garden Shop,-,Yes,"1,600",-,400,320,-,-,1x1,No,No,Yes,,,,,,199,-,-,Rustic,blue,brown,-,basic,,No,Yes,160,3,3,the flower color,1,-,-,-,,-,-,あさがお,campanilla bicolor,campanilla bicolor,belle-de-jour,belle-de-jour,Prunkwinde,campanula,나팔꽃,0969,0083,0361,0359,0141,0140,1155,0225,0191,1.0,1600,2C13,2CBD,rmk_plt_morning_glory,No,,,,,,-
0969,moss ball,moss ball,,,Campground Shop,-,No,-,-,300,240,-,Plant,1x1,No,No,Yes,,,-,-,-,151,-,-,Rustic,green,green,-,historical,,No,No,-,1,1,-,1,-,-,-,,-,-,こけだま,bola de musgo,bola de musgo,boule de mousse,boule de mousse,Moosgesteck,vaso muschio,이끼 볼,0970,0583,0211,0209,0201,0199,0957,1699,1095,1.4,1200,-,2EF3,int_bon_kokedama,No,,,,moss ball,moss ball,-
0970,moth orchid,moth orchid,,,Garden Shop,-,Yes,"2,480",-,620,496,-,Plant,1x1,No,No,Yes,,,-,-,-,199,-,-,Rustic,white,green,-,ornate,,No,No,-,1,1,-,1,-,-,-,,-,-,こちょうらん,orquídea,orquídea,orchidée,orchidée,Orchidee,orchidea,호접란,0971,0591,1147,1148,1136,1134,1036,0846,1684,1.0,2480,2C41,2CEB,int_oth_kotyouran,No,,,,,,moth orchid
0971,mountain bike,mountain bike (Green and yellow),,,Nooklings,B,Yes,"3,380",-,845,676,-,-,2x1,No,No,No,,,,,,151,-,-,-,green,yellow,-,sporty,,No,Yes,338,8,8,the frame,1,-,-,-,,-,-,マウンテンバイク,bici de montaña,bici de montaña,VTT,VTT,Mountainbike,mountain bike,마운틴 바이크,0972,1461,0183,0180,1733,1733,0959,0823,0436,1.0,3380,2B6A,2C14,rmk_tnt_bike,No,,,,mountain bike,,mountain bike
0972,mountain standee,mountain standee,,,Nooklings,C,Yes,"1,200",-,300,240,-,-,2x1,No,No,No,,,,,,151,-,-,-,green,green,-,cute,,No,No,-,1,1,-,1,-,-,-,,-,-,ハリボテのやま,montaña atrezo,montaña atrezo,colline en carton,colline en carton,Papphügel,sagoma collina,연극용 산,0973,1230,1097,1096,0466,0465,1069,1105,0996,1.0,1200,2D76,2E20,int_hrb_mountain,Yes,,,,mountain standee,mountain standee,-
0973,Mouth of Truth,Mouth of Truth,,,Gulliver,-,Yes,"7,600",-,"1,900","1,520",-,-,2x1,No,No,No,,,,,,1051,-,-,Quirky,gray,gray,-,iconic,,No,No,-,1,1,-,1,-,-,-,,-,-,しんじつのくち,Boca de la Verdad,Boca de la Verdad,Bouche de Vérité,Bouche de Vérité,Wahrheitsmund,Bocca della Verità,진실의 입,0974,0735,0209,0206,0191,0189,1633,0176,1220,1.0,7600,2D8B,2E35,int_jhn_truth,No,,,,,,Mouth of Truth
0974,Mr. Flamingo,Mr. Flamingo,,,Nooklings,A,Yes,"1,530",-,382,305,-,-,1x1,No,No,No,,,,,,151,mossy garden,Theme,-,pink,pink,-,cute,,No,No,-,1,1,-,1,-,-,-,,-,-,おすのフラミンゴ,Sr. Flamenco,Sr. Flamenco,M. Flamingo,M. Flamingo,Mr. Flamingo,fenicottero 1,수컷 플라밍고,0975,0238,1532,1532,1020,1018,0960,0443,0804,1.0,1530,2A7F,2B29,int_gdn_flamingo01,No,,,,Mr. Flamingo,,Mr. Flamingo
0975,Mrs. Flamingo,Mrs. Flamingo,,,Nooklings,A,Yes,"1,530",-,382,305,-,-,1x1,No,No,No,,,,,,151,mossy garden,Theme,-,pink,pink,-,cute,,No,No,-,1,1,-,1,-,-,-,,-,-,めすのフラミンゴ,Sra. Flamenco,Sra. Flamenco,Mme Flamingo,Mme Flamingo,Mrs. Flamingo,fenicottero 2,암컷 플라밍고,0976,1555,1533,1533,1097,1096,0961,0444,0958,1.0,1530,2A80,2B2A,int_gdn_flamingo02,No,,,,Mrs. Flamingo,,Mrs. Flamingo
0976,mug,mug (Milk - Stripes),,,Norma's RV,-,No,-,-,400,320,-,-,1x1,No,No,Yes,,,,,,151,-,-,-,white,blue,-,basic,,No,Yes,160,16,4,the beverage,4,the mug design,-,-,,-,-,マグカップ,taza grande,taza grande,mug,mug,Tasse,tazza,머그컵,0977,1465,1602,1602,1113,1111,1534,1561,0457,1.4,1600,-,2FBD,rmk_oth_mug,No,,,,mug,mug,mug
0977,mugho bonsai,mugho bonsai,,,Garden Shop,-,Yes,"1,800",-,450,360,-,Plant,1x1,No,No,Yes,,,-,-,-,199,pine tree,Set,Harmonious / Rustic,green,black,-,iconic,,No,No,-,1,1,-,1,-,-,-,,-,-,ゴヨウマツのぼんさい,pino mugo bonsái,pino mugo bonsái,bonsaï pin mugho,bonsaï pin mugho,Bergkiefern-Bonsai,bonsai mugo,잣나무 분재,0978,0602,1210,1214,0184,0182,0134,0188,1145,1.0,1800,2B23,2BCD,int_bop_whitepine,No,,,,,,-
0978,mummy's casket,mummy's casket,,,Gulliver,-,Yes,"4,400",-,"1,100",880,-,Closet,1x1,No,No,No,,,Storage,Press,Press,1051,-,-,Antique / Quirky,yellow,colorful,-,historical,,No,No,-,1,1,-,1,-,-,-,,-,-,ミイラのひつぎ,sarcófago momia,sarcófago momia,sarcophage,sarcophage,Sarkophag,sarcofago,미라 관,0979,1491,1385,1384,1386,1384,1286,1113,0534,1.0,4400,2B55,2BFF,int_oth_coffin_chestB,No,,,,-,,-
0979,museum chair,museum chair (White),,,Museum Shop,-,Yes,"3,000",-,750,600,-,Seat,1x1,No,Yes,No,,,Sit,-,Sit,199,museum,Set,Trendy,white,white,-,official,,No,Yes,300,2,2,the cushion color,1,-,-,-,,-,-,ミュージアムのイス,banco de museo,banco de museo,tabouret de musée,tabouret de musée,Museumshocker,sgabello museo,뮤지엄 의자,0980,1541,0124,0121,1589,1589,0968,1320,0527,1.0,3000,2C24,2CCE,rmk_mse_stool,Yes,,,,,museum chair,museum chair
0980,museum clock,museum clock,,,Blathers's RV,-,No,-,-,"3,000",-,-,Clock,2x1,No,No,No,,,,,,151,-,-,Toy Shop,brown,green,-,iconic,,No,No,-,1,1,-,1,-,-,-,,-,-,はくぶつかんのとけい,reloj museo,reloj museo,horloge musée,horloge musée,Museumsuhr,orologio museo,박물관 시계,0981,1184,1320,1320,0816,0814,0971,0889,0572,1.4,12000,-,30B7,int_owl_clock,Yes,,,,,,-
0981,museum mat,museum mat (Entrance),,,Blathers's RV,-,No,-,-,"3,000",-,-,-,2x2,No,No,No,,,,,,151,-,-,Toy Shop,red,orange,-,official,,No,Yes,1200,5,5,mat design,1,-,-,-,,-,-,はくぶつかんのマット,alfombra museo,alfombra museo,paillasson musée,paillasson musée,Museumsmatte,tappetino museo,박물관 매트,0982,1185,0013,0012,1148,1146,0969,1445,0570,1.4,12000,-,30C8,rmk_owl_mat,Yes,,,,,,-
0982,museum model,museum model,,,Museum Shop,-,Yes,"1,800",-,450,360,-,Model,1x1,No,No,Yes,,,-,,,199,-,-,Toy Shop,-,-,-,basic,,No,No,-,1,1,-,1,-,-,-,,-,-,はくぶつかんのもけい,maqueta de museo,maqueta de museo,maquette de musée,maquette de musée,Museumsmodell,modellino museo,박물관 모형,0983,1186,0904,0901,1047,1046,0970,0809,0571,1.0,1800,2C35,2CDF,int_mdl_museum,No,,,,,,-
0983,mush bed,mush bed,,,Near trees,-,No,-,-,"3,000","2,400",-,Bed,2x1,No,No,No,,,Sleep,-,Sleep,351,mush,Series,Rustic / Fairy Tale,red,red,-,cute,,No,No,-,1,1,-,1,-,-,-,Disguised as mushrooms when spawns,-,-,きのこのベッド,cama hongo,cama hongo,lit champi,lit champi,Pilzbett,letto fungo,버섯 침대,0984,0410,0323,0321,0964,0962,1098,0681,0603,1.0,12000,29CF,2A79,int_msh_bedS,No,,,,,,-
0984,mush chair,mush chair,,,Near trees,-,No,-,-,"1,900","1,520",-,Seat,1x1,No,No,No,,,Sit,-,Sit,351,mush,Series,Rustic / Fairy Tale,white,aqua,-,cute,,No,No,-,1,1,-,1,-,-,-,Disguised as mushrooms when spawns,-,-,マッシュルームチェア,silla hongo,silla hongo,chaise champi,chaise champi,Pilzstuhl,sedia fungo,머시룸 체어,0985,1474,1445,1445,0348,0347,1105,1213,0470,1.0,7600,29D2,2A7C,int_msh_chairS_B,No,,,,,,-
0985,mush closet,mush closet,,,Near trees,-,No,-,-,"2,450","1,960",-,Closet,1x1,No,No,No,,,Storage,Press,Press,351,mush,Series,Rustic / Fairy Tale,brown,brown,-,cute,,No,No,-,1,1,-,1,-,-,-,Disguised as mushrooms when spawns,-,-,きのこクロゼット,armario hongo,armario hongo,buffet champi,buffet champi,Pilzschrank,armadio fungo,버섯 옷장,0986,0403,0070,0070,0218,0216,1104,0063,0602,1.0,9800,29D1,2A7B,int_msh_chestC,No,,,,,,-
0986,mush dresser,mush dresser,,,Near trees,-,No,-,-,"2,450","1,960",-,Dresser,2x1,No,Yes,No,,,Storage,Press,Press,351,mush,Series,Rustic / Fairy Tale,brown,brown,-,cute,,No,No,-,1,1,-,1,-,-,-,Disguised as mushrooms when spawns,-,-,きのこのタンス,cómoda hongo,cómoda hongo,commode champi,commode champi,Pilzkommode,comò fungo,버섯 서랍장,0987,0407,0478,0476,0481,0480,1102,0330,0600,1.0,9800,29D0,2A7A,int_msh_chestA,No,,,,,,-
0987,mush end table,mush end table,,,Near trees,-,No,-,-,"2,200","1,760",-,Table,1x1,No,Yes,No,,,,,,351,mush,Series,Rustic / Fairy Tale,brown,white,-,cute,,No,No,-,1,1,-,1,-,-,-,Disguised as mushrooms when spawns,-,-,きのこサイドテーブル,mesita hongo,mesita hongo,table basse champi,table basse champi,Pilztischchen,tavolino fungo,버섯 사이드 테이블,0988,0404,1047,1046,1483,1483,1107,1466,0599,1.0,8800,29D5,2A7F,int_msh_tableS,No,,,,,,-
0988,mush hanger,mush hanger,,,Near trees,-,No,-,-,"2,000","1,600",-,-,1x1,No,No,No,,,,,,351,mush,Series,Rustic / Fairy Tale,brown,red,-,cute,,No,No,-,1,1,-,1,-,-,-,Disguised as mushrooms when spawns,-,-,きのこのハンガー,perchero hongo,perchero hongo,portemanteau champi,portemanteau champi,Pilzgarderobe,attaccapanni fungo,버섯 옷걸이,0989,0409,1184,1187,1289,1287,1100,0103,0601,1.0,8000,29D9,2A83,int_msh_polehanger,No,,,mushroom rack,,,mush hanger
0989,mush lamp,mush lamp,,,Near trees,-,No,-,-,"2,400","1,920",-,Light,1x1,No,No,No,,,Toggle,Light,Press,351,mush,Series,Rustic / Fairy Tale,aqua,aqua,-,cute,,No,No,-,1,1,-,1,-,-,-,Disguised as mushrooms when spawns,-,-,きのこのランプ,lámpara hongo,lámpara hongo,lampe champi,lampe champi,Pilzlampe,lampada fungo,버섯 램프,0990,0411,0792,0792,0878,0876,1103,0589,0597,1.0,9600,29D6,2A80,int_msh_lampA,No,,,,mush lamp,,mush lamp
0990,mush stool,mush stool,,,Near trees,-,No,-,-,"1,800","1,440",-,Seat,1x1,No,No,No,,,Sit,-,Sit,351,mush,Series,Rustic / Fairy Tale,brown,brown,-,cute,,No,No,-,1,1,-,1,-,-,-,Disguised as mushrooms when spawns,-,-,さるのこしかけ,taburete hongo,taburete hongo,siège champi,siège champi,Pilzhocker,sgabello fungo,말굽버섯 의자,0991,0638,1563,1562,1415,1414,1101,1316,0449,1.0,7200,29D3,2A7D,int_msh_chairS_A,No,,,,,,-
0991,mush table,mush table,,,Near trees,-,No,-,-,"2,500","2,000",-,Table,2x2,No,Yes,No,,,,,,351,mush,Series,Rustic / Fairy Tale,red,white,-,cute,,No,No,-,1,1,-,1,-,-,-,Disguised as mushrooms when spawns,-,-,きのこのテーブル,mesa hongo,mesa hongo,table champi,table champi,Pilztisch,tavolo fungo,버섯 테이블,0992,0408,0994,0994,1501,1501,1106,1515,0604,1.0,10000,29D4,2A7E,int_msh_tableL,No,,,,mush table,,mush table
0992,mush TV,mush TV,,,Near trees,-,No,-,-,"2,500","2,000",-,-,2x1,No,No,No,,,,,,351,mush,Series,Rustic / Fairy Tale,red,white,-,cute,,No,No,-,1,1,-,1,-,-,-,Disguised as mushrooms when spawns,-,-,きのこテレビ,tele hongo,tele hongo,télé champi,télé champi,Pilzfernseher,TV fungo,버섯 TV,0993,0405,1612,1611,1619,1619,1099,1660,0596,1.0,10000,29D8,2A82,int_msh_tv,No,,,,,,mush TV
0993,mush wall lamp,mush wall lamp,,,Near trees,-,No,-,-,"2,400","1,920",-,Light,1x1,Yes,No,No,,,Toggle,Light,Press,351,mush,Series,Rustic / Fairy Tale,brown,orange,-,cute,,No,No,-,1,1,-,1,-,-,-,Disguised as mushrooms when spawns,-,-,きのこのウォールランプ,aplique hongo,aplique hongo,lampe mur champi,lampe mur champi,Pilzwandlampe,lampada a muro fungo,버섯 벽걸이 램프,0994,0406,0034,0034,0897,0895,1108,0569,0598,1.0,9600,29D7,2A81,int_msh_lampB,No,,,,,,-
0994,music stand,music stand,,,Nooklings,A,Yes,"1,280",-,320,256,-,-,1x1,No,No,No,,,,,,151,-,-,-,brown,white,-,basic,,No,No,-,1,1,-,1,-,-,-,,-,-,ふめんだい,atril partitura,atril partitura,pupitre à partition,pupitre à partition,Notenständer,leggìo per spartiti,보면대,0995,1360,0111,0111,1330,1328,1023,0655,0639,1.0,1280,2C9E,2D48,int_oth_musicstand,Yes,,,,music stand,music stand,-
0995,My Melody bed,My Melody bed,,,Chelsea's RV,-,No,-,-,"3,000",-,-,Bed,2x1,No,No,No,,,Sleep,-,Sleep,300,-,-,Fairy Tale / Toy Shop,pink,pink,-,cute,,No,No,-,1,1,-,1,-,-,-,,-,-,マイメロディなベッド,cama My Melody,cama My Melody,lit My Melody,lit My Melody,My-Melody-Bett,letto My Melody,마이 멜로디 침대,0996,1460,0331,0329,0983,0981,0973,0692,0440,1.4,12000,-,3059,int_mym_bedS,Yes,,,,My Melody bed,,My Melody bed
0996,My Melody chair,My Melody chair,,,Chelsea's RV,-,No,-,-,"3,000",-,-,Seat,1x1,No,No,No,,,Sit,-,Sit,300,-,-,Fairy Tale / Toy Shop,pink,white,-,cute,,No,No,-,1,1,-,1,-,-,-,,-,-,マイメロディなイス,mecedora My Melody,mecedora My Melody,chaise My Melody,chaise My Melody,My-Melody-Stuhl,sedia My Melody,마이 멜로디 의자,0997,1456,0936,0933,0376,0375,0975,1230,0439,1.4,12000,-,305C,int_mym_chairS,Yes,,,,My Melody chair,,My Melody chair
0997,My Melody clock,My Melody clock,,,Chelsea's RV,-,No,-,-,"3,000",-,-,Clock,1x1,Yes,No,Yes,,,,,,300,-,-,Fairy Tale / Toy Shop,pink,white,-,cute,,No,No,-,2,1,-,1,-,-,-,,-,-,マイメロディなとけい,reloj My Melody,reloj My Melody,horloge My Melody,horloge My Melody,My-Melody-Uhr,orologio My Melody,마이 멜로디 시계,0998,1458,1321,1321,0817,0815,0977,0890,0438,1.4,12000,-,305A,int_mym_clockN_floor,Yes,,,,My Melody clock,,My Melody clock
0998,My Melody dresser,My Melody dresser,,,Chelsea's RV,-,No,-,-,"3,000",-,-,-,1x1,No,No,No,,,,,,300,-,-,Fairy Tale / Toy Shop,pink,white,-,cute,,No,No,-,1,1,-,1,-,-,-,,-,-,マイメロディなドレッサー,tocador My Melody,tocador My Melody,coiffeuse My Melody,coiffeuse My Melody,My-Melody-Spiegel,comò My Melody,마이 멜로디 화장대,0999,1459,1663,1661,0454,0453,0974,0339,0442,1.4,12000,-,305D,int_mym_dresser,Yes,,,,My Melody dresser,,My Melody dresser
0999,My Melody table,My Melody table,,,Chelsea's RV,-,No,-,-,"3,000",-,-,Table,1x1,No,Yes,No,,,,,,300,-,-,Fairy Tale / Toy Shop,pink,white,-,cute,,No,No,-,1,1,-,1,-,-,-,,-,-,マイメロディなテーブル,mesita My Melody,mesita My Melody,table My Melody,table My Melody,My-Melody-Tisch,tavolo My Melody,마이 멜로디 테이블,1000,1457,1050,1049,1542,1542,0976,1533,0441,1.4,12000,-,305E,int_mym_tableS,Yes,,,,My Melody table,,My Melody table
1000,Nabiru ornament,Nabiru ornament,,,Felyne's RV,-,No,-,-,"3,000",-,-,Doll,1x1,No,No,Yes,,,,,,300,-,-,Toy Shop,beige,brown,-,cute,,No,No,-,1,1,-,1,-,-,-,,-,-,ナビルーのおきもの,adorno de Navirou,adorno de Navirou,statuette de Navirou,statuette de Navirou,Navirou-Ornament,statua Navirou,나비루 모형,1001,1099,0004,0004,1461,1461,0983,1404,0188,1.4,12000,-,309C,int_mnh_navirou,Yes,,,,,,-
1001,narrow clock,narrow clock (Pink),,,DLC,-,Yes,"23,760",-,"5,940","4,752",-,Clock,1x1,Yes,No,No,,,,,,300,-,-,-,red,pink,-,modern,,No,Yes,2376,6,6,the body color,1,-,-,-,,-,-,ホソミクロック,reloj tijera,reloj tijera,horloge ciseaux,horloge ciseaux,Scherenuhr,orologio forbici,얇은 시계,1002,1421,1345,1345,0791,0789,1309,0872,0968,1.4,23760,-,2FAC,rmk_stt_clockN,No,,,,,narrow clock,-
1002,natural bench,natural bench (Vermilion),,,Sandy's RV,-,No,-,-,950,760,-,Seat,2x1,No,No,No,,,Sit,-,Sit,151,-,-,Rustic,orange,brown,-,modern,,No,Yes,380,6,6,the sofa color,1,-,-,-,,-,-,ナチュラルなベンチ,banco funcional,banco funcional,banc naturel,banc naturel,Funktionalbank,panca funzionale,내추럴 벤치,1003,1095,0129,0126,0110,0110,0435,0925,0208,1.4,3800,-,2FD2,rmk_ntr_chairL,No,,,,,natural bench,natural bench
1003,natural chair,natural chair (Vermilion),,,Sandy's RV,-,No,-,-,800,640,-,Seat,1x1,No,No,No,,,Sit,-,Sit,151,-,-,Rustic,orange,brown,-,modern,,No,Yes,320,6,6,the sofa color,1,-,-,-,,-,-,ナチュラルなソファ,sillón funcional,sillón funcional,fauteuil naturel,fauteuil naturel,Funktionalsessel,poltrona funzionale,내추럴 소파,1004,1093,1484,1483,0663,0661,0437,1009,0209,1.4,3200,-,2FD3,rmk_ntr_chairS,No,,,,,natural chair,natural chair
1004,natural lamp,natural lamp (Vermilion),,,Vivian's RV,-,No,-,-,900,720,-,Light,1x1,No,No,No,,,Toggle,Light,Press,151,-,-,Rustic,brown,orange,-,modern,,No,Yes,360,6,6,the shade color,1,-,-,-,,-,-,ナチュラルなライト,lámpara funcional,lámpara funcional,lampe naturelle,lampe naturelle,Funktionalleuchte,lampada funzionale,내추럴 조명,1005,1096,0785,0785,0902,0900,0436,0590,0210,1.4,3600,-,2FD6,rmk_ntr_lamp,No,,,,,natural lamp,natural lamp
1005,natural low table,natural low table (Dark brown),,,Vivian's RV,-,No,-,-,850,680,-,Table,2x1,No,Yes,No,,,,,,151,-,-,Rustic,brown,brown,-,modern,,No,Yes,340,3,3,the body color,1,-,-,-,,-,-,ナチュラルなローテーブル,mesita funcional,mesita funcional,table bas. naturelle,table bas. naturelle,Funktional-TV-Tisch,tavolino funzionale,내추럴 낮은 테이블,1006,1097,1044,1043,1480,1480,0439,1467,0207,1.4,3400,-,2FD5,rmk_ntr_tableM,No,,,,,natural low table,natural low table
1006,natural table,natural table (Dark brown),,,Claude's RV,-,No,-,-,"1,200",960,-,Table,2x2,No,Yes,No,,,,,,151,-,-,Rustic,brown,brown,-,modern,,No,Yes,480,3,3,the body color,1,-,-,-,,-,-,ナチュラルなテーブル,mesa funcional,mesa funcional,table naturelle,table naturelle,Funktionaltisch,tavolo funzionale,내추럴 테이블,1007,1094,0987,0987,1545,1545,0438,1516,0211,1.4,4800,-,2FD4,rmk_ntr_tableL,No,,,,,natural table,natural table
1007,NDS Lite bench,NDS Lite bench,,,Wisp's RV,-,No,-,-,"3,000",-,-,Seat,2x1,No,No,No,,,Sit,-,Sit,151,-,-,Toy Shop,pink,black,-,historical,,No,No,-,1,1,-,1,-,-,-,,-,-,DS Liteのイス,sofá DS Lite,sofá DS Lite,banc DS Lite,banc DS Lite,DS Lite-Bank,panca DS Lite,DS Lite 의자,1008,0024,1501,1501,0105,0105,0290,0922,0026,1.4,12000,-,3096,int_nin_DSlite,No,,,Nintendo DS Lite,,,-
1008,neon sign,neon sign,,,Nooklings,B,Yes,"2,400",-,600,480,-,-,1x1,No,No,No,,,,,,151,-,-,Toy Shop,black,colorful,-,flashy,,No,No,-,1,1,-,1,-,-,-,,-,-,ネオンのかんばん,señal de neón,señal de neón,enseigne lumineuse,enseigne lumineuse,Neonschild,insegna al neon,네온사인 간판,1009,1115,1391,1390,0597,0595,0984,0538,0223,1.0,2400,2D7D,2E27,int_oth_neon,Yes,,,,,neon sign,neon sign
1009,neutral corner,neutral corner,,,Nooklings,B,Yes,"5,500",-,"1,375","1,100",-,-,2x2,No,No,No,,,,,,151,boxing,Theme,-,white,white,-,sporty,,No,No,-,1,1,-,1,-,-,-,,-,-,ニュートラルコーナー,esquina neutral,esquina neutral,coin neutre,coin neutre,Ecke (neutral),angolo neutrale,뉴트럴 코너,1010,1110,0571,0569,0464,0463,0298,0025,0249,1.0,5500,2A77,2B21,int_wrs_bedW03,No,,,,neutral corner,,neutral corner
1010,New 3DS - Isabelle,New 3DS - Isabelle,,,Isabelle's RV,-,No,-,-,"4,590",-,-,-,1x1,No,No,Yes,,,,,,151,-,-,Toy Shop,yellow,white,-,modern,,No,No,-,1,1,-,1,-,-,-,,-,-,New3DS しずえ,New 3DS Canela,New 3DS Canela,New 3DS Marie,New 3DS Marie,Zierblende Melinda,New 3DS Fuffi,New 3DS 여울,1011,0030,1127,1128,1121,1119,1734,0835,0033,1.4,18360,-,3079,int_oth_New3DS_sza,Yes,,,,,,-
1011,New 3DS - K.K.,New 3DS - K.K.,,,K.K.'s RV,-,No,-,-,"4,590",-,-,-,1x1,No,No,Yes,,,,,,151,-,-,Toy Shop,white,white,-,modern,,No,No,-,1,1,-,1,-,-,-,,-,-,New3DS とたけけ,New 3DS Totakeke,New 3DS Totakeke,New 3DS Kéké,New 3DS Kéké,Zierblende K.K.,New 3DS K.K.,New 3DS T.K.,1012,0031,1131,1132,1119,1117,1733,0836,0029,1.4,18360,-,307C,int_oth_New3DS_end,Yes,,,,,,-
1012,New 3DS - Mabel,New 3DS - Mabel,,,Mabel's RV,-,No,-,-,"4,590",-,-,-,1x1,No,No,Yes,,,,,,151,-,-,Toy Shop,blue,white,-,modern,,No,No,-,1,1,-,1,-,-,-,,-,-,New3DS きぬよ,New 3DS Pili,New 3DS Pili,New 3DS Layette,New 3DS Layette,Zierblende Tina,New 3DS Agostina,New 3DS 고순이,1013,0029,1129,1130,1120,1118,1737,0833,0031,1.4,18360,-,307A,int_oth_New3DS_hgh,Yes,,,,,,-
1013,New 3DS - Sable,New 3DS - Sable,,,Mabel's RV,-,No,-,-,"4,590",-,-,-,1x1,No,No,Yes,,,,,,151,-,-,Toy Shop,brown,white,-,modern,,No,No,-,1,1,-,1,-,-,-,,-,-,New3DS あさみ,New 3DS Mili,New 3DS Mili,New 3DS Cousette,New 3DS Cousette,Zierblende Sina,New 3DS Filomena,New 3DS 고옥이,1014,0028,1128,1129,1118,1116,1736,0834,0032,1.4,18360,-,307B,int_oth_New3DS_hgs,Yes,,,,,,-
1014,New 3DS - T&T,New 3DS - T&T,,,Timmy and Tommy's RV,-,No,-,-,"4,590",-,-,-,1x1,No,No,Yes,,,,,,151,-,-,Toy Shop,brown,black,-,modern,,No,No,-,1,1,-,1,-,-,-,,-,-,New3DS まめつぶ,New 3DS T&N,New 3DS T&N,New 3DS Méli et Mélo,New 3DS Méli et Mélo,Zierblende S&N,New 3DS Marco+Mirco,New 3DS 콩돌밤돌,1015,0032,1130,1131,1122,1120,1735,0837,0034,1.4,18360,-,307D,int_oth_New3DS_lrn,Yes,,,,,,-
1015,New 3DS XL - HHD,New 3DS XL - HHD,,,Lottie's RV,-,No,-,-,"5,940",-,-,-,1x1,No,No,Yes,,,,,,151,-,-,Toy Shop,white,colorful,-,modern,,No,No,-,1,1,-,1,-,-,-,,-,-,New3DSLL HHD,New 3DS XL HHD,New 3DS XL HHD,New 3DS XL HHD,New 3DS XL HHD,Zierblende HHD,New 3DS XL HHD,New 3DS XL HHD,1016,0033,1132,1133,1123,1121,1732,0838,0030,1.4,23760,-,3078,int_oth_New3DSLL_HHD,Yes,,,,,,-
1016,New Nintendo 3DS,New Nintendo 3DS (White - White),,,Fortune,-,No,-,-,"4,320",-,-,-,1x1,No,No,Yes,,,,,,151,-,-,Toy Shop,white,white,-,modern,,No,Yes,1728,6,2,the system color,3,the cover plate,-,-,,-,-,Newニンテンドー3DS,New Nintendo 3DS,New Nintendo 3DS,New Nintendo 3DS,New Nintendo 3DS,New Nintendo 3DS,New Nintendo 3DS,New 닌텐도 3DS,1017,0034,1133,1134,1124,1122,0989,0839,0035,1.4,17280,-,3015,rmk_oth_New3DS,No,,,,,New Nintendo 3DS,New Nintendo 3DS
1017,New Nintendo 3DS XL,New Nintendo 3DS XL (Metallic blue),,,Hopkins's RV,-,No,-,-,"5,076",-,-,-,1x1,No,No,Yes,,,,,,151,-,-,Toy Shop,blue,blue,-,modern,,No,Yes,2030,2,2,the system color,1,-,-,-,,-,-,New3DS LL,New Nintendo 3DS XL,New Nintendo 3DS XL,New Nintendo 3DS XL,New Nintendo 3DS XL,New Nintendo 3DS XL,New Nintendo 3DS XL,New 닌텐도 3DS XL,1018,0027,1134,1135,1125,1123,0990,0840,0036,1.4,20304,-,3016,rmk_oth_New3DSLL,No,,,,,New Nintendo 3DS XL,New Nintendo 3DS XL
1018,New Year's noodles,New Year's noodles,,,Isabelle,-,No,-,-,875,-,-,-,1x1,No,No,Yes,,,,,,499,-,-,Harmonious,black,red,-,iconic,,No,No,-,1,1,-,1,-,-,-,,-,-,としこしそば,sopa de Año Nuevo,sopa de Año Nuevo,soupe du nouvel an,soupe du nouvel an,Neujahrsgericht,zuppa di Capodanno,새해맞이 국수,1019,1057,1528,1528,1441,1440,0987,1742,0738,1.0,3500,2C37,2CE1,int_oth_soba,No,New Year's Eve noodles,,,New Year's noodles,,New Year's noodles
1019,nine lamp,nine lamp (White),,,Spotlight,-,Yes,"9,000",-,"2,250","1,800",-,Light,1x1,No,No,Yes,,,Toggle,Light,Press,351,-,-,Trendy,white,white,-,cute,,No,Yes,900,7,7,the number color,1,-,-,-,,-,-,9のランプ,lámpara nueve,lámpara nueve,lampe 9,lampe 9,„9“-Lampe,lampada a 9,9 램프,1020,0015,0806,0806,0865,0863,0011,0567,0019,1.0,9000,2E02,2EAC,rmk_nmb_9,Yes,,,,,nine lamp,-
1020,ninja sword,ninja sword,,,Nooklings,B,Yes,"9,600",-,"2,400","1,920",-,-,1x1,No,No,No,,,,,,151,-,-,Harmonious / Antique / Quirky,brown,brown,-,iconic,,No,No,-,1,1,-,1,-,-,-,,-,-,にんじゃとう,espada ninja,espada ninja,épée de ninja,épée de ninja,Ninjaschwert,spada ninja,닌자 칼,1021,1112,0564,0562,0605,0602,0991,1377,0250,1.0,9600,2B00,2BAA,int_jpn_swordN,No,,,,,,-
1021,Nintendo 3DS shelf,Nintendo 3DS shelf,,,Puzzle League,-,No,-,-,900,-,-,-,2x1,No,No,No,,,,,,551,-,-,Toy Shop,white,colorful,-,modern,,No,No,-,1,1,-,1,-,-,-,,-,-,3DSソフトのたな,estante juegos 3DS,estante juegos 3DS,rayon Nintendo 3DS,rayon Nintendo 3DS,Nintendo 3DS-Regal,scaffale giochi 3DS,3DS 소프트웨어 수납장,1022,0008,0581,0579,1351,1349,0993,1128,0010,1.4,3600,-,301A,int_gms_shelf_3,No,,,,,Nintendo 3DS shelf,-
1022,Nintendo 3DS station,Nintendo 3DS station,,,Puzzle League,-,No,-,-,500,-,-,-,1x1,No,No,No,,,,,,551,-,-,Toy Shop,white,black,-,modern,,No,No,-,1,1,-,1,-,-,-,,-,-,3DSステーション,terminal 3DS,Nintendo 3DS Station,Nintendo 3DS Station,Nintendo 3DS Station,Nintendo 3DS Station,Nintendo 3DS Station,3DS 스테이션,1023,0007,1639,1138,1129,1127,0992,0843,0011,1.4,2000,-,3018,int_gms_station_3,No,,,,,Nintendo 3DS station,-
1023,Nintendo bench,Nintendo bench,,,Wisp's RV,-,No,-,-,"3,000",-,-,Seat,2x1,No,No,No,,,Sit,-,Sit,151,-,-,Toy Shop,red,white,-,iconic,,No,No,-,1,1,-,1,-,-,-,,-,-,にんてんどうベンチ,banco Nintendo,banco Nintendo,banc Nintendo,banc Nintendo,Nintendo-Bank,panca Nintendo,닌텐도 벤치,1024,1113,0133,0130,0111,0111,0995,0928,0251,1.4,12000,-,308F,int_nin_bench,No,Nintendo bench,Nintendo bench,,,,-
1024,Nintendo DSi bench,Nintendo DSi bench (White),,,Wisp's RV,-,No,-,-,"3,000",-,-,Seat,2x1,No,No,No,,,Sit,-,Sit,151,-,-,Toy Shop,white,black,-,historical,,No,Yes,1200,2,2,the body color,1,-,-,-,,-,-,DSiのイス,sofá Nintendo DSi,sofá Nintendo DSi,banc Nintendo DSi,banc Nintendo DSi,Nintendo DSi-Bank,panca Nintendo DSi,DSi 의자,1025,0025,1502,1511,0112,0112,0994,0929,0027,1.4,12000,-,3097,rmk_nin_DSi,No,,,"Nintendo DSi W, Nintendo DSi B",,,-
1025,Nook's Homes car,Nook's Homes car,,,Tom Nook's RV,-,No,-,-,"3,000",-,-,-,3x2,No,No,No,,,,,,151,-,-,Toy Shop,white,red,-,official,,No,No,-,1,1,-,1,-,-,-,,-,-,たぬきハウジングのくるま,coche inmobiliaria,coche inmobiliaria,auto Nook Immobilier,auto Nook Immobilier,ImmoNook-Auto,auto ImmoNook,너굴 하우징 차,1026,0899,0433,0433,0077,0077,0634,0107,0219,1.4,12000,-,307E,int_car_com_HHD,Yes,,,,,,-
1026,Nook's Homes mat,Nook's Homes mat,,,Tom Nook's RV,-,No,-,-,"3,000",-,-,-,2x2,No,No,No,,,,,,151,-,-,Toy Shop,blue,white,-,official,,No,No,-,1,1,-,1,-,-,-,,-,-,たぬきハウジングのマット,alfomb. inmobiliaria,alfomb. inmobiliaria,paillasson Nook Immo,paillasson Nook Immo,ImmoNook-Matte,tappetino ImmoNook,너굴 하우징 매트,1027,0900,0011,0010,1149,1147,0635,1444,0217,1.4,12000,-,30BB,int_rci_mat,Yes,,,,,,-
1027,Nook's Homes model,Nook's Homes model,,,Lottie,-,No,-,-,"3,000",-,-,Model,1x1,No,No,Yes,,,-,,,151,-,-,Toy Shop,red,brown,-,official,,No,No,-,1,1,-,1,-,-,-,,-,-,たぬきハウジングのもけい,maqueta inmobiliaria,maqueta inmobiliaria,maquette Nook Immo,maquette Nook Immo,ImmoNook-Modellbau,modellino ImmoNook,너굴 하우징 모형,1028,0901,0905,0902,1051,1050,0636,0807,0218,1.4,12000,-,30C9,int_mdl_HHD,Yes,,,,,,Nook's Homes model
1028,notebook bed,notebook bed (Pink),,,DLC,-,Yes,"23,760",-,"5,940","4,752",-,Bed,2x1,No,No,No,,,Sleep,-,Sleep,300,-,-,Trendy,pink,pink,-,basic,,No,Yes,2376,5,5,the cover color,1,-,-,-,,-,-,Campusベッド,cama cuaderno,cama cuaderno,lit agenda,lit agenda,Notizbuchbett,letto quadernone,노트 침대,1029,0019,0311,0309,0950,0948,1024,0700,0228,1.0,23760,2E28,2ED2,rmk_stt_bedS,Yes,,,,,notebook bed,-
1029,notebook wardrobe,notebook wardrobe (Pink),,,DLC,-,Yes,"23,760",-,"5,940","4,752",-,Closet,1x1,No,No,No,,,Storage,Press,Press,300,-,-,Trendy,pink,pink,-,basic,,No,Yes,2376,5,5,the cover color,1,-,-,-,,-,-,Campusクロゼット,armario agenda,armario agenda,armoire agenda,armoire agenda,Notizbuchschrank,armadio quadernino,노트 옷장,1030,0018,0050,0050,0027,0027,1025,0078,0227,1.0,23760,2E26,2ED0,rmk_stt_chestF,Yes,,,,,notebook wardrobe,-
1030,nutcracker,nutcracker,,,Gulliver,-,Yes,"1,200",-,300,240,-,Doll,1x1,No,No,Yes,,,,,,1051,-,-,Fairy Tale / Toy Shop / Quirky,red,white,-,iconic,,No,No,-,1,1,-,1,-,-,-,,-,-,くるみわりにんぎょう,soldado cascanueces,soldado cascanueces,casse-noisettes,casse-noisettes,Nussknacker,soldatino,호두까기 인형,1031,0502,1527,1527,0324,0323,1026,1372,1679,1.0,1200,2DD0,2E7A,int_jhn_nutcracker,Yes,,,,nutcracker,nutcracker,nutcracker
1031,octopus chair,octopus chair,,,Chip,-,No,-,-,600,480,-,Seat,1x1,No,No,No,,,Sit,-,Sit,651,fish,Set,Toy Shop,red,red,-,cute,,No,No,-,1,1,-,1,-,-,-,,-,-,タコちゃんチェア,taburete pulpo,taburete pulpo,siège poulpe,siège poulpe,Oktopushocker,sgabello polpo,문어 체어,1032,0885,1570,1570,1421,1420,1029,1322,0509,1.0,2400,2CE5,2D8F,int_fis_stool,Yes,,,,,octopus chair,octopus chair
1032,odd clock,odd clock,,,Nooklings,C,Yes,"1,800",-,450,360,-,Clock,1x1,No,No,Yes,,,,,,151,-,-,Harmonious / Antique,yellow,yellow,-,historical,,No,No,-,1,1,-,1,-,-,-,,-,-,だいみょうどけい,reloj extraño,reloj extraño,horloge bizarre,horloge bizarre,Fernost-Uhr,sveglia strana,옛날 시계,1033,0868,1307,1307,0783,0781,0378,1431,1010,1.0,1800,2BAB,2C55,int_oth_clockN_daimyou,No,,,,,,-
1033,office cabinet,office cabinet,,,Raddle's RV,-,No,-,-,300,240,-,-,1x1,No,Yes,No,,,,,,151,-,-,-,gray,gray,-,official,,No,No,-,1,1,-,1,-,-,-,,-,-,オフィスキャビネット,cajonera oficina,cajonera oficina,caisson pro,caisson pro,Rollcontainer,cassettiera rotelle,오피스 캐비닛,1034,0250,0293,0291,0268,0266,1248,0273,1032,1.4,1200,-,2F58,int_ofc_cabinet_table,No,,,,office cabinet,office cabinet,office cabinet
1034,office chair,office chair,,,Nooklings,B,Yes,"1,100",-,275,220,-,Seat,1x1,No,No,No,,,Sit,-,Sit,151,office,Set,-,gray,gray,-,official,,No,No,-,1,1,-,1,-,-,-,,-,-,じむイス,silla oficina,silla oficina,chaise pro,chaise pro,Bürostuhl,sedia ufficio,오피스 의자,1035,0685,1457,1457,0385,0384,0217,1250,1029,1.0,1100,2AD3,2B7D,int_ofc_chairS,No,,,,office chair,,office chair
1035,office clock,office clock (White),,,Campground Shop,-,No,-,-,400,320,-,Clock,1x1,Yes,No,No,,,,,,151,-,-,-,white,white,-,official,,No,Yes,160,3,3,the border color,1,-,-,-,,-,-,オフィスのとけい,reloj oficina,reloj oficina,horloge pro,horloge pro,Bürouhr,orologio da ufficio,오피스 시계,1036,0254,1323,1323,0822,0820,0219,0869,1028,1.4,1600,-,2F5D,rmk_ofc_clockN,No,,,,,office clock,-
1036,office desk,office desk,,,Nooklings,A,Yes,"1,600",-,400,320,-,Table,2x1,No,Yes,No,,,,,,151,office,Set,-,gray,gray,-,official,,No,No,-,1,1,-,1,-,-,-,,-,-,じむづくえ,mesa oficina,mesa oficina,bureau pro,bureau pro,Bürotisch,scrivania,오피스 책상,1037,0686,1009,1009,0237,0235,0218,1165,1031,1.0,1600,2AD2,2B7C,int_ofc_tableM,No,,,,office desk,,-
1037,office locker,office locker,,,Nooklings,C,Yes,"1,200",-,300,240,-,Closet,1x1,No,No,No,,,Storage,Press,Press,151,office,Set,-,gray,gray,-,official,,No,No,-,1,1,-,1,-,-,-,,-,-,ロッカー,taquilla oficina,taquilla oficina,casier pro,casier pro,Büroschrank,archivio ufficio,캐비닛,1038,1721,1586,1586,0323,0322,0216,0037,1308,1.0,1200,2AD4,2B7E,int_ofc_chestB,No,,,,,,-
1038,office phone,office phone,,,Murphy's RV,-,No,-,-,300,240,-,-,1x1,No,No,Yes,,,,,,151,-,-,-,white,white,-,official,,No,No,-,1,1,-,1,-,-,-,,-,-,オフィスのでんわ,teléfono oficina,teléfono oficina,téléphone pro,téléphone pro,Schnurtelefon,telefono da ufficio,오피스 전화기,1039,0253,1630,1629,1637,1637,1353,1574,1030,1.4,1200,-,2ED8,int_ofc_phone,No,,,,,office phone,office phone
1039,ogre mask,ogre mask,,,Nooklings,-,Yes,"1,600",-,400,320,-,-,1x1,Yes,No,No,,,,,,151,-,-,Harmonious / Antique / Quirky,white,white,-,iconic,,No,No,-,1,1,-,1,-,-,-,,-,-,はんにゃののうめん,máscara de ogro,máscara de ogro,masque d'ogre,masque d'ogre,Dämonenmaske,maschera muro mostro,남자 도깨비 가면,1040,1279,0928,0925,1056,1055,0251,0758,0201,1.0,1600,2CD5,2D7F,int_noh_hannya,Yes,,,,,ogre mask,-
1040,oil barrel,oil barrel (Green),,,Nooklings,D,Yes,800,-,200,160,-,-,1x1,No,No,No,,,,,,151,construction,Theme,-,green,green,-,rock 'n' roll,,No,Yes,80,6,6,the oil-barrel color,1,-,-,-,,-,-,ドラムかん,barril de petróleo,barril de petróleo,baril de pétrole,baril de pétrole,Ölfass,fusto di petrolio,드럼통,1041,1064,0166,0163,0125,0124,1030,0496,0338,1.0,800,2A73,2B1D,rmk_cst_drum,No,,,,oil barrel,,oil barrel
1041,oil lamp,oil lamp,,,Nooklings,D,Yes,680,-,170,136,-,-,1x1,No,No,Yes,,,,,,151,-,-,Sci-Fi / Quirky,aqua,red,-,official,,No,No,-,1,1,-,1,-,-,-,,-,-,アルコールランプ,lámpara de aceite,lámpara de aceite,lampe à pétrole,lampe à pétrole,Spirituslampe,lampada ad alcool,알코올램프,1042,0108,0775,0775,0868,0866,1442,0570,0956,1.0,680,2C58,2D02,int_sch_aromacandle,Yes,,,,oil lamp,oil lamp,-
1042,old sewing machine,old sewing machine,,,Nooklings,A,Yes,"1,350",-,337,269,-,-,2x1,No,No,No,,,,,,151,-,-,-,brown,gray,-,historical,,No,No,-,1,1,-,1,-,-,-,,-,-,ふるいミシン,máquina coser vieja,máquina coser vieja,machine coudre rétro,machine coudre rétro,Pedalnähmaschine,macch. cucire antica,오래된 미싱,1043,1381,0907,0904,1031,1029,1083,0733,1014,1.0,1350,2BCE,2C78,int_oth_sewingM,No,,,sewing machine,old sewing machine,,-
1043,omelet,omelet,,,Zipper's RV,-,No,-,-,500,400,-,-,1x1,No,No,Yes,,,,,,151,-,-,-,yellow,red,-,basic,,No,No,-,1,1,-,1,-,-,-,,-,-,オムレツ,omelet,tortilla francesa,omelette,omelette,Omelett,omelette,오믈렛,1044,0267,1140,1678,1135,1133,1031,0845,1020,1.4,2000,-,2FFD,int_oth_omelette,No,,,,omurice,omelet,-
1044,one lamp,one lamp (White),,,Spotlight,-,Yes,"1,000",-,250,200,-,Light,1x1,No,No,Yes,,,Toggle,Light,Press,351,-,-,Trendy,white,white,-,cute,,No,Yes,100,7,7,the number color,1,-,-,-,,-,-,1のランプ,lámpara uno,lámpara uno,lampe 1,lampe 1,„1“-Lampe,lampada a 1,1 램프,1045,0004,0826,0826,0857,0855,0003,0559,0003,1.0,1000,2DFA,2EA4,rmk_nmb_1,Yes,,,,,one lamp,-
1045,operating table,operating table,,,Campground Shop,-,No,-,-,700,560,-,Bed,2x1,No,No,No,,,Sleep,-,Sleep,151,-,-,Sci-Fi,green,gray,-,official,,No,No,-,1,1,-,1,-,-,-,,-,-,しゅじゅつだい,mesa de operaciones,mesa de operaciones,table d'opération,table d'opération,OP-Tisch,tavolo operatorio,수술대,1046,0702,0968,0967,1522,1522,1034,1537,0802,1.4,2800,-,2F65,int_hsp_operationbed,No,,,,,operating table,-
1046,operating-room cart,operating-room cart,,,Raddle's RV,-,No,-,-,300,240,-,-,1x1,No,No,No,,,,,,151,-,-,Sci-Fi,green,gray,-,official,,No,No,-,1,1,-,1,-,-,-,,-,-,いりょうワゴン,equipo quirúrgico,equipo quirúrgico,chariot médical,chariot médical,OP-Beistelltisch,carrello chirurgo,수술실 카트,1047,0136,0548,0546,0412,0411,1033,0244,0803,1.4,1200,-,2F4D,int_hsp_operationtool,No,,,,operating-room cart,operating-room cart,operating-room cart
1047,orange cone,orange cone,,,Nooklings,B,Yes,600,-,150,120,-,-,1x1,No,No,No,,,,,,151,construction,Theme,-,red,red,-,rock 'n' roll,,No,No,-,1,1,-,1,-,-,-,,-,-,パイロン,cono naranja,cono naranja,cône orange,cône orange,Absperrhütchen,cono arancione,칼라콘,1048,1176,0505,0503,0520,0519,0020,0365,1307,1.0,600,2A6B,2B15,int_cst_redP,No,,,,cone,,-
1048,organ,organ,,,Weber's RV,-,No,-,-,"1,400","1,120",-,Instrument,2x1,No,No,No,,,Press,-,Press,151,-,-,-,brown,brown,-,basic,,No,No,-,1,1,-,1,-,-,-,,-,-,オルガン,órgano eléctrico,órgano eléctrico,console d'orgue,console d'orgue,E-Orgel,organo,오르간,1049,0270,1145,1146,0528,0527,0355,0847,1016,1.4,5600,-,2F9F,int_oth_organ,No,,,,,organ,organ
1049,Otomon egg,Otomon egg (Flying-wyvern egg),,,Felyne's RV,-,No,-,-,"3,000",-,-,-,1x1,No,No,Yes,,,,,,300,-,-,Toy Shop,red,blue,-,basic,,No,Yes,1200,8,8,the type of egg,1,-,-,-,,-,-,オトモンのたまご,huevo de Otomon,huevo de Otomon,œuf d'Otomon,œuf d'Otomon,Otomon-Ei,uovo Otomon,오토몬 달걀,1050,0245,0718,0719,1133,1131,1050,1680,1027,1.4,12000,-,309B,rmk_mnh_egg,Yes,,,,,,-
1050,outdoor bath,outdoor bath,,,Nooklings,D,Yes,"4,900",-,"1,225",980,-,-,2x2,No,No,No,,,,,,151,-,-,Harmonious,gray,gray,-,iconic,,No,No,-,1,1,-,1,-,-,-,,-,-,ろてんぶろ,baño termal,baño termal,bain extérieur,bain extérieur,Schwimmteich,bagno termale,노천온천,1051,1723,0157,0154,0089,0089,1377,0116,0226,1.0,4900,2BBC,2C66,int_oth_rotenburo,No,,,,outdoor bath,,outdoor bath
1051,outdoor sign,outdoor sign (Red signboard),,,Campground Shop,-,No,-,-,400,320,-,Light,1x1,No,No,No,,,Toggle,Light,Press,151,-,-,-,white,red,-,modern,,No,Yes,160,2,1,-,2,the signboard,-,-,,-,-,おきがたかんばん,rótulo de pie,rótulo de pie,enseigne d'extérieur,enseigne d'extérieur,Laden-Schild,insegna da bar,세움 간판,1052,0232,1373,1372,0594,0592,0835,0539,0778,1.4,1600,-,2FAA,rmk_fod_elesign,No,,,,standing electric sign,outdoor sign,-
1052,oval clock,oval clock (Green),,,Nooklings,D,Yes,800,-,200,160,-,Clock,1x1,No,No,Yes,,,,,,151,-,-,-,green,yellow,-,iconic,,No,Yes,80,4,4,the coloring,1,-,-,-,,-,-,だえんのとけい,reloj ovalado,reloj ovalado,horloge ovale,horloge ovale,Ovaluhr,orologio ovale,타원형 시계,1053,0872,1325,1325,0819,0817,1051,0892,1412,1.0,800,2BAC,2C56,rmk_oth_clockN_green,No,,,glow clock,,,-
1053,overflowing trash,overflowing trash,,,Resetti's RV,-,No,-,-,"3,000",-,-,-,1x1,No,No,No,,,,,,151,-,-,Toy Shop,beige,colorful,-,flashy,,No,No,-,1,1,-,1,-,-,-,,-,-,ちらかったごみばこ,papelera rebosante,papelera rebosante,poubelle débordante,poubelle débordante,Müllkübel,cesto rifiuti pieno,지저분한 쓰레기통,1054,0972,1169,1172,1307,1305,0964,0298,1218,1.4,12000,-,30B0,int_mol_trash,Yes,,,,,,-
1054,owl clock,owl clock,,,Nooklings,A,Yes,"1,300",-,325,260,-,Clock,1x1,No,No,Yes,,,,,,151,-,-,Fairy Tale,brown,brown,-,historical,,No,No,-,1,1,-,1,-,-,-,,-,-,みみずくどけい,reloj búho,reloj búho,horloge chouette,horloge chouette,Eulenuhr,sveglia gufo,부엉이 시계,1055,1540,1291,1291,0790,0788,0360,1430,0665,1.0,1300,2BAD,2C57,int_oth_clockP_hornedowl,No,,,,owl clock,,-
1055,PA system,PA system,,,Isabelle's RV,-,No,-,-,"3,000",-,-,-,1x1,No,No,Yes,,,,,,151,-,-,Toy Shop,green,gray,-,basic,,No,No,-,1,1,-,1,-,-,-,,-,-,アナウンスマイク,micrófono megafonía,micrófono megafonía,microphone annonces,microphone annonces,Ansagemikrofon,microfono da annunci,아나운스 마이크,1056,0099,1061,1060,1079,1078,0044,0779,0915,1.4,12000,-,30C3,int_sza_mike,Yes,,,,,,-
1056,pachira,pachira,,,Garden Shop,-,Yes,"1,200",-,300,240,-,Plant,1x1,No,No,No,,,-,-,-,199,house plant,Set,Rustic,brown,green,-,basic,,No,No,-,1,1,-,1,-,-,-,,-,-,パキラ,pachira,pachira,pachira,pachira,Pachira,pachira,파키라,1057,1181,1151,1152,1142,1140,1052,0909,1503,1.0,1200,2B2D,2BD7,int_plt_pachira,No,,,,,,pachira
1057,paella,paella,,,Cashmere's RV,-,No,-,-,300,240,-,-,1x1,No,No,Yes,,,,,,151,-,-,-,yellow,orange,-,basic,,No,No,-,1,1,-,1,-,-,-,,-,-,パエリア,paella,paella,paëlla,paëlla,Paella,paella,파에야,1058,1179,1152,1153,1143,1141,1053,0911,1487,1.4,1200,-,2FFE,int_oth_paella,No,,,,,paella,paella
1058,pagoda,pagoda,,,Gulliver,-,Yes,"5,120",-,"1,280","1,024",-,Model,1x1,No,No,Yes,,,-,,,1051,-,-,Harmonious,gray,red,-,iconic,,No,No,-,1,1,-,1,-,-,-,,-,-,ごじゅうのとう,pagoda,pagoda,pagode,pagode,Pagode,pagoda,5층탑,1059,0588,1153,1154,1144,1142,1054,0912,0015,1.0,5120,2D89,2E33,int_jhn_gojyu,No,,,,pagoda,,-
1059,painting set,painting set,,,Nooklings,B,Yes,680,-,170,136,-,-,1x1,No,No,Yes,,,,,,151,-,-,Toy Shop,colorful,colorful,-,cute,,No,No,-,1,1,-,1,-,-,-,,-,-,おえかきセット,kit de pintura,kit de pintura,set de peinture,set de peinture,Malset,set da pittura,그림 그리기 세트,1060,0208,0758,0758,1410,1409,0893,1289,0155,1.0,680,2C8A,2D34,int_oth_paint,Yes,,,,painting set,painting set,painting set
1060,Palico board,Palico board,,,Felyne's RV,-,No,-,-,"3,000",-,-,-,2x1,No,No,No,,,,,,300,-,-,Toy Shop,blue,beige,-,iconic,,No,No,-,1,1,-,1,-,-,-,,-,-,オトモボード,tablón Felyne,tablón Felyne,tableau Felyne,tableau Felyne,Kameradentafel,bacheca compagni,동반자 보드,1061,0244,1555,1555,1576,1576,0665,0112,0311,1.4,12000,-,3024,int_mnh_board,No,,,,,Palico board,-
1061,palm-tree lamp,palm-tree lamp,,,DLC,-,Yes,"4,280",-,"1,070",856,-,Light,1x1,No,No,No,,,Toggle,Light,Press,300,-,-,Rustic,brown,orange,-,cute,,No,No,-,1,1,-,1,-,-,-,,-,-,パームツリーランプ,lámpara palmera,lámpara palmera,lampe palmier,lampe palmier,Palmenlampe,lampada palma,야자수 램프,1062,1154,0809,0809,0907,0905,1056,0606,0965,1.0,4280,2E15,2EBF,int_mon_07,Yes,,,,palm-tree lamp,palm-tree lamp,palm-tree lamp
1062,pancakes,pancakes,,,Franklin's RV,-,No,-,-,300,240,-,-,1x1,No,No,Yes,,,,,,151,-,-,-,orange,white,-,basic,,No,No,-,1,1,-,1,-,-,-,,-,-,ホットケーキ,torre de panqueques,torre de tortitas,pile de pancakes,pile de pancakes,Pfannkuchenstapel,pila di frittelle,팬케이크,1063,1425,1674,1672,1232,1230,1086,0985,1518,1.4,1200,-,2F03,int_oth_hotcake,No,,,,pancakes,pancakes,pancakes
1063,pansy table,pansy table (Yellow),,,Leif,-,No,-,-,600,-,-,Table,1x1,No,Yes,No,,,,,,751,-,-,Rustic / Fairy Tale,yellow,brown,-,cute,,No,Yes,240,3,3,the flower color,1,-,-,-,,-,-,パンジーのテーブル,mesa viola,mesa viola,table pensée,table pensée,Stiefmütterchentisch,tavolino viola,팬지 테이블,1064,1268,1032,1031,1553,1553,1471,1480,1517,1.0,2400,2DF1,2E9B,rmk_flo_tableS,Yes,,,,pansy table,pansy table,-
1064,pantheon post,pantheon post,,,Nooklings,D,Yes,"3,600",-,900,720,-,-,1x1,No,No,No,,,,,,151,-,-,Antique / Quirky,gray,gray,-,historical,,No,No,-,1,1,-,1,-,-,-,,-,-,パルテノンのはしら,columna dórica,columna dórica,colonne Panthéon,colonne Panthéon,Ruhmessäule,colonna dorica,파르테논 기둥,1065,1243,0454,0454,0470,0469,1270,0313,1484,1.0,3600,2B4F,2BF9,int_oth_piller_a,No,,,Pantheon post,ruined decorated pillar,,pantheon post
1065,Papa bear,Papa bear (Blank),,,Nooklings,A,Yes,"2,200",-,550,440,-,Doll,2x2,No,No,No,,,,,,151,bear,Set,Fairy Tale / Toy Shop,brown,brown,-,cute,,No,Yes,220,6,6,the cloth,1,-,-,-,,-,-,くまのダイちゃん,papá oso,papá oso,papa ours,papa ours,Papa-Bär,papà orso,큰 곰인형,1066,0475,1164,1167,1177,1175,1058,0937,1388,1.0,2200,2ADD,2B87,rmk_ber_bearL,No,,,,Papa bear,,Papa bear
1066,Papa panda,Papa panda,,,Nooklings,C,Yes,"1,920",-,480,384,-,Doll,2x2,No,No,No,,,,,,151,panda,Set,Harmonious / Fairy Tale / Toy Shop,purple,pink,-,cute,,No,No,-,1,1,-,1,-,-,-,,-,-,パンダのタアタア,papá panda,papá panda,papa panda,papa panda,Papa-Panda,papà panda,큰 판다,1067,1275,1165,1168,1178,1176,1059,0938,1391,1.0,1920,2AE1,2B8B,int_pnd_l,No,,,,Papa panda,,-
1067,paper lantern,paper lantern,,,Nooklings,C,Yes,800,-,200,160,-,Light,1x1,No,No,No,,,Toggle,Light,Press,151,zen,Set,Harmonious / Quirky,brown,beige,-,historical,,No,No,-,1,1,-,1,-,-,-,,-,-,あんどん,farolillo,farolillo,lampion,lampion,Papierlaterne,lanterna carta,사방등,1068,0116,0623,0621,0925,0923,1061,0622,0722,1.0,800,2AF4,2B9E,int_jpn_lamp,No,,,,paper lantern,,paper lantern
1068,paper tiger,paper tiger,,,Nooklings,D,Yes,680,-,170,136,-,-,1x1,No,No,Yes,,,,,,151,zen,Set,Harmonious,yellow,black,-,iconic,,No,No,-,1,1,-,1,-,-,-,,-,-,はりこのとら,tigre de papel,tigre de papel,tigre en papier,tigre en papier,Papiertiger,tigre di carta,종이호랑이,1069,1225,1645,1643,1647,1647,1063,1585,1196,1.0,680,2AF9,2BA3,int_jhn_hariko,No,,,,paper tiger,,-
1069,paper wall lamp,paper wall lamp (No design),,,Nooklings,-,Yes,800,-,200,160,-,Light,1x1,Yes,No,No,,,Toggle,Light,Press,151,zen,Set,Harmonious / Quirky,beige,beige,-,historical,,No,Yes,80,4,1,-,4,the design,-,-,,-,-,かべかけのあんどん,lámpara pared papel,lámpara pared papel,lampe mur papier,lampe mur papier,Papier-Wandlaterne,lanterna muro carta,벽걸이 사방등,1070,0347,0810,0810,0900,0898,1065,0627,0621,1.0,800,2AF5,2B9F,rmk_jpn_lamp_wall,Yes,,,,,paper wall lamp,-
1070,partition screen,partition screen,,,Nooklings,C,Yes,"1,600",-,400,320,-,-,2x1,No,No,No,,,,,,151,-,-,Trendy,gray,gray,-,iconic,,No,No,-,1,1,-,1,-,-,-,,-,-,パーテーション,biombo gris,biombo gris,paravent gris,paravent gris,Raumteiler,separé grigio,파티션,1071,1131,0195,0192,1187,1185,1193,1271,1504,1.0,1600,2D01,2DAB,int_oth_screen,Yes,,,,,partition screen,partition screen
1071,pasta,pasta (Marinara sauce),,,Wendell's RV,-,No,-,-,400,320,-,-,1x1,No,No,Yes,,,,,,151,-,-,-,red,beige,-,basic,,No,Yes,160,6,6,the menu,1,-,-,-,,-,-,パスタ,platillo de pasta,plato de pasta,plat de pâtes,plat de pâtes,Pasta,piatto di pasta,파스타,1072,1193,1225,1232,1254,1252,1073,0975,1485,1.4,1600,-,2FDC,rmk_oth_pasta,No,,,,spaghetti marinara,pasta,-
1072,pastel low table,pastel low table (Peach),,,Lottie's RV,-,No,-,-,800,640,-,Table,2x1,No,Yes,No,,,,,,151,-,-,-,pink,pink,-,cute,,No,Yes,320,4,4,the countertop color,1,-,-,-,,-,-,パステルローテーブル,mesita color pastel,mesita color pastel,table basse pastel,table basse pastel,Pastellfernsehtisch,tavolino pastello,파스텔 낮은 테이블,1073,1194,1038,1037,1488,1488,1074,1475,1486,1.4,3200,-,2F30,rmk_bab_pasteltable,No,,,,,pastel low table,pastel low table
1073,patchwork chair,patchwork chair (Pop color),,,Nooklings,D,Yes,"1,600",-,400,320,-,Seat,1x1,No,No,No,,,Sit,-,Sit,151,-,-,Fairy Tale,colorful,colorful,-,cute,,No,Yes,160,6,6,the cloth,1,-,-,-,,-,-,パッチワークなソファ,sillón de retales,sillón de retales,fauteuil patchwork,fauteuil patchwork,Patchwork-Sessel,poltrona patchwork,패치워크 소파,1074,1203,1483,1482,0665,0663,1077,1010,1514,1.0,1600,2DD7,2E81,rmk_ptw_chairS,Yes,,,,patchwork chair,patchwork chair,-
1074,patchwork dresser,patchwork dresser (Pop color),,,Nooklings,D,Yes,"1,800",-,450,360,-,Dresser,2x1,No,No,No,,,Storage,Press,Press,151,-,-,Fairy Tale,colorful,colorful,-,cute,,No,Yes,180,6,6,the cloth,1,-,-,-,,-,-,パッチワークなタンス,cómoda de retales,cómoda de retales,commode patchwork,commode patchwork,Patchwork-Kommode,comò patchwork,패치워크 서랍장,1075,1205,0466,0464,0497,0496,1075,0343,1513,1.0,1800,2DD8,2E82,rmk_ptw_chestA,Yes,,,,,patchwork dresser,-
1075,patchwork lamp,patchwork lamp (Pop color),,,Nooklings,D,Yes,"1,480",-,370,296,-,Light,1x1,No,No,No,,,Toggle,Light,Press,151,-,-,Fairy Tale,colorful,colorful,-,cute,,No,Yes,148,6,6,the cloth,1,-,-,-,,-,-,パッチワークなランプ,lámpara de retales,lámpara de retales,lampe patchwork,lampe patchwork,Patchwork-Lampe,lampada patchwork,패치워크 램프,1076,1207,0778,0778,0908,0906,1076,0607,1512,1.0,1480,2DD9,2E83,rmk_ptw_lamp,Yes,,,,,patchwork lamp,-
1076,patchwork sofa,patchwork sofa (Pop color),,,Nooklings,D,Yes,"1,800",-,450,360,-,Seat,2x1,No,No,No,,,Sit,-,Sit,151,-,-,Fairy Tale,colorful,colorful,-,cute,,No,Yes,180,6,6,the cloth,1,-,-,-,,-,-,パッチワークなソファL,sofá de retales,sofá de retales,canapé patchwork,canapé patchwork,Patchwork-Sofa,sofà patchwork,패치워크 소파 L,1077,1204,1499,1499,0298,0296,1078,1361,1515,1.0,1800,2DDB,2E85,rmk_ptw_chairL,Yes,,,,,patchwork sofa,-
1077,patchwork table,patchwork table (Pop color),,,Nooklings,D,Yes,"2,000",-,500,400,-,Table,2x2,No,Yes,No,,,,,,151,-,-,Fairy Tale,colorful,colorful,-,cute,,No,Yes,200,6,6,the cloth,1,-,-,-,,-,-,パッチワークなテーブル,mesa de retales,mesa de retales,table patchwork,table patchwork,Patchwork-Tisch,tavolo patchwork,패치워크 테이블,1078,1206,0972,0971,1552,1552,1079,1539,1516,1.0,2000,2DDA,2E84,rmk_ptw_tableL,Yes,,,,,patchwork table,-
1078,paulownia closet,paulownia closet,,,Nooklings,B,Yes,"1,300",-,325,260,-,Dresser,1x1,No,Yes,No,,,Storage,Press,Press,151,zen,Set,Harmonious / Rustic,beige,beige,-,historical,,No,No,-,1,1,-,1,-,-,-,,-,-,きりだんす,armario magnolio,armario magnolio,buffet paulownia,buffet paulownia,Asternschrank,comò paulonia,나무 서랍장,1079,0440,0073,0073,0222,0220,0061,0344,0181,1.0,1300,2AF6,2BA0,int_oth_kiri_chestA,No,,,,,,paulownia closet
1079,Pavé bed,Pavé bed,,,Pavé,-,No,-,-,"12,000",-,-,Bed,2x1,No,No,No,,,Sleep,-,Sleep,651,Pavé,Series,Trendy,blue,white,-,cute,,No,No,-,1,1,-,1,-,-,-,,-,-,カーニバルベッド,cama Conga,cama Conga,lit carnaval,lit carnaval,Karnevalsbett,letto Pavão,카니발 침대,1080,0290,0309,0307,0960,0958,0675,0697,1292,1.0,48000,29DA,2A84,int_pck_bedS,No,,,,-,,-
1080,Pavé bookshelf,Pavé bookshelf,,,Pavé,-,No,-,-,"12,000",-,-,-,2x1,No,No,No,,,,,,651,Pavé,Series,Trendy,blue,white,-,cute,,No,No,-,1,1,-,1,-,-,-,,-,-,カーニバルシェルフ,librería Conga,librería Conga,étagère carnaval,étagère carnaval,Karnevalsregal,scansia Pavão,카니발 쉘프,1081,0283,0855,0853,0623,0620,0679,1139,1288,1.0,48000,29E1,2A8B,int_pck_shelf,No,,,,-,,-
1081,Pavé bureau,Pavé bureau,,,Pavé,-,No,-,-,"12,000",-,-,-,1x1,No,No,No,,,,,,651,Pavé,Series,Trendy,blue,white,-,cute,,No,No,-,1,1,-,1,-,-,-,,-,-,カーニバルドレッサー,tocador Conga,tocador Conga,coiffeuse carnaval,coiffeuse carnaval,Karnevalsspiegel,toletta Pavão,카니발 화장대,1082,0289,1655,1653,0448,0447,0683,1601,1295,1.0,48000,29E2,2A8C,int_pck_dresser,No,,,,-,,-
1082,Pavé chair,Pavé chair,,,Pavé,-,No,-,-,"12,000",-,-,Seat,1x1,No,No,No,,,Sit,-,Sit,651,Pavé,Series,Trendy,blue,white,-,cute,,No,No,-,1,1,-,1,-,-,-,,-,-,カーニバルチェア,butaca Conga,butaca Conga,chaise carnaval,chaise carnaval,Karnevalssessel,poltrona Pavão,카니발 체어,1083,0285,0237,0235,0345,0344,0681,1011,1291,1.0,48000,29DE,2A88,int_pck_chairS,No,,,,-,,-
1083,Pavé chest,Pavé chest,,,Pavé,-,No,-,-,"12,000",-,-,Dresser,2x1,No,Yes,No,,,Storage,Press,Press,651,Pavé,Series,Trendy,blue,white,-,cute,,No,No,-,1,1,-,1,-,-,-,,-,-,カーニバルチェスト,cómoda Conga,cómoda Conga,coffre carnaval,coffre carnaval,Karnevalskommode,comò Pavão,카니발 수납장,1084,0286,0464,0462,0441,0440,0677,0345,1287,1.0,48000,29DB,2A85,int_pck_chestA,No,,,,-,,-
1084,Pavé clock,Pavé clock,,,Pavé,-,No,-,-,"12,000",-,-,Clock,1x1,Yes,No,No,,,,,,651,Pavé,Series,Trendy,blue,brown,-,cute,,No,No,-,1,1,-,1,-,-,-,,-,-,カーニバルクロック,reloj Conga,reloj Conga,horloge carnaval,horloge carnaval,Karnevalsuhr,orologio Pavão,카니발 시계,1085,0282,1298,1298,0786,0784,0685,0894,1289,1.0,48000,29E4,2A8E,int_pck_clockN,No,,,,-,,-
1085,Pavé closet,Pavé closet,,,Pavé,-,No,-,-,"12,000",-,-,Closet,1x1,No,No,No,,,Storage,Press,Press,651,Pavé,Series,Trendy,blue,white,-,cute,,No,No,-,1,1,-,1,-,-,-,,-,-,カーニバルクロゼット,armario Conga,armario Conga,buffet carnaval,buffet carnaval,Karnevalsschrank,armadio Pavão,카니발 옷장,1086,0281,0058,0058,0217,0215,0680,0075,1290,1.0,48000,29DC,2A86,int_pck_chestC,No,,,,-,,-
1086,Pavé end table,Pavé end table,,,Pavé,-,No,-,-,"12,000",-,-,Table,1x1,No,Yes,No,,,,,,651,Pavé,Series,Trendy,blue,brown,-,cute,,No,No,-,1,1,-,1,-,-,-,,-,-,カーニバルテーブルS,mesita Conga,mesita Conga,guéridon carnaval,guéridon carnaval,Karnevalsecktisch,tavolino Pavão,카니발 테이블 S,1087,0288,1040,1039,0743,0741,0676,1476,1294,1.0,48000,29E0,2A8A,int_pck_tableS,No,,,,-,,-
1087,Pavé lamp,Pavé lamp,,,Pavé,-,No,-,-,"12,000",-,-,Light,1x1,No,No,No,,,Toggle,Light,Press,651,Pavé,Series,Trendy,brown,blue,-,cute,,No,No,-,1,1,-,1,-,-,-,,-,-,カーニバルランプ,lámpara Conga,lámpara Conga,lampe carnaval,lampe carnaval,Karnevalslampe,lampada Pavão,카니발 램프,1088,0291,0771,0771,0876,0874,0678,0608,1285,1.0,48000,29E3,2A8D,int_pck_lamp,No,,,,-,,-
1088,Pavé sofa,Pavé sofa,,,Pavé,-,No,-,-,"12,000",-,-,Seat,2x1,No,No,No,,,Sit,-,Sit,651,Pavé,Series,Trendy,blue,white,-,cute,,No,No,-,1,1,-,1,-,-,-,,-,-,カーニバルソファ,sofá Conga,sofá Conga,canapé carnaval,canapé carnaval,Karnevalssofa,sofà Pavão,카니발 소파,1089,0284,1496,1496,0280,0278,0682,1362,1286,1.0,48000,29DD,2A87,int_pck_chairL,No,,,,-,,-
1089,Pavé table,Pavé table,,,Pavé,-,No,-,-,"12,000",-,-,Table,2x2,No,Yes,No,,,,,,651,Pavé,Series,Trendy,blue,white,-,cute,,No,No,-,1,1,-,1,-,-,-,,-,-,カーニバルテーブルL,mesa Conga,mesa Conga,table carnaval,table carnaval,Karnevalstisch,tavolo Pavão,카니발 테이블 L,1090,0287,0953,0953,1496,1496,0684,1540,1293,1.0,48000,29DF,2A89,int_pck_tableL,No,,,,-,,-
1090,pawn,pawn (Natural brown),,,Nooklings,A,Yes,"1,100",-,275,220,-,-,1x1,No,No,No,,,,,,151,chess,Set,Toy Shop,brown,brown,-,modern,,No,Yes,110,4,3,the piece color,1,-,1,Gold Nugget,,-,-,ポーンのこま,peón,peón,pion,pion,Bauer,pedone,폰,1091,1417,1181,1184,1236,1234,0129,0949,1545,1.0,1100,2AAC,2B56,rmk_chs_pawn,No,,,"black pawn, white pawn",-,,pawn
1091,peacock chair,peacock chair,,,Nooklings,B,Yes,"3,600",-,900,720,-,Seat,1x1,No,No,No,,,Sit,-,Sit,151,-,-,-,brown,green,-,ornate,,No,No,-,1,1,-,1,-,-,-,,-,-,ピーコックチェア,silla pavo real,silla pavo real,fauteuil paon,fauteuil paon,Pfauenstuhl,poltrona a pavone,피콕 체어,1092,1284,1460,1460,0664,0662,1087,1002,1592,1.0,3600,2C95,2D3F,int_oth_peacock,Yes,,,,peacock chair,peacock chair,-
1092,pear dresser,pear dresser,,,Nooklings,B,Yes,"1,600",-,400,320,-,Dresser,1x1,No,No,No,,,Storage,Press,Press,151,pear,Set,Rustic,green,beige,-,cute,,No,No,-,1,1,-,1,-,-,-,,-,-,ヨウナシのタンス,cómoda pera,cómoda pera,commode poire,commode poire,Birnenkommode,comò pera,서양배 서랍장,1093,1604,0489,0487,0498,0497,0144,0346,0759,1.0,1600,2B16,2BC0,int_per_chestA,No,,,,-,,-
1093,pear wardrobe,pear wardrobe,,,Nooklings,A,Yes,"1,400",-,350,280,-,Closet,1x1,No,No,No,,,Storage,Press,Press,151,pear,Set,Rustic,green,beige,-,cute,,No,No,-,1,1,-,1,-,-,-,,-,-,ヨウナシのクロゼット,armario pera,armario pera,armoire poire,armoire poire,Birnenschrank,armadio pera,서양배 옷장,1094,1603,0083,0083,0050,0050,0145,0076,0760,1.0,1400,2B15,2BBF,int_per_chestC,No,,,,pear wardrobe,,-
1094,pen-case chair,pen-case chair (Dotted pink),,,DLC,-,Yes,"23,760",-,"5,940","4,752",-,Seat,1x1,No,No,No,,,Sit,-,Sit,300,-,-,-,pink,pink,-,modern,,No,Yes,2376,6,6,the body color,1,-,-,-,,-,-,ネオクリッツチェア,silla estuche,silla estuche,siège porte-crayons,siège porte-crayons,Stifthalter,sedia portapenne,연필꽂이 의자,1095,1114,1435,1435,1420,1419,1474,1238,1003,1.4,23760,-,2FAD,rmk_stt_chairS,No,,,,,pen-case chair,-
1095,pencil screen,pencil screen,,,DLC,-,Yes,"23,760",-,"5,940","4,752",-,-,2x1,No,No,No,,,,,,300,-,-,Trendy,-,-,-,basic,,No,No,-,1,1,-,1,-,-,-,,-,-,ジュニアペンシルついたて,biombo lápices,biombo lápices,paravent stylos,paravent stylos,Stifte-Raumteiler,separé penne,연필 파티션,1096,0703,0197,0194,1194,1192,1473,1273,1002,1.0,23760,2E29,2ED3,int_stt_screen,Yes,,,,,pencil screen,-
1096,pendulum clock,pendulum clock,,,Nooklings,-,Yes,"1,600",-,400,320,-,Clock,1x1,Yes,No,No,,,,,,151,-,-,Antique,-,-,-,basic,,No,No,-,1,1,-,1,-,-,-,,-,-,ふりこどけい,reloj con péndulo,reloj con péndulo,horloge à balancier,horloge à balancier,Pendeluhr,orologio a pendolo,괘종시계,1097,1369,1297,1297,0776,0774,1084,0858,0123,1.0,1600,2C2D,2CD7,int_oth_clockP_wall,Yes,,,,pendulum clock,pendulum clock,-
1097,pepper mill,pepper mill,,,Nooklings,A,Yes,800,-,200,160,-,-,1x1,No,No,Yes,,,,,,151,-,-,-,brown,brown,-,basic,,No,No,-,1,1,-,1,-,-,-,,-,-,ペッパーミル,molinillo pimienta,molinillo pimienta,moulin à poivre,moulin à poivre,Pfeffermühle,macinapepe,페퍼밀,1098,1394,1088,1087,1111,1109,1088,0746,1522,1.0,800,2DBC,2E66,int_oth_pepper,Yes,,,,,pepper mill,pepper mill
1098,perfume bottles,perfume bottles,,,Bitty's RV,-,No,-,-,"1,950","1,560",-,-,1x1,No,No,Yes,,,,,,151,-,-,-,colorful,colorful,-,official,,No,No,-,1,1,-,1,-,-,-,,-,-,こうすいボトル,set de perfumes,set de perfumes,lot de parfums,lot de parfums,Parfüm-Set,set flaconi profumo,향수병,1099,0560,1400,1399,1012,1010,1072,1292,1664,1.4,7800,-,2F88,int_oth_perfume,No,,,,,perfume bottles,perfume bottles
1099,phone box,phone box,,,Nooklings,C,Yes,"2,400",-,600,480,-,-,1x1,No,No,No,,,,,,151,-,-,-,red,red,-,iconic,,No,No,-,1,1,-,1,-,-,-,,-,-,でんわボックス,cabina telefónica,cabina telefónica,cabine téléphonique,cabine téléphonique,Telefonzelle,cabina telefono,공중전화 부스,1100,1034,0251,0249,0247,0245,1549,0208,0114,1.0,2400,2BBB,2C65,int_oth_telephonebox,No,,,,phone box,,phone box
1100,phonograph,phonograph,,,Nooklings,D,Yes,"1,840",-,460,368,-,Music Player,1x1,No,No,Yes,,,Music player,,Music,151,-,-,Antique,brown,yellow,-,historical,,No,No,-,1,1,-,1,-,-,-,,-,-,ちくおんき,fonógrafo,fonógrafo,phonographe,phonographe,Grammofon,fonografo,축음기,1101,0949,0655,0656,1213,1211,0511,0468,1265,1.0,1840,2B9C,2C46,int_msc_recorderN,No,,,,phonograph,,-
1101,pickle jar,pickle jar (Mixed vegetables),,,Nooklings,A,Yes,800,-,200,160,-,-,1x1,No,No,Yes,,,,,,151,-,-,-,colorful,colorful,-,basic,,No,Yes,80,5,5,the stuff inside,1,-,-,-,,-,-,ピクルスびん,bote de encurtidos,bote de encurtidos,bocal de cornichons,bocal de pickles,Einmachglas,barattolo sottaceti,피클 보관병,1102,1291,0222,0220,0155,0154,0325,0143,1596,1.0,800,2CA6,2D50,rmk_oth_pickles,Yes,,,,,pickle jar,pickle jar
1102,picnic basket,picnic basket,,,Isabelle,-,No,-,-,490,-,-,-,1x1,No,No,Yes,,,,,,499,-,-,-,brown,colorful,-,cute,,No,No,-,1,1,-,1,-,-,-,,-,-,ピクニックバスケット,cesta pícnic,cesta pícnic,panier-repas,panier-repas,Picknick-Korb,cestino da picnic,피크닉 가방,1103,1289,0419,0417,1160,1158,1093,0289,1593,1.0,1960,2C01,2CAB,int_oth_picnicbasket,No,,,,picnic basket,,picnic basket
1103,picnic table,picnic table (Red gingham),,,Nooklings,C,Yes,"1,390",-,347,277,-,-,2x2,No,No,No,,,,,,151,mossy garden,Theme,-,brown,red,-,cute,,No,Yes,139,4,1,-,4,the napkin,-,-,,-,-,ピクニックテーブル,mesa pícnic,mesa pícnic,table de pique-nique,table de pique-nique,Picknicktisch,tavolo da picnic,피크닉 테이블,1104,1288,1012,1012,1515,1515,1094,1502,1594,1.0,1390,2A85,2B2F,rmk_gdn_picnic,No,,,,,,picnic table
1104,Piece of Heart,Piece of Heart,,,Medli's RV,-,No,-,-,"3,000",-,-,-,1x1,No,No,Yes,,,,,,300,-,-,Toy Shop,red,red,-,iconic,,No,No,-,1,1,-,1,-,-,-,,-,-,ハートのかけら,pieza de corazón,pieza de corazón,fragment de cœur,fragment de cœur,Herzteil,frammento di cuore,하트 조각,1105,1135,1197,1199,0711,0709,0595,0483,1621,1.4,12000,-,3087,int_zld_heart_half,Yes,,,,,,-
1105,piggy bank,piggy bank (Pink pig),,,Post Office,-,No,-,-,"1,120",896,-,-,1x1,No,No,Yes,,,,,,500,-,-,Harmonious,pink,beige,-,cute,,No,Yes,448,8,2,the pig type,1,-,6,Gold Nugget / Silver Nugget / Ruby / Sapphire / Emerald / Amethyst,,-,-,ぶたのちょきんばこ,hucha cerdito,hucha cerdito,tirelire cochon,tirelire cochon,Sparschwein,salvadanaio,돼지 저금통,1106,1351,0717,0718,1649,1649,1429,1108,0321,1.0,4480,2BF9,2CA3,rmk_oth_pigbank,No,,,,"piggy bank, golden piggy bank",,piggy bank
1106,Pikmin,Pikmin,,,Fortune,-,No,-,-,210,-,-,-,2x1,No,No,Yes,,,,,,151,Nintendo,Set,Toy Shop,brown,colorful,-,cute,,No,No,-,1,1,-,1,-,-,-,,-,-,ピクミン,maceta con Pikmin,maceta con Pikmin,Pikmin,Pikmin,Pikmin,Pikmin,피크민,1107,1290,0875,0871,1227,1225,1095,0983,1595,1.0,840,2BE8,2C92,int_nin_piki,No,,,,-,,-
1107,pile of cash,pile of cash,,,Gonzo's RV,-,No,-,-,300,240,-,-,1x1,No,No,Yes,,,,,,151,-,-,-,yellow,yellow,-,iconic,,No,No,-,1,1,-,1,-,-,-,,-,-,おさつのやま,montón de billetes,montón de billetes,pile de billets,pile de billets,Geldscheinpyramide,torre di banconote,돈다발,1108,0237,1098,1097,1228,1226,0468,1611,0304,1.4,1200,-,2F09,int_oth_osatsu,No,,,,pile of cash,pile of cash,pile of cash
1108,pile of leaves,pile of leaves,,,DLC,-,Yes,400,-,100,80,-,-,1x1,No,No,No,,,,,,300,-,-,Rustic,brown,yellow,-,basic,,No,No,-,1,1,-,1,-,-,-,,-,-,おちば,montón de hojas,montón de hojas,tas de feuilles,tas de feuilles,Laubhaufen,mucchio foglie,낙엽,1109,0239,1099,1098,1608,1608,0844,0827,0194,1.0,400,2C14,2CBE,int_oth_leaves,No,,,,pile of leaves,,-
1109,pinball machine,pinball machine,,,Nooklings,D,Yes,"1,960",-,490,392,-,-,1x1,No,No,No,,,,,,151,-,-,Toy Shop,brown,colorful,-,rock 'n' roll,,No,No,-,1,1,-,1,-,-,-,,-,-,ピンボールだい,máquina pinball,máquina pinball,flipper,flipper,Flipper,flipper,핀볼 게임기,1110,1324,0921,0918,0701,0699,0412,0466,1598,1.0,1960,2B5E,2C08,int_oth_pinball,No,,,,pinball machine,,pinball machine
1110,pine bonsai,pine bonsai,,,Garden Shop,-,Yes,"1,800",-,450,360,-,Plant,1x1,No,No,Yes,,,-,-,-,199,pine tree,Set,Harmonious / Rustic,green,blue,-,iconic,,No,No,-,1,1,-,1,-,-,-,,-,-,クロマツのぼんさい,pino bonsái,pino bonsái,bonsaï pin,bonsaï pin,Pinien-Bonsai,bonsai pino,흑송 분재,1111,0522,1209,1213,0183,0181,1109,0189,1738,1.0,1800,2B22,2BCC,int_bop_blackpine,No,,,,,,-
1111,pine chair,pine chair,,,Nooklings,B,Yes,"1,800",-,450,360,-,Seat,1x1,No,No,No,,,Sit,-,Sit,151,pine,Set,Rustic,beige,beige,-,cute,,No,No,-,1,1,-,1,-,-,-,,-,-,パインざいのイス,silla pino,silla pino,chaise en pin,chaise en pin,Kiefernstuhl,sedia pino,레드우드 의자,1112,1177,1461,1461,0363,0362,0715,1235,0382,1.0,1800,2B1D,2BC7,int_pin_chairS,No,,,,,,-
1112,pine table,pine table (Green),,,Nooklings,C,Yes,"2,280",-,570,456,-,Table,2x2,No,Yes,No,,,,,,151,pine,Set,Rustic,beige,green,-,cute,,No,Yes,228,4,1,-,4,the table mat,-,-,,-,-,パインざいのテーブル,mesa pino,mesa pino,table en pin,table en pin,Kieferntisch,tavolo pino,레드우드 테이블,1113,1178,1013,1013,1525,1525,0716,1543,0383,1.0,2280,2B1E,2BC8,rmk_pin_tableL,No,,,,,,-
1113,pineapple bed,pineapple bed,,,Nooklings,C,Yes,"1,990",-,497,397,-,Bed,2x1,No,No,No,,,Sleep,-,Sleep,151,-,-,Rustic,yellow,yellow,-,cute,,No,No,-,1,1,-,1,-,-,-,,-,-,パイナップルのベッド,cama piña,cama piña,lit ananas,lit ananas,Ananasbett,letto ananas,파인애플 침대,1114,1158,0338,0336,0951,0949,0041,0660,1502,1.0,1990,2BBF,2C69,int_oth_bedS,No,,,,,,-
1114,pink velvet stool,pink velvet stool,,,Nooklings,B,Yes,"1,400",-,350,280,-,Seat,1x1,No,Yes,No,,,Sit,-,Sit,151,-,-,-,purple,brown,-,modern,,No,No,-,1,1,-,1,-,-,-,,-,-,ピアノのまるいす,taburete terciopelo,taburete terciopelo,siège velours rose,siège velours rose,Klavierhocker,sgabello di velluto,피아노 둥근 의자,1115,1283,1573,1573,1427,1426,0755,1314,1590,1.0,1400,2C4C,2CF6,int_oth_stool_pi,Yes,,,,,pink velvet stool,pink velvet stool
1115,Pipe,Pipe,,,Fortune,-,No,-,-,210,-,-,-,1x1,No,No,No,,,,,,151,Mario,Theme,Toy Shop,green,green,-,cute,,No,No,-,1,1,-,1,-,-,-,,-,-,どかん,tubería,tubería,tuyau,tuyau,Röhre,tubo,토관,1116,1052,1703,1702,1690,1690,1236,1648,1427,1.0,840,2BE1,2C8B,int_smb_pipe,No,,,green pipe,pipe,,Pipe
1116,pipe organ,pipe organ,,,Nooklings,A,Yes,"3,600",-,900,720,-,Instrument,2x1,No,No,No,,,Press,-,Press,151,-,-,-,brown,brown,-,iconic,,No,No,-,1,1,-,1,-,-,-,,-,-,パイプオルガン,órgano,órgano,orgue,orgue,Orgel,organo a canne,파이프 오르간,1117,1161,1144,1145,1140,1138,1037,0848,1498,1.0,3600,2CBB,2D65,int_oth_pipeorgan,Yes,,,,,pipe organ,pipe organ
1117,pipe stool,pipe stool (Silver - Blue),,,Nooklings,C,Yes,"1,000",-,250,200,-,Seat,1x1,No,Yes,No,,,Sit,-,Sit,151,-,-,Sci-Fi,gray,blue,-,basic,,No,Yes,100,16,2,the pipe,8,the seat,-,-,,-,-,パイプのまるイス,taburete metálico,taburete metálico,tabouret tube,tabouret tube,Plastikhocker,sgabello di metallo,철제 둥근 의자,1118,1173,1567,1567,1594,1594,1120,1313,1240,1.0,1000,2C39,2CE3,rmk_oth_stool,Yes,,,,,pipe stool,pipe stool
1118,pirate's armor,pirate's armor,,,Pascal,-,No,-,-,600,480,-,-,1x1,Yes,No,No,,,,,,351,pirate ship,Theme,Antique / Toy Shop / Quirky,white,white,-,historical,,No,No,-,1,1,-,1,-,-,-,,-,-,かいぞくのけん,escudo de armas,escudo de armas,armure de pirate,armure de pirate,Piratenrüstung,armatura da pirata,해적의 검,1119,0301,0556,0554,0063,0063,1112,0090,1654,1.0,2400,2D92,2E3C,int_pir_sword,Yes,,,,,pirate's armor,-
1119,Pisces lamp,Pisces lamp,,,DLC,-,Yes,"4,800",-,"1,200",960,-,Light,1x1,No,No,No,,,Toggle,Light,Press,300,-,-,-,aqua,blue,-,cute,,No,No,-,1,1,-,1,-,-,-,,-,-,ピスケスのランプ,lámpara Piscis,lámpara Piscis,lampe Poissons,lampe Poissons,Fische-Lampe,lampada Pesci,물고기자리 램프,1120,1296,0815,0815,0910,0908,0404,0609,0511,1.0,4800,2E0E,2EB8,int_sgn_Pisces,Yes,,,,Pisces lamp,Pisces lamp,-
1120,pitcher plant,pitcher plant,,,Campground Shop,-,No,-,-,300,240,-,Plant,1x1,Yes,No,No,,,-,-,-,151,-,-,-,green,green,-,basic,,No,No,-,1,1,-,1,-,-,-,,-,-,ウツボカズラ,planta tropical,planta tropical,népenthès suspendu,népenthès suspendu,Hängepflanze,pianta sospesa,벌레잡이 식물,1121,0157,1223,1226,1117,1115,0550,0965,0607,1.4,1200,-,2F0D,int_oth_utubokazura,No,,,,pitcher plant,pitcher plant,-
1121,whole pizza,whole pizza (Pepperoni),,,Campground Shop,-,No,-,-,400,320,-,-,1x1,No,No,Yes,,,,,,151,-,-,-,brown,red,-,basic,,No,Yes,160,5,5,the style,1,-,-,-,,-,-,たくはいピザ,pizza,pizza a domicilio,pizza,pizza,Pizza,pizza,피자,1122,0881,1216,1220,1238,1236,1114,0995,1591,1.4,1600,-,2EED,rmk_oth_pizza,Yes,,,,,,whole pizza
1122,half-eaten pizza,half-eaten pizza,,,Resetti's RV,-,No,-,-,"3,000",-,-,-,1x1,No,No,Yes,,,,,,151,-,-,Toy Shop,gray,beige,-,flashy,,No,No,-,1,1,-,1,-,-,-,,-,-,たべかけのピザ,caja de pizza,caja de pizza,reste de pizza,reste de pizza,Pizzakarton,avanzo di pizza,먹다 만 피자,1123,0904,0282,0280,1362,1360,1115,0109,0471,1.4,12000,-,30AF,int_mol_pizza,Yes,,,,,,-
1123,plant partition,plant partition (White),,,Ursala's RV,-,No,-,-,800,640,-,-,2x1,No,No,No,,,,,,151,-,-,-,green,white,-,modern,,No,Yes,320,4,4,the body color,1,-,-,-,,-,-,しょくぶつパーテーション,macetero separador,macetero separador,jardinière haute,jardinière haute,Pflanzenraumteiler,divisorio piante,식물 파티션,1124,0719,0881,0877,0835,0833,1090,0419,0878,1.4,3200,-,2EEE,rmk_oth_plant_screen,No,,,,plant partition,plant partition,-
1124,planter,planter,,,Garden Shop,-,Yes,"1,200",-,300,240,-,Plant,1x1,No,No,No,,,-,-,-,199,-,-,Rustic,white,green,-,basic,,No,No,-,1,1,-,1,-,-,-,,-,-,プランター,macetero,macetero,jardinière,jardinière,Blumenkasten,vaso per piante,화분,1125,1366,0879,0875,0834,0832,0167,1700,1706,1.0,1200,2CA1,2D4B,int_oth_planter,Yes,,,,,planter,-
1125,plastic canister,plastic canister (Red),,,Ike's RV,-,No,-,-,400,320,-,-,1x1,No,No,Yes,,,,,,151,-,-,-,red,red,-,basic,,No,Yes,160,3,3,the body color,1,-,-,-,,-,-,ポリタンク,bidón de plástico,bidón de gasolina,jerrican,jerrican,Kanister,tanica,플라스틱 액체 용기,1126,1439,0186,0183,0837,0835,0671,1437,1583,1.4,1600,-,2F16,rmk_oth_polytank,No,,,,plastic canister,plastic canister,plastic canister
1126,plastic file box,plastic file box,,,Dobie's RV,-,No,-,-,300,240,-,-,1x1,No,No,Yes,,,,,,151,-,-,-,gray,black,-,official,,No,No,-,1,1,-,1,-,-,-,,-,-,しょるいケース,archivador plástico,archivador plástico,boîte d'archivage,boîte d'archivage,Ablagebox,archivio plastica,서류 케이스,1127,0723,0043,0043,0164,0163,0019,0036,0755,1.4,1200,-,2F7D,int_ofc_cabinetS,No,,,,,plastic file box,-
1127,plate armor,plate armor (Silver),,,Spotlight,-,Yes,"6,400",-,"1,600","1,280",-,-,1x1,No,No,No,,,,,,351,-,-,Antique / Quirky,gray,gray,-,historical,,No,Yes,640,3,2,the armor color,1,-,1,Gold Nugget,,-,-,かっちゅう,armadura,armadura,armure,armure,Ritterrüstung,armatura a piastre,갑옷,1128,0333,0048,0048,0062,0062,1223,0089,0072,1.0,6400,2B65,2C0F,rmk_jhn_armor,No,,,,"plate armor, golden plate armor",,plate armor
1128,platform,platform,,,Campground Shop,-,No,-,-,"1,000",800,-,-,2x2,No,No,No,,,,,,151,-,-,-,blue,gray,-,official,,No,No,-,1,1,-,1,-,-,-,,-,-,ちょうれいだい,tarima pequeña,tarima pequeña,estrade,estrade,Podest,podio,단상,1129,0969,1592,1592,0611,0608,1123,0998,0257,1.4,4000,-,2F29,int_sch_choureidai,No,,,,,platform,-
1129,plum bonsai,plum bonsai,,,Garden Shop,-,Yes,"1,900",-,475,380,-,Plant,1x1,No,No,Yes,,,-,-,-,199,bonsai,Set,Harmonious / Rustic,pink,brown,-,iconic,,No,No,-,1,1,-,1,-,-,-,,-,-,ウメのぼんさい,ciruelo bonsái,ciruelo bonsái,bonsaï prunier,bonsaï prunier,Pflaumen-Bonsai,bonsai prugno,매화나무 분재,1130,0162,0430,0428,0186,0184,1092,0191,0455,1.0,1900,2B24,2BCE,int_bon_apricot,No,,,,,,-
1130,podium,podium,,,Spotlight,-,Yes,"1,280",-,320,256,-,-,2x1,No,No,No,,,,,,351,classroom,Set,Sci-Fi,brown,brown,-,official,,No,No,-,1,1,-,1,-,-,-,,-,-,こうえんだい,escritorio profesor,escritorio profe,bureau classique,bureau de professeur,Lehrerpult,cattedra antica,교단,1131,0547,0555,0553,0231,0229,0857,0277,0124,1.0,1280,2AB4,2B5E,int_sch_teachers_desk,No,,,,podium,,-
1131,poinsettia,poinsettia,,,Garden Shop,-,Yes,"1,200",-,300,240,-,Plant,1x1,No,No,Yes,,,-,-,-,199,-,-,Rustic,red,green,-,modern,,No,No,-,1,1,-,1,-,-,-,,-,-,ポインセチア,poinsetia,poinsetia,poinsettia,poinsettia,Weihnachtsstern,poinsettia,포인세티아,1132,1405,1238,1240,1274,1272,1670,1000,1542,1.0,1200,2C50,2CFA,int_oth_poinsettia,Yes,,,,,poinsettia,-
1132,polka-dot bed,polka-dot bed (Red and white - Red and white),,,Nooklings,D,Yes,"2,400",-,600,480,-,Bed,2x1,No,No,No,,,Sleep,-,Sleep,151,polka-dot,Series,Trendy,red,white,-,cute,,No,Yes,240,112,8,the frame,8,the bedding,6,Gold Nugget / Silver Nugget / Ruby / Sapphire / Emerald / Amethyst,,-,-,みずたまなベッド,cama topos,cama topos,lit à pois rouge,lit à pois rouge,Pünktchenbett,letto pois,물방울무늬 침대,1133,1504,0349,0347,0949,0947,1158,0698,0522,1.0,2400,29B9,2A63,rmk_dot_bedS,Yes,,,,-,polka-dot bed,polka-dot bed
1133,polka-dot chair,polka-dot chair (Red and white - Red and white),,,Nooklings,D,Yes,"2,400",-,600,480,-,Seat,1x1,No,No,No,,,Sit,-,Sit,151,polka-dot,Series,Trendy,red,white,-,cute,,No,Yes,240,112,8,the body color,8,the cushion,6,Gold Nugget / Silver Nugget / Ruby / Sapphire / Emerald / Amethyst,,-,-,みずたまなイス,silla topos,silla topos,fauteuil pois rouge,fauteuil pois rouge,Pünktchensessel,sedia pois,물방울무늬 의자,1134,1497,1476,1476,0666,0664,1164,1236,0521,1.0,2400,29BC,2A66,rmk_dot_chairS,Yes,,,,-,polka-dot chair,polka-dot chair
1134,polka-dot clock,polka-dot clock (Red and white - Red and white),,,Nooklings,-,Yes,"2,400",-,600,480,-,Clock,1x1,Yes,No,No,,,,,,151,polka-dot,Series,Trendy,red,white,-,cute,,No,Yes,240,112,8,the frame,8,the clock face,6,Gold Nugget / Silver Nugget / Ruby / Sapphire / Emerald / Amethyst,,-,-,みずたまなとけい,reloj topos,reloj topos,horloge à pois rouge,horloge à pois rouge,Pünktchenuhr,orologio pois,물방울무늬 시계,1135,1503,1346,1346,0777,0775,1168,0895,0519,1.0,2400,29C3,2A6D,rmk_dot_clockN,Yes,,,,-,polka-dot clock,-
1135,polka-dot closet,polka-dot closet (Red and white - Red and white),,,Nooklings,D,Yes,"2,400",-,600,480,-,Closet,1x1,No,No,No,,,Storage,Press,Press,151,polka-dot,Series,Trendy,red,white,-,cute,,No,Yes,240,112,8,the body color,8,the door,6,Gold Nugget / Silver Nugget / Ruby / Sapphire / Emerald / Amethyst,,-,-,みずたまなクロゼット,armario topos,armario topos,armoire à pois rouge,armoire à pois rouge,Pünktchenschrank,armadio pois,물방울무늬 옷장,1136,1498,0091,0091,0025,0025,1163,0077,0520,1.0,2400,29BB,2A65,rmk_dot_chestC,Yes,,,,-,polka-dot closet,polka-dot closet
1136,polka-dot dresser,polka-dot dresser (Red and white - Red and white),,,Nooklings,D,Yes,"2,400",-,600,480,-,Dresser,2x1,No,Yes,No,,,Storage,Press,Press,151,polka-dot,Series,Trendy,red,white,-,cute,,No,Yes,240,112,8,the body color,8,the cloth and drawer,6,Gold Nugget / Silver Nugget / Ruby / Sapphire / Emerald / Amethyst,,-,-,みずたまなタンス,cómoda topos,cómoda topos,commode à pois rouge,commode à pois rouge,Pünktchenkommode,toletta pois,물방울무늬 서랍장,1137,1500,0497,0495,0472,0471,1161,1602,0517,1.0,2400,29BA,2A64,rmk_dot_chestA,Yes,,,,-,polka-dot dresser,polka-dot dresser
1137,polka-dot lamp,polka-dot lamp (Red and white - Red and white),,,Nooklings,D,Yes,"2,400",-,600,480,-,Light,1x1,No,No,No,,,Toggle,Light,Press,151,polka-dot,Series,Trendy,red,white,-,cute,,No,Yes,240,112,8,the body color,8,the lamp shade,6,Gold Nugget / Silver Nugget / Ruby / Sapphire / Emerald / Amethyst,,-,-,みずたまなランプ,lámpara topos,lámpara topos,lampe à pois rouge,lampe à pois rouge,Pünktchenlampe,lampada pois,물방울무늬 램프,1138,1506,0823,0823,0869,0867,1162,0610,0516,1.0,2400,29BF,2A69,rmk_dot_lamp,Yes,,,,-,polka-dot lamp,polka-dot lamp
1138,polka-dot low table,polka-dot low table (Red and white - Red and white),,,Nooklings,D,Yes,"2,400",-,600,480,-,Table,2x1,No,Yes,No,,,,,,151,polka-dot,Series,Trendy,red,white,-,cute,,No,Yes,240,112,8,the body color,8,the tablecloth,6,Gold Nugget / Silver Nugget / Ruby / Sapphire / Emerald / Amethyst,,-,-,みずたまなローテーブル,mesita topos,mesita topos,table b. pois rouge,table b. pois rouge,Pünktchensofatisch,tavolino pois,물방울무늬 낮은 테이블,1139,1507,1054,1053,1478,1478,1166,1477,0514,1.0,2400,29C1,2A6B,rmk_dot_tableM,Yes,,,,-,polka-dot low table,polka-dot low table
1139,polka-dot sofa,polka-dot sofa (Red and white - Red and white),,,Nooklings,D,Yes,"2,400",-,600,480,-,Seat,2x1,No,No,No,,,Sit,-,Sit,151,polka-dot,Series,Trendy,red,white,-,cute,,No,Yes,240,112,8,the body color,8,the set of cushions,6,Gold Nugget / Silver Nugget / Ruby / Sapphire / Emerald / Amethyst,,-,-,みずたまなソファ,sofá topos,sofá topos,canapé à pois rouge,canapé à pois rouge,Pünktchensofa,sofà pois,물방울무늬 소파,1140,1499,1525,1525,0274,0272,1165,1364,0518,1.0,2400,29BD,2A67,rmk_dot_chairL,Yes,,,,-,polka-dot sofa,polka-dot sofa
1140,polka-dot stool,polka-dot stool (Red and white - Red and white),,,Nooklings,D,Yes,"2,400",-,600,480,-,Seat,1x1,No,Yes,No,,,Sit,-,Sit,151,polka-dot,Series,Trendy,red,white,-,cute,,No,Yes,240,112,8,the body color,8,the cushion,6,Gold Nugget / Silver Nugget / Ruby / Sapphire / Emerald / Amethyst,,-,-,みずたまなまるイス,taburete topos,taburete topos,tabouret pois rouge,tabouret pois rouge,Pünktchenhocker,sgabello pois,물방울무늬 둥근 의자,1141,1505,1575,1575,1593,1593,1160,1321,0515,1.0,2400,29C0,2A6A,rmk_dot_stool,Yes,,,,-,polka-dot stool,polka-dot stool
1141,polka-dot table,polka-dot table (Red and white - Red and white),,,Nooklings,D,Yes,"2,400",-,600,480,-,Table,2x2,No,Yes,No,,,,,,151,polka-dot,Series,Trendy,red,white,-,cute,,No,Yes,240,112,8,the body color,8,the interior cloth,6,Gold Nugget / Silver Nugget / Ruby / Sapphire / Emerald / Amethyst,,-,-,みずたまなテーブル,mesa topos,mesa topos,table à pois rouge,table à pois rouge,Pünktchentisch,tavolo pois,물방울무늬 테이블,1142,1501,1029,1028,1473,1473,1167,1545,0523,1.0,2400,29BE,2A68,rmk_dot_tableL,Yes,,,,-,polka-dot table,polka-dot table
1142,polka-dot TV,polka-dot TV (Red and white),,,Nooklings,D,Yes,"2,400",-,600,480,-,-,1x1,No,No,No,,,,,,151,polka-dot,Series,Trendy,red,white,-,cute,,No,Yes,240,14,8,the body color,1,-,6,Gold Nugget / Silver Nugget / Ruby / Sapphire / Emerald / Amethyst,,-,-,みずたまなテレビ,tele topos,tele topos,télé à pois rouge,télé à pois rouge,Pünktchenfernseher,TV pois,물방울무늬 TV,1143,1502,1626,1625,1615,1615,1159,1668,0513,1.0,2400,29C2,2A6C,rmk_dot_tv,Yes,,,,-,polka-dot TV,polka-dot TV
1143,Pompompurin bed,Pompompurin bed,,,Marty's RV,-,No,-,-,"3,000",-,-,Bed,2x2,No,No,No,,,Sleep,-,Sleep,300,-,-,Fairy Tale / Toy Shop,yellow,brown,-,cute,,No,No,-,1,1,-,1,-,-,-,,-,-,ポムポムプリンなベッド,cama Pompompurin,cama Pompompurin,lit Pompompurin,lit Pompompurin,Pompompurin-Bett,letto Pompompurin,폼폼푸린 침대,1144,1437,0340,0338,0989,0987,1124,0699,1549,1.4,12000,-,305F,int_ppp_bedW,Yes,,,,Pompompurin bed,,Pompompurin bed
1144,Pompompurin chair,Pompompurin chair,,,Marty's RV,-,No,-,-,"3,000",-,-,Seat,1x1,No,No,No,,,Sit,-,Sit,300,-,-,Fairy Tale / Toy Shop,yellow,brown,-,cute,,No,No,-,1,1,-,1,-,-,-,,-,-,ポムポムプリンなチェア,silla Pompompurin,silla Pompompurin,chaise Pompompurin,chaise Pompompurin,Pompompurin-Stuhl,sedia Pompompurin,폼폼푸린 의자,1145,1433,1462,1462,0383,0382,1127,1237,1548,1.4,12000,-,3060,int_ppp_chairS,Yes,,,,Pompompurin chair,,Pompompurin chair
1145,Pompompurin pudding,Pompompurin pudding,,,Marty's RV,-,No,-,-,"3,000",-,-,-,1x1,No,No,Yes,,,,,,300,-,-,Fairy Tale / Toy Shop,yellow,brown,-,cute,,No,No,-,1,1,-,1,-,-,-,,-,-,ポムポムプリンなプリン,flan Pompompurin,flan Pompompurin,gâteau Pompompurin,gâteau Pompompurin,Pompompurin-Pudding,budino Pompompurin,폼폼푸린 푸딩,1146,1436,0646,0647,0724,0722,1125,0201,1551,1.4,12000,-,3063,int_ppp_pudding,Yes,,,,Pompompurin pudding,,Pompompurin pudding
1146,Pompompurin rack,Pompompurin rack,,,Marty's RV,-,No,-,-,"3,000",-,-,Dresser,1x1,No,No,No,,,Storage,Press,Press,300,-,-,Fairy Tale / Toy Shop,yellow,brown,-,cute,,No,No,-,1,1,-,1,-,-,-,,-,-,ポムポムプリンなラック,estante Pompompurin,estante Pompompurin,buffet Pompompurin,buffet Pompompurin,Pompompurin-Regal,scaffale Pompompurin,폼폼푸린 수납 선반,1147,1438,0584,0582,0224,0222,1126,1132,1547,1.4,12000,-,3061,int_ppp_shelf,Yes,,,,Pompompurin rack,,Pompompurin rack
1147,Pompompurin table,Pompompurin table,,,Marty's RV,-,No,-,-,"3,000",-,-,Table,1x1,No,Yes,No,,,,,,300,-,-,Fairy Tale / Toy Shop,yellow,brown,-,cute,,No,No,-,1,1,-,1,-,-,-,,-,-,ポムポムプリンなテーブル,mesita Pompompurin,mesita Pompompurin,table Pompompurin,table Pompompurin,Pompompurin-Tisch,tavolo Pompompurin,폼폼푸린 테이블,1148,1434,1052,1051,1556,1556,1128,1547,1550,1.4,12000,-,3062,int_ppp_tableS,Yes,,,,Pompompurin table,,Pompompurin table
1148,Pompompurin TV,Pompompurin TV,,,Marty's RV,-,No,-,-,"3,000",-,-,-,2x1,Yes,No,No,,,,,,300,-,-,Fairy Tale / Toy Shop,yellow,brown,-,cute,,No,No,-,2,1,-,1,-,-,-,,-,-,ポムポムプリンなテレビ,tele Pompompurin,tele Pompompurin,télé Pompompurin,télé Pompompurin,Pompompurin-TV,TV Pompompurin,폼폼푸린 TV,1149,1435,1623,1622,1628,1628,1129,1669,1546,1.4,12000,-,3064,int_ppp_tv_floor,Yes,,,,Pompompurin TV,,-
1149,ponderosa bonsai,ponderosa bonsai,,,Garden Shop,-,Yes,"1,800",-,450,360,-,Plant,1x1,No,No,Yes,,,-,-,-,199,pine tree,Set,Harmonious / Rustic,green,brown,-,iconic,,No,No,-,1,1,-,1,-,-,-,,-,-,アカマツのぼんさい,ponderosa bonsái,ponderosa bonsái,bonsaï pin russe,bonsaï pin russe,Ponderosa-Bonsai,bonsai ponderosa,적송 분재,1150,0078,1239,1241,0185,0183,1130,0190,1159,1.0,1800,2B21,2BCB,int_bop_redpine,No,,,,,,ponderosa bonsai
1150,Poogie,Poogie (Memorial stripes),,,Felyne's RV,-,No,-,-,"3,000",-,-,Doll,1x1,No,No,No,,,,,,300,-,-,Toy Shop,beige,aqua,-,cute,,No,Yes,1200,3,3,the outfit,1,-,-,-,,-,-,プーギー,Poogie,Poogie,poogie,poogie,Poogie,Poogie,푸기,1151,1333,1240,1242,1281,1279,1131,1021,1552,1.4,12000,-,3026,rmk_mnh_pugi,No,,,,,Poogie,-
1151,popcorn,popcorn (Salted),,,Boris's RV,-,No,-,-,400,320,-,-,1x1,No,No,Yes,,,,,,151,-,-,-,beige,red,-,basic,,No,Yes,160,4,4,the menu,1,-,-,-,,-,-,ポップコーン,cubeta de palomitas,cubo de palomitas,seau de pop-corn,seau de pop-corn,Popcorn,secchio di pop-corn,팝콘,1152,1428,0520,0521,1397,1395,1132,1175,1507,1.4,1600,-,2F72,rmk_oth_popcorn,No,,,,,popcorn,-
1152,popcorn machine,popcorn machine,,,Nooklings,D,Yes,"3,200",-,800,640,-,-,1x1,No,No,No,,,,,,151,-,-,Toy Shop,red,beige,-,cute,,No,No,-,1,1,-,1,-,-,-,,-,-,ポップコーンマシン,máquina de palomitas,máquina de palomitas,machine à pop-corn,machine à pop-corn,Popcorn-Maschine,macchina pop-corn,팝콘 머신,1153,1429,0913,0910,1029,1027,1133,0743,1508,1.0,3200,2CB6,2D60,int_oth_popcorn,Yes,,,,popcorn machine,popcorn machine,popcorn machine
1153,pop-up book,pop-up book,,,Nooklings,A,Yes,"1,000",-,250,200,-,-,1x1,No,No,Yes,,,,,,151,-,-,Toy Shop,green,red,-,cute,,No,No,-,1,1,-,1,-,-,-,,-,-,しかけえほん,libro animado,libro animado,livre en relief,livre en relief,Aufklapp-Bilderbuch,libro 3D,입체 그림책,1154,0651,0864,0862,1005,1003,0075,0726,1127,1.0,1000,2C56,2D00,int_oth_popup,Yes,,,,pop-up book,pop-up book,pop-up book
1154,portable toilet,portable toilet,,,Nooklings,B,Yes,"2,000",-,500,400,-,-,1x1,No,No,No,,,,,,151,-,-,-,white,aqua,-,flashy,,No,No,-,1,1,-,1,-,-,-,,-,-,かせつトイレ,retrete portátil,retrete portátil,cabine de WC mobile,cabine de WC mobile,Toilettenhäuschen,bagno chimico,이동식 화장실,1155,0323,1349,1349,0245,0243,1570,0115,1100,1.0,2000,2CD3,2D7D,int_oth_wc_portable,Yes,,,,portable toilet,portable toilet,portable toilet
1155,poster stand,poster stand (Pop art),,,Museum Shop,-,Yes,"2,500",-,625,500,-,-,1x1,No,No,No,,,,,,199,museum,Set,Trendy,gray,orange,-,official,,No,Yes,250,5,1,-,5,the poster,-,-,,-,-,ポスターたて,cartel con póster,cartel con póster,porte-affiche,porte-affiche,Posterrahmen,espositore locandine,포스터 스탠드,1156,1419,0391,0391,1284,1282,1134,0433,1541,1.0,2500,2C29,2CD3,rmk_mse_poster,Yes,,,,poster stand,poster stand,-
1156,post-office poster,post-office poster,,,Post Office,-,No,-,-,100,-,-,-,1x1,Yes,No,No,,,,,,499,-,-,-,-,-,-,iconic,,No,No,-,1,1,-,1,-,-,-,,-,-,ゆうびんきょくのポスター,cartel postal,cartel postal,affiche bureau poste,affiche bureau poste,Postplakat,poster uff. postale,우체국 포스터,1157,1580,0397,0395,0005,0005,1135,1043,1057,1.0,400,2D82,2E2C,int_oth_poster,Yes,,,,,post-office poster,-
1157,pot rack,pot rack,,,Nooklings,-,Yes,980,-,245,196,-,-,2x1,Yes,No,No,,,,,,151,-,-,-,brown,colorful,-,basic,,No,No,-,1,1,-,1,-,-,-,,-,-,キッチンつるし,portacacerolas,portacacerolas,porte-casseroles,porte-casseroles,Küchenregal,mensola da cucina,주방 도구 걸이,1158,0400,1241,1243,1286,1284,0801,0769,1200,1.0,980,2CBF,2D69,int_oth_cookware,Yes,,,,pot rack,pot rack,-
1158,potato gratin,potato gratin,,,Franklin's RV,-,No,-,-,300,240,-,-,1x1,No,No,Yes,,,,,,151,-,-,-,yellow,brown,-,basic,,No,No,-,1,1,-,1,-,-,-,,-,-,グラタン,gratinado de papas,gratinado de patatas,gratin,gratin,Gratin,sformato,그라탱,1159,0483,0688,0691,0739,0737,0513,1301,0130,1.4,1200,-,2F40,int_oth_steak,No,,,,gratin,potato gratin,-
1159,potbelly stove,potbelly stove,,,Nooklings,D,Yes,"2,000",-,500,400,-,-,1x1,No,No,No,,,,,,151,-,-,-,gray,gray,-,historical,,No,No,-,1,1,-,1,-,-,-,,-,-,ダルマストーブ,estufa de leña,estufa de leña,poêle à charbon,poêle à charbon,Kanonenofen,stufetta nera,석탄 스토브,1160,0931,0606,0604,1272,1270,0672,1424,0763,1.0,2000,2B98,2C42,int_oth_pbstove,No,,,,,,potbelly stove
1160,pothos,pothos,,,Garden Shop,-,Yes,"1,300",-,325,260,-,Plant,1x1,No,No,No,,,-,-,-,199,house plant,Set,Rustic,green,brown,-,basic,,No,No,-,1,1,-,1,-,-,-,,-,-,ポトス,planta,poto,pothos,pothos,Pothos,pothos,포토스,1161,1430,1221,1247,1305,1303,1136,1044,1543,1.0,1300,2B2B,2BD5,int_plt_pothos,No,,,,,,pothos
1161,potted ivy,potted ivy,,,Nooklings,-,Yes,800,-,200,160,-,Plant,1x1,Yes,No,No,,,-,-,-,151,-,-,Rustic,green,green,-,basic,,No,No,-,1,1,-,1,-,-,-,,-,-,かべかけのはっぱ,maceta hiedra,maceta hiedra,lierre en pot,lierre en pot,Efeu-Topfpflanze,pianta edera in vaso,벽걸이 식물,1162,0349,0877,0873,0947,0945,0306,0961,0625,1.0,800,2D7A,2E24,int_oth_leaf_wall,Yes,,,,potted ivy,potted ivy,-
1162,potty,potty (White),,,Nooklings,B,Yes,"1,200",-,300,240,-,-,1x1,No,No,No,,,,,,151,-,-,-,white,white,-,basic,,No,Yes,120,5,5,the body color,1,-,-,-,,-,-,おまる,orinal,orinal,pot pour enfant,pot pour enfant,Töpfchen,vasino,유아용 변기,1163,0263,1146,1147,1303,1301,1573,1691,1078,1.0,1200,2C7B,2D25,rmk_oth_potty,Yes,,,,,potty,-
1163,princess bed,princess bed,,,GracieGrace,-,No,"80,000",-,"20,000",-,-,Bed,2x2,No,No,No,,,Sleep,-,Sleep,251,princess,Series,Antique / Fairy Tale,aqua,aqua,-,cute,,No,No,-,1,1,-,1,-,-,-,,-,-,プリンセスベッド,cama princesa,cama princesa,lit princesse,lit princesse,Prachtbett,letto contessa,프린세스 침대,1164,1379,0341,0339,0990,0988,1137,0670,1579,1.0,80000,2A11,2ABB,int_pri_bedW,No,,,,,,-
1164,princess cage,princess cage,,,GracieGrace,-,No,"90,000",-,"22,500",-,-,-,1x1,No,No,No,,,,,,251,princess,Series,Antique / Fairy Tale,white,white,-,cute,,No,No,-,1,1,-,1,-,-,-,,-,-,プリンセスケージ,jaula princesa,jaula princesa,cage princesse,cage princesse,Prachtkäfig,voliera contessa,프린세스 새장,1165,1373,0739,0740,0259,0257,1138,1730,1572,1.0,90000,2A19,2AC3,int_pri_cage,No,,,,,,-
1165,princess chair,princess chair,,,GracieGrace,-,No,"120,000",-,"30,000",-,-,Seat,1x1,No,No,No,,,Sit,-,Sit,251,princess,Series,Antique / Fairy Tale,aqua,white,-,cute,,No,No,-,1,1,-,1,-,-,-,,-,-,プリンセスチェア,silla princesa,silla princesa,chaise princesse,chaise princesse,Prachtstuhl,sedia contessa,프린세스 체어,1166,1375,1463,1463,0384,0383,1144,1195,1578,1.0,120000,2A15,2ABF,int_pri_chairS,No,,,,,,-
1166,princess chest,princess chest,,,GracieGrace,-,No,"220,000",-,"55,000",-,-,Dresser,2x1,No,No,No,,,Storage,Press,Press,251,princess,Series,Antique / Fairy Tale,white,white,-,cute,,No,No,-,1,1,-,1,-,-,-,,-,-,プリンセスチェスト,cómoda princesa,cómoda princesa,commode princesse,commode princesse,Prachtkommode,comò contessa,프린세스 수납장,1167,1376,0490,0488,0499,0498,1139,0322,1574,1.0,220000,2A12,2ABC,int_pri_chestA,No,,,,,,-
1167,princess clock,princess clock,,,GracieGrace,-,No,"200,000",-,"50,000",-,-,Clock,1x1,Yes,No,No,,,,,,251,princess,Series,Antique / Fairy Tale,aqua,white,-,cute,,No,No,-,1,1,-,1,-,-,-,,-,-,プリンセスクロック,reloj princesa,reloj princesa,horloge princesse,horloge princesse,Prachtuhr,orologio contessa,프린세스 시계,1168,1372,1335,1335,0821,0819,1147,0868,1575,1.0,200000,2A1B,2AC5,int_pri_wall,Yes,,,,,princess clock,-
1168,princess closet,princess closet,,,GracieGrace,-,No,"180,000",-,"45,000",-,-,Closet,1x1,No,No,No,,,Storage,Press,Press,251,princess,Series,Antique / Fairy Tale,white,white,-,cute,,No,No,-,1,1,-,1,-,-,-,,-,-,プリンセスクロゼット,armario princesa,armario princesa,buffet princesse,buffet princesse,Prachtschrank,armadio contessa,프린세스 옷장,1169,1371,0084,0084,0225,0223,1141,0055,1576,1.0,180000,2A13,2ABD,int_pri_chestC,No,,,,,,-
1169,princess curio,princess curio,,,GracieGrace,-,No,"300,000",-,"75,000",-,-,-,2x1,No,No,No,,,,,,251,princess,Series,Antique / Fairy Tale,white,white,-,cute,,No,No,-,1,1,-,1,-,-,-,,-,-,プリンセスキュリオ,vitrina princesa,vitrina princesa,vitrine princesse,vitrine princesse,Prachtvitrine,vetrina contessa,프린세스 장식장,1170,1370,1739,1737,1727,1727,1148,1719,1577,1.0,300000,2A17,2AC1,int_pri_curio,No,,,,,,-
1170,princess dresser,princess dresser,,,GracieGrace,-,No,"80,000",-,"20,000",-,-,-,1x1,No,No,No,,,,,,251,princess,Series,Antique / Fairy Tale,white,white,-,cute,,No,No,-,1,1,-,1,-,-,-,,-,-,プリンセスドレッサー,tocador princesa,tocador princesa,coiffeuse princesse,coiffeuse princesse,Prachtspiegel,toletta contessa,프린세스 화장대,1171,1378,1666,1664,0455,0454,1143,1593,1581,1.0,80000,2A18,2AC2,int_pri_dresser,No,,,,,,-
1171,princess lamp,princess lamp,,,GracieGrace,-,No,"68,000",-,"17,000",-,-,Light,1x1,No,No,No,,,Toggle,Light,Press,251,princess,Series,Antique / Fairy Tale,aqua,aqua,-,cute,,No,No,-,1,1,-,1,-,-,-,,-,-,プリンセスランプ,lámpara princesa,lámpara princesa,lampe princesse,lampe princesse,Prachtlampe,lampada contessa,프린세스 램프,1172,1380,0816,0816,0911,0909,1140,0579,1571,1.0,68000,2A1A,2AC4,int_pri_lamp,No,,,,,,-
1172,princess sofa,princess sofa,,,GracieGrace,-,No,"100,000",-,"25,000",-,-,Seat,2x1,No,No,No,,,Sit,-,Sit,251,princess,Series,Antique / Fairy Tale,aqua,white,-,cute,,No,No,-,1,1,-,1,-,-,-,,-,-,プリンセスソファ,sofá princesa,sofá princesa,canapé princesse,canapé princesse,Prachtsofa,sofà contessa,프린세스 소파,1173,1374,1518,1518,0299,0297,1142,1340,1573,1.0,100000,2A14,2ABE,int_pri_chairL,No,,,,,,-
1173,princess table,princess table,,,GracieGrace,-,No,"240,000",-,"60,000",-,-,Table,2x1,No,Yes,No,,,,,,251,princess,Series,Antique / Fairy Tale,aqua,white,-,cute,,No,No,-,1,1,-,1,-,-,-,,-,-,プリンセステーブル,mesa princesa,mesa princesa,table princesse,table princesse,Prachttisch,tavolo contessa,프린세스 테이블,1174,1377,1016,1016,1557,1557,1146,1497,1580,1.0,240000,2A16,2AC0,int_pri_tableM,No,,,,,,-
1174,propane stove,propane stove,,,Tent Campers,-,Yes,"1,470",-,367,293,-,-,1x1,No,No,No,,,,,,451,-,-,-,gray,gray,-,sporty,,No,No,-,1,1,-,1,-,-,-,,-,-,けいたいコンロ,barbacoa de gas,barbacoa de gas,barbecue à gaz,barbecue à gaz,Gasgrill,fornello propano,휴대용 그릴,1175,0528,0159,0156,0124,0123,0456,0476,1736,1.0,1470,2B6B,2C15,int_tnt_burner,No,,,,,,propane stove
1175,propane tanks,propane tanks,,,Campground Shop,-,No,-,-,300,240,-,-,1x1,No,No,No,,,,,,151,-,-,-,gray,gray,-,basic,,No,No,-,1,1,-,1,-,-,-,,-,-,プロパンガス,gas propano,gas propano,duo bouteilles gaz,duo bouteilles gaz,Propan,gas propano,프로판가스 통,1176,1390,0672,0674,0583,0582,1153,0503,1570,1.4,1200,-,2F8A,int_oth_propanegas,No,,,,,propane tanks,propane tanks
1176,public telephone,public telephone,,,June's RV,-,No,-,-,300,240,-,-,1x1,No,No,Yes,,,,,,151,-,-,-,pink,white,-,historical,,No,No,-,1,1,-,1,-,-,-,,-,-,こうしゅうでんわ,teléfono público,teléfono público,téléphone public,téléphone public,Münztelefon,telefono pubblico,공중전화,1177,0559,1631,1630,1638,1638,0967,1576,0113,1.4,1200,-,2F61,int_oth_publicphone,No,,,,public telephone,public telephone,public telephone
1177,puffer-fish TV,puffer-fish TV,,,Chip,-,No,-,-,600,480,-,-,1x1,No,No,No,,,,,,651,fish,Set,Toy Shop,orange,white,-,cute,,No,No,-,1,1,-,1,-,-,-,,-,-,ハリセンボンテレビ,tele pez erizo,tele pez erizo,télé pois. porc-épic,télé pois. porc-épic,Kugelfischfernseher,TV pesce palla,가시복 TV,1178,1226,1620,1619,1626,1626,0808,1667,0058,1.0,2400,2CE7,2D91,int_fis_tv,Yes,,,,,puffer-fish TV,-
1178,pumpkin pie,pumpkin pie,,,Nintendo Zone,-,No,-,-,375,300,-,-,1x1,No,No,Yes,,,,,,300,-,-,Fairy Tale,orange,orange,-,basic,,No,No,-,1,1,-,1,-,-,-,,-,-,パンプキンパイ,tarta de calabaza,tarta de calabaza,tarte à la courge,tarte à la courge,Kürbiskuchen,crostata di zucca,호박파이,1179,1281,1595,1596,1605,1605,0818,0385,1681,1.0,1500,2C3B,2CE5,int_oth_pumpkinpie,Yes,,,,pumpkin pie,pumpkin pie,pumpkin pie
1179,pylon set,pylon set,,,Boyd's RV,-,No,-,-,700,560,-,-,2x1,No,No,No,,,,,,151,-,-,-,red,yellow,-,basic,,No,No,-,1,1,-,1,-,-,-,,-,-,バーつきパイロン,valla de conos,valla de conos,ensemble de plots,ensemble de plots,Absperrhütchen-Set,coppia coni stradali,라바콘 세트,1180,1130,1716,1714,0600,0597,0021,0372,0352,1.4,2800,-,2F18,int_cst_pylonbar,No,,,,,pylon set,-
1180,pyramid,pyramid,,,Nooklings,D,Yes,"3,800",-,950,760,-,-,2x2,No,No,No,,,,,,151,-,-,Antique / Quirky,yellow,brown,-,historical,,No,No,-,1,1,-,1,-,-,-,,-,-,ピラミッド,pirámide,pirámide,pyramide,pyramide,Pyramide,piramide,피라미드,1181,1318,1211,1215,1333,1331,1174,0990,1586,1.0,3800,2B53,2BFD,int_oth_pyramid,No,,,,pyramid,,pyramid
1181,queen,queen (Natural brown),,,Spotlight,-,Yes,"8,000",-,"2,000","1,600",-,-,1x1,No,No,No,,,,,,351,chess,Set,Toy Shop,brown,brown,-,modern,,No,Yes,800,4,3,the piece color,1,-,1,Gold Nugget,,-,-,クイーンのこま,reina,reina,reine,reine,Dame,regina,퀸,1182,0466,1285,1285,1360,1358,0249,1069,1369,1.0,8000,2AB0,2B5A,rmk_chs_queen,No,,,"black queen, white queen",-,,-
1182,quilted tapestry,quilted tapestry,,,Mabel's RV,-,No,-,-,"3,000",-,-,-,2x1,Yes,No,No,,,,,,151,-,-,Toy Shop,colorful,pink,-,cute,,No,No,-,1,1,-,1,-,-,-,,-,-,キルトのタペストリー,colcha decorativa,colcha decorativa,tapisserie à frises,tapisserie à frises,Quilt-Wandteppich,arazzo a trapunta,퀼트 태피스트리,1183,0442,0450,0450,1602,1602,1176,0032,1370,1.4,12000,-,30A9,int_hgh_wall,Yes,,,,,,-
1183,quince bonsai,quince bonsai,,,Garden Shop,-,Yes,"1,600",-,400,320,-,Plant,1x1,No,No,Yes,,,-,-,-,199,bonsai,Set,Harmonious / Rustic,red,blue,-,iconic,,No,No,-,1,1,-,1,-,-,-,,-,-,ボケのぼんさい,membrillo bonsái,membrillo bonsái,bonsaï cydonia,bonsaï cydonia,Quitten-Bonsai,bonsai melo,명자나무 분재,1184,1418,0937,0934,0179,0177,1177,0187,0479,1.0,1600,2B29,2BD3,int_bon_quince,No,,,,,,-
1184,raccoon figurine,raccoon figurine (Brown),,,Nooklings,B,Yes,"2,000",-,500,400,-,Doll,1x1,No,No,No,,,,,,151,-,-,Harmonious,white,brown,-,cute,,No,Yes,200,5,4,the raccoon color,1,-,1,Gold Nugget,,-,-,たぬきのおきもの,figura mapache,figura mapache,raton laveur,raton laveur,Waschbärenfigur,bambola procione,너구리 모형,1185,0897,0643,0643,1347,1345,1649,0122,0215,1.0,2000,2BB6,2C60,rmk_oth_tanuki,No,,,,raccoon figurine,,-
1185,raccoon wall clock,raccoon wall clock,,,Nintendo Zone,-,Yes,"1,600",-,400,320,-,Clock,1x1,Yes,No,No,,,,,,499,-,-,Toy Shop,brown,brown,-,cute,,No,No,-,1,1,-,1,-,-,-,,-,-,タヌキのかべかけどけい,reloj pared mapache,reloj pared mapache,horlo. mur r. laveur,horlo. mur r. laveur,Waschbärenwanduhr,orologio procione,너구리 벽걸이 시계,1186,0898,1329,1329,0774,0772,1650,0896,0216,1.0,1600,2CEA,2D94,int_tnk_clock,Yes,,,,raccoon wall clock,raccoon wall clock,-
1186,radiator,radiator,,,Nooklings,C,Yes,"2,380",-,595,476,-,-,1x1,No,No,No,,,,,,151,-,-,Sci-Fi,white,white,-,basic,,No,No,-,1,1,-,1,-,-,-,,-,-,オイルヒーター,radiador,radiador,radiateur,radiateur,Heizkörper,calorifero,오일 히터,1187,0196,1266,1269,1336,1334,0557,0218,1023,1.0,2380,2B9B,2C45,int_oth_radiator,No,,,,retro radiator,,-
1187,rainbow screen,rainbow screen,,,DLC,-,Yes,"4,240",-,"1,060",848,-,-,2x1,No,No,No,,,,,,300,-,-,Sci-Fi,white,colorful,-,cute,,No,No,-,1,1,-,1,-,-,-,,-,-,レインボースクリーン,biombo arcoíris,biombo arcoíris,paravent arc-en-ciel,paravent arc-en-ciel,Regenbogenraumteiler,separé arcobaleno,레인보우 파티션,1188,1666,0190,0187,1182,1180,1197,1262,0386,1.0,4240,2E14,2EBE,int_mon_06,Yes,,,,,rainbow screen,-
1188,ramen,ramen (Shoyu),,,Admiral's RV,-,No,-,-,400,320,-,-,1x1,No,No,Yes,,,,,,151,-,-,-,brown,colorful,-,basic,,No,Yes,160,3,3,the menu,1,-,-,-,,-,-,ラーメン,sopa de fideos,sopa de fideos,soupe de ramen,soupe de ramen,Ramensuppe,scodella di ramen,라면,1189,1618,1529,1529,1440,1439,1182,1154,0350,1.4,1600,-,2EEF,rmk_oth_ramen,No,,,,shoyu ramen,ramen,ramen
1189,ramen cup,ramen cup,,,Campground Shop,-,No,-,-,300,240,-,-,1x1,No,No,Yes,,,,,,151,-,-,-,red,white,-,basic,,No,No,-,1,1,-,1,-,-,-,,-,-,カップめん,sopa instantánea,sopa instantánea,boîte de ramen,boîte de ramen,Instant-Nudelsuppe,ramen istantaneo,컵라면,1190,0335,1530,1530,0169,0167,0644,1064,1344,1.4,1200,-,2EDC,int_oth_cupnoodle,No,,,,instant noodles,ramen cup,ramen cup
1190,ranch armchair,ranch armchair (Natural),,,Nooklings,B,Yes,"2,000",-,500,400,-,Seat,1x1,No,No,No,,,Sit,-,Sit,151,ranch,Series,Rustic,brown,brown,-,basic,,No,Yes,200,3,3,the wood color,1,-,-,-,,-,-,カントリーなソファS,butaca rústica,butaca rústica,fauteuil ranch,fauteuil ranch,Western-Sessel,poltrona country,컨트리 소파 S,1191,0385,0244,0242,0668,0666,1689,1006,1323,1.0,2000,2944,29EE,rmk_cnt_chairS02,No,,,,,,ranch armchair
1191,ranch bed,ranch bed (Natural - White),,,Nooklings,B,Yes,"2,300",-,575,460,-,Bed,2x1,No,No,No,,,Sleep,-,Sleep,151,ranch,Series,Rustic,brown,white,-,basic,,No,Yes,230,12,3,the frame,4,the bedding,-,-,,-,-,カントリーなベッド,cama rústica,cama rústica,lit ranch,lit ranch,Western-Bett,letto country,컨트리 침대,1192,0390,0346,0344,0991,0989,1685,0671,1328,1.0,2300,2940,29EA,rmk_cnt_bedS,No,,,,ranch bed,,ranch bed
1192,ranch bookcase,ranch bookcase (Natural),,,Nooklings,B,Yes,"2,000",-,500,400,-,-,1x1,No,No,No,,,,,,151,ranch,Series,Rustic,brown,brown,-,basic,,No,Yes,200,3,3,the wood color,1,-,-,-,,-,-,カントリーなほんだな,librería rústica,librería rústica,étagère ranch,étagère ranch,Western-Regal,libreria country,컨트리 책장,1193,0391,0863,0861,0637,0634,1687,0717,1327,1.0,2000,2948,29F2,rmk_cnt_bookshelf,No,,,,,,ranch bookcase
1193,ranch chair,ranch chair (Natural),,,Nooklings,B,Yes,"1,400",-,350,280,-,Seat,1x1,No,No,No,,,Sit,-,Sit,151,ranch,Series,Rustic,brown,brown,-,basic,,No,Yes,140,3,3,the wood color,1,-,-,-,,-,-,カントリーなイス,silla rústica,silla rústica,chaise ranch,chaise ranch,Western-Stuhl,sedia country,컨트리 의자,1194,0383,1470,1470,0386,0385,1691,1196,1325,1.0,1400,2945,29EF,rmk_cnt_chairS01,No,,,,ranch chair,,ranch chair
1194,ranch couch,ranch couch (Natural),,,Nooklings,B,Yes,"2,400",-,600,480,-,Seat,2x1,No,No,No,,,Sit,-,Sit,151,ranch,Series,Rustic,brown,brown,-,basic,,No,Yes,240,3,3,the wood color,1,-,-,-,,-,-,カントリーなソファL,sofá rústico,sofá rústico,canapé ranch,canapé ranch,Western-Sofa,sofà country,컨트리 소파 L,1195,0384,1523,1523,0300,0298,1690,1341,1322,1.0,2400,2943,29ED,rmk_cnt_chairL,No,,,,,,ranch couch
1195,ranch dresser,ranch dresser (Natural),,,Nooklings,B,Yes,"2,720",-,680,544,-,Dresser,2x1,No,Yes,No,,,Storage,Press,Press,151,ranch,Series,Rustic,brown,brown,-,basic,,No,Yes,272,3,3,the wood color,1,-,-,-,,-,-,カントリーなタンス,cómoda rústica,cómoda rústica,commode ranch,commode ranch,Western-Kommode,comò country,컨트리 서랍장,1196,0387,0495,0493,0500,0499,1686,0323,1320,1.0,2720,2941,29EB,rmk_cnt_chestA,No,,,,,,ranch dresser
1196,ranch hutch,ranch hutch (Natural),,,Nooklings,B,Yes,"2,560",-,640,512,-,-,1x1,No,No,No,,,,,,151,ranch,Series,Rustic,brown,brown,-,basic,,No,Yes,256,3,3,the wood color,1,-,-,-,,-,-,カントリーなたな,aparador rústico,aparador rústico,buffet ranch,buffet ranch,Western-Anrichte,credenza country,컨트리 선반,1197,0386,0031,0031,0226,0224,1684,0382,1321,1.0,2560,2949,29F3,rmk_cnt_shelf,No,,,,ranch cupboard,,ranch hutch
1197,ranch table,ranch table (Natural),,,Nooklings,B,Yes,"1,700",-,425,340,-,Table,2x2,No,Yes,No,,,,,,151,ranch,Series,Rustic,brown,brown,-,basic,,No,Yes,170,3,3,the wood color,1,-,-,-,,-,-,カントリーなテーブル,mesa rústica,mesa rústica,table ranch,table ranch,Western-Tisch,tavolo country,컨트리 테이블,1198,0389,1025,1024,1558,1558,1693,1498,1329,1.0,1700,2946,29F0,rmk_cnt_tableL,No,,,,,,ranch table
1198,ranch tea table,ranch tea table (Natural - Blue),,,Nooklings,B,Yes,"1,800",-,450,360,-,Table,2x1,No,Yes,No,,,,,,151,ranch,Series,Rustic,brown,blue,-,basic,,No,Yes,180,12,3,the wood color,4,the cloth,-,-,,-,-,カントリーなつくえ,mesita rústica,mesita rústica,table basse ranch,table basse ranch,Western-Teetisch,tavolino country,컨트리 책상,1199,0388,1053,1052,1489,1489,1692,1459,1326,1.0,1800,2947,29F1,rmk_cnt_tableM,No,,,,ranch tea table,,ranch tea table
1199,ranch wall rack,ranch wall rack (Natural),,,Nooklings,-,Yes,"2,400",-,600,480,-,-,1x1,Yes,No,No,,,,,,151,ranch,Series,Rustic,brown,brown,-,basic,,No,Yes,240,3,3,the wood color,1,-,-,-,,-,-,カントリーかべかけラック,estantería rústica,estantería rústica,étagère mur ranch,étagère mur ranch,Western-Wandregal,mensola country,컨트리 벽걸이 수납 선반,1200,0381,0597,0595,0633,0630,1694,0767,1319,1.0,2400,294A,29F4,rmk_cnt_shelf_wall,Yes,,,,,ranch wall rack,-
1200,ranch wardrobe,ranch wardrobe (Natural),,,Nooklings,B,Yes,"3,050",-,762,609,-,Closet,1x1,No,No,No,,,Storage,Press,Press,151,ranch,Series,Rustic,brown,brown,-,basic,,No,Yes,305,3,3,the wood color,1,-,-,-,,-,-,カントリークロゼット,armario rústico,armario rústico,armoire ranch,armoire ranch,Western-Schrank,armadio country,컨트리 옷장,1201,0382,0089,0089,0051,0051,1688,0056,1324,1.0,3050,2942,29EC,rmk_cnt_chestC,No,,,,ranch wardrobe,,ranch wardrobe
1201,range,range,,,Nooklings,D,Yes,"1,800",-,450,360,-,-,1x1,No,No,No,,,,,,151,-,-,Sci-Fi,brown,white,-,historical,,No,No,-,1,1,-,1,-,-,-,,-,-,コンロだい,cocina eléctrica,cocina eléctrica,four,four,Kochherd,cucinino,가스렌지 싱크대,1202,0618,0438,0438,0707,0705,0763,0389,0055,1.0,1800,2B77,2C21,int_oth_kcabi,No,,,,,,-
1202,raven pole,raven pole,,,Nooklings,D,Yes,"1,400",-,350,280,-,-,1x1,No,No,No,,,,,,151,totem pole,Set,Rustic,brown,colorful,-,iconic,,No,No,-,1,1,-,1,-,-,-,,-,-,トーテムポール・マア,tótem cuervo,tótem cuervo,totem corbeau,totem corbeau,Raben-Totempfahl,totem corvo,토템폴 마아,1203,1047,1682,1681,1656,1656,1178,1623,1430,1.0,1400,2AED,2B97,int_tpl_tpl04,No,,,,,,raven pole
1203,reception chair,reception chair,,,Piper's RV,-,No,-,-,300,240,-,Seat,1x1,No,No,No,,,Sit,-,Sit,151,-,-,-,white,white,-,official,,No,No,-,1,1,-,1,-,-,-,,-,-,レセプションチェア,silla de recepción,silla de recepción,siège sal. réception,siège sal. réception,Rezeptionsstuhl,sedia reception,연회장 체어,1204,1673,1419,1419,1423,1422,1219,1240,1004,1.4,1200,-,2F8F,int_oth_receptionchair,No,,,,reception chair,reception chair,-
1204,reception counter,reception counter (White),,,June's RV,-,No,-,-,800,640,-,Table,2x1,No,Yes,No,,,,,,151,-,-,-,white,white,-,official,,No,Yes,320,6,6,the body color,1,-,-,-,,-,-,うけつけカウンター,mostrador recepción,mostrador recepción,comptoir réception,comptoir réception,Rezeption,banco reception,연회장 카운터,1205,0150,1107,1106,0518,0517,1218,0132,1005,1.4,3200,-,2FA9,rmk_ofc_counter,No,,,,reception counter,reception counter,reception counter
1205,reception table,reception table,,,Museum Shop,-,Yes,"2,000",-,500,400,-,Table,2x1,No,No,No,,,,,,199,museum,Set,-,white,white,-,official,,No,No,-,1,1,-,1,-,-,-,,-,-,うけつけテーブル,mesa de recepción,mesa de recepción,table d'accueil,table d'accueil,Empfangstisch,tavolo accoglienza,접수 테이블,1206,0151,0971,0970,1504,1504,0353,1481,1176,1.0,2000,2C28,2CD2,int_mse_desk,Yes,,,,,reception table,-
1206,reception window,reception window (White),,,June's RV,-,No,-,-,800,640,-,-,2x1,No,No,No,,,,,,151,-,-,-,white,white,-,official,,No,Yes,320,3,3,the body color,1,-,-,-,,-,-,うけつけまど,ventanilla recepción,ventanilla recepción,guichet de réception,guichet de réception,Empfangsschalter,sportello clienti,접수처 창,1207,0152,1722,1720,0745,0743,0352,1388,1177,1.4,3200,-,3003,rmk_ofc_information,No,,,,,reception window,-
1207,record box,record box (Cardboard),,,Hornsby's RV,-,No,-,-,400,320,-,-,1x1,No,No,Yes,,,,,,151,-,-,Toy Shop,beige,beige,-,rock 'n' roll,,No,Yes,160,2,1,-,2,the box,-,-,,-,-,レコードボックス,caja de vinilos,caja de vinilos,boîte à vinyles,boîte à vinyles,Schallplattenkiste,scatola con dischi,음반 수납장,1208,1669,0283,0281,0163,0162,1303,1141,1088,1.4,1600,-,2FBE,rmk_oth_recordbox,No,,,,record box,record box,record box
1208,record player,record player,,,Nooklings,C,Yes,"1,400",-,350,280,-,Music Player,1x1,No,No,Yes,,,Music player,,Music,151,-,-,-,black,black,-,historical,,No,No,-,1,1,-,1,-,-,-,,-,-,LPプレーヤー,tocadiscos LP,tocadiscos LP,platine,platine,Plattenspieler,giradischi anni '70,LP 플레이어,1209,0026,1652,1650,1269,1267,1122,0517,0028,1.0,1400,2C54,2CFE,int_msc_lp,Yes,,,,,record player,-
1209,red cash register,red cash register (Red),,,Ursala's RV,-,No,-,-,600,480,-,-,1x1,No,No,Yes,,,,,,151,-,-,-,red,black,-,modern,,No,Yes,240,5,5,the body color,1,-,-,-,,-,-,ツートンレジ,registradora pequeña,registradora pequeña,caisse colorée,caisse colorée,Ladenkasse,reg. cassa colorato,빨간 가게 계산기,1210,0986,1284,1284,0265,0263,0832,1068,0707,1.4,2400,-,2F9B,rmk_shp_colorcashier,No,,,,,red cash register,red cash register
1210,red corner,red corner,,,Nooklings,C,Yes,"6,800",-,"1,700","1,360",-,-,2x2,No,No,No,,,,,,151,boxing,Theme,-,white,red,-,sporty,,No,No,-,1,1,-,1,-,-,-,,-,-,あかコーナー,esquina roja,esquina roja,coin rouge,coin rouge,Ecke (rot),angolo rosso,홍 코너,1211,0073,0572,0570,0465,0464,0299,0026,1689,1.0,6800,2A75,2B1F,int_wrs_bedW01,No,,,,red corner,,red corner
1211,red vase,red vase,,,Nooklings,D,Yes,"2,450",-,612,489,-,-,1x1,No,No,No,,,,,,151,vase,Set,Harmonious / Antique,red,white,-,historical,,No,No,-,1,1,-,1,-,-,-,,-,-,あかつぼ,jarrón rojo,jarrón rojo,vase rouge,vase rouge,Jugendstil-Vase,vaso rosso,빨간 단지,1212,0074,0735,0736,1698,1698,0651,1701,0708,1.0,2450,2B0B,2BB5,int_jar_jar_red,No,,,,fine vase,,red vase
1212,Red Wing,Red Wing,,,Felyne's RV,-,No,-,-,"3,000",-,-,-,1x1,No,No,No,,,,,,300,-,-,Toy Shop,gray,red,-,iconic,,No,No,-,1,1,-,1,-,-,-,,-,-,レウスのたいけん,espada Ala roja,espada Ala roja,Aile rouge,Aile rouge,Rotflügel,spada Ala rossa,레드윙,1213,1667,0562,0560,0006,0006,1255,1376,0384,1.4,12000,-,3021,int_mnh_sword,No,,,,,Red Wing,-
1213,red-snapper chair,red-snapper chair,,,Chip,-,No,-,-,600,480,-,Seat,2x1,No,No,No,,,Sit,-,Sit,651,fish,Set,Toy Shop,red,red,-,cute,,No,No,-,1,1,-,1,-,-,-,,-,-,タイそうなソファ,sofá pargo rojo,sofá pargo rojo,fauteuil vivaneau,fauteuil vivaneau,Fischsofa,sofà colisa,도미 소파,1214,0862,1516,1516,0674,0672,0406,1339,0301,1.0,2400,2CE6,2D90,int_fis_chairL,Yes,,,,,red-snapper chair,-
1214,red-tasseled lantern,red-tasseled lantern,,,Gulliver,-,Yes,"2,400",-,600,480,-,Light,1x1,Yes,No,No,,,Toggle,Light,Press,1051,-,-,Harmonious,yellow,red,-,iconic,,No,No,-,1,1,-,1,-,-,-,,-,-,ちゅうかなランタン,farol con penachos,farol con penachos,lanterne Chine,lanterne Chine,Drachenlaterne,lanterna cinese,중국풍 랜턴,1215,0959,0620,0618,0929,0927,0287,0623,1210,1.0,2400,2D84,2E2E,int_jhn_lantern,Yes,,,,imperial dining lantern,red-tasseled lantern,-
1215,reel-to-reel,reel-to-reel,,,Nooklings,B,Yes,"2,000",-,500,400,-,Music Player,1x1,No,No,Yes,,,Music player,,Music,151,-,-,Sci-Fi,black,colorful,-,historical,,No,No,-,1,1,-,1,-,-,-,,-,-,テープレコーダー,magnetófono,magnetófono,magnétophone,magnétophone,Tonbandgerät,registratore,테이프 레코더,1216,1010,0882,0878,1034,1032,1572,1070,1425,1.0,2000,2B9E,2C48,int_msc_tape,No,reel-to-reel,reel-to-reel,reel-to-reel,pro tape recorder,,-
1216,refrigerator,refrigerator,,,Nooklings,A,Yes,"1,200",-,300,240,-,Closet,1x1,No,No,No,,,Storage,Press,Press,151,-,-,Sci-Fi,white,white,-,basic,,No,No,-,1,1,-,1,-,-,-,,-,-,れいぞうこ,frigorífico,frigorífico,réfrigérateur,réfrigérateur,Kühlschrank,frigorifero,냉장고,1217,1664,0662,0664,1356,1354,0812,0490,0214,1.0,1200,2B7C,2C26,int_oth_iceA_chestB,No,,,,refrigerator,,refrigerator
1217,regal armoire,regal armoire (Royal yellow),,,Nooklings,D,Yes,"3,820",-,955,764,-,Closet,1x1,No,No,No,,,Storage,Press,Press,151,regal,Series,Antique / Fairy Tale,white,yellow,-,ornate,,No,Yes,382,6,6,the body color,1,-,-,-,,-,-,ロイヤルなクロゼット,armario regio,armario regio,armoire royale,armoire royale,Royalschrank,armadio chic,럭셔리 옷장,1218,1687,0087,0087,0055,0055,1260,0053,0374,1.0,3820,2958,2A02,rmk_ryl_chestC,No,,,,,,regal armoire
1218,regal bed,regal bed (Royal yellow),,,Nooklings,D,Yes,"3,120",-,780,624,-,Bed,2x2,No,No,No,,,Sleep,-,Sleep,151,regal,Series,Antique / Fairy Tale,white,yellow,-,ornate,,No,Yes,312,6,6,the frame,1,-,-,-,,-,-,ロイヤルなベッド,cama regia,cama regia,lit royal,lit royal,Royalbett,letto chic,럭셔리 침대,1219,1693,0344,0342,0996,0994,1257,0668,0378,1.0,3120,2956,2A00,rmk_ryl_bedW,No,,,,,,regal bed
1219,regal bookcase,regal bookcase (Royal yellow),,,Nooklings,D,Yes,"3,120",-,780,624,-,-,2x1,No,No,No,,,,,,151,regal,Series,Antique / Fairy Tale,white,yellow,-,ornate,,No,Yes,312,6,6,the body color,1,-,-,-,,-,-,ロイヤルなほんだな,librería regia,librería regia,vitrine royale,vitrine royale,Royalvitrine,libreria chic,럭셔리 장식장,1220,1694,0862,0860,1728,1728,1266,0716,0377,1.0,3120,295E,2A08,rmk_ryl_bookshelf,No,,,,,,regal bookcase
1220,regal chair,regal chair (Royal yellow),,,Nooklings,D,Yes,"2,100",-,525,420,-,Seat,1x1,No,No,No,,,Sit,-,Sit,151,regal,Series,Antique / Fairy Tale,white,yellow,-,ornate,,No,Yes,210,6,6,the body color,1,-,-,-,,-,-,ロイヤルなイス,silla regia,silla regia,chaise royale,chaise royale,Royalstuhl,sedia chic,럭셔리 의자,1221,1685,1469,1469,0390,0389,1264,1190,0376,1.0,2100,2959,2A03,rmk_ryl_chairS,No,,,,,,regal chair
1221,regal clock,regal clock (Royal yellow),,,Nooklings,D,Yes,"3,360",-,840,672,-,Clock,1x1,No,No,No,,,,,,151,regal,Series,Antique / Fairy Tale,white,yellow,-,ornate,,No,Yes,336,6,6,the body color,1,-,-,-,,-,-,ロイヤルなとけい,reloj regio,reloj regio,horloge royale,horloge royale,Royalstanduhr,orologio chic,럭셔리 괘종시계,1222,1691,1340,1340,0827,0825,1263,0866,0369,1.0,3360,295D,2A07,rmk_ryl_clockN,No,,,,,,regal clock
1222,regal dresser,regal dresser (Royal yellow),,,Nooklings,D,Yes,"3,520",-,880,704,-,Dresser,2x1,No,No,No,,,Storage,Press,Press,151,regal,Series,Antique / Fairy Tale,white,yellow,-,ornate,,No,Yes,352,6,6,the body color,1,-,-,-,,-,-,ロイヤルなタンス,cómoda regia,cómoda regia,commode royale,commode royale,Royalkommode,comò chic,럭셔리 서랍장,1223,1689,0493,0491,0505,0504,1258,0321,0372,1.0,3520,2957,2A01,rmk_ryl_chestA,No,,,,,,regal dresser
1223,regal lamp,regal lamp (Royal yellow - Royal yellow),,,Nooklings,D,Yes,"2,400",-,600,480,-,Light,1x1,No,No,No,,,Toggle,Light,Press,151,regal,Series,Antique / Fairy Tale,white,yellow,-,ornate,,No,Yes,240,36,6,the body color,6,the lamp shade,-,-,,-,-,ロイヤルなランプ,lámpara regia,lámpara regia,lampe royale,lampe royale,Royallampe,lampada chic,럭셔리 램프,1224,1695,0818,0818,0916,0914,1259,0577,0370,1.0,2400,295C,2A06,rmk_ryl_lamp,No,,,,,,regal lamp
1224,regal sofa,regal sofa (Royal yellow),,,Nooklings,D,Yes,"3,100",-,775,620,-,Seat,2x1,No,No,No,,,Sit,-,Sit,151,regal,Series,Antique / Fairy Tale,white,yellow,-,ornate,,No,Yes,310,6,6,the body color,1,-,-,-,,-,-,ロイヤルなソファ,sofá regio,sofá regio,canapé royal,canapé royal,Royalsofa,sofà chic,럭셔리 소파,1225,1688,1521,1521,0304,0302,1261,1337,0373,1.0,3100,295A,2A04,rmk_ryl_chairL,No,,,,,,regal sofa
1225,regal table,regal table (Royal yellow - Royal yellow),,,Nooklings,D,Yes,"2,540",-,635,508,-,Table,2x1,No,Yes,No,,,,,,151,regal,Series,Antique / Fairy Tale,white,yellow,-,ornate,,No,Yes,254,36,6,the body color,6,the tablecloth,-,-,,-,-,ロイヤルなテーブル,mesa regia,mesa regia,table royale,table royale,Royaltisch,tavolo chic,럭셔리 테이블,1226,1690,1021,1020,1565,1565,1265,1492,0379,1.0,2540,295B,2A05,rmk_ryl_tableM,No,,,,,,regal table
1226,regal vanity,regal vanity (Royal yellow),,,Nooklings,D,Yes,"3,200",-,800,640,-,-,1x1,No,No,No,,,,,,151,regal,Series,Antique / Fairy Tale,white,yellow,-,ornate,,No,Yes,320,6,6,the body color,1,-,-,-,,-,-,ロイヤルなドレッサー,tocador regio,tocador regio,coiffeuse royale,coiffeuse royale,Royalspiegel,toletta chic,럭셔리 화장대,1227,1692,1667,1665,0458,0457,1262,1592,0380,1.0,3200,295F,2A09,rmk_ryl_dresser,No,,,,,,regal vanity
1227,regal wall lamp,regal wall lamp (Royal yellow),,,Nooklings,-,Yes,"3,600",-,900,720,-,Light,1x1,Yes,No,No,,,Toggle,Light,Press,151,regal,Series,Antique / Fairy Tale,white,yellow,-,ornate,,No,Yes,360,6,6,the body color,1,-,-,-,,-,-,ロイヤルなウォールランプ,lámpara pared regia,lámpara pared regia,lampe mur royale,lampe mur royale,Royalwandlampe,lampada a muro chic,럭셔리 벽걸이 램프,1228,1686,0812,0812,0901,0899,1267,0568,0371,1.0,3600,2960,2A0A,rmk_ryl_wall,Yes,,,,,regal wall lamp,-
1228,Resetti model,Resetti model,,,Isabelle,-,No,-,-,600,-,-,Model,1x1,No,No,Yes,,,-,,,499,-,-,Toy Shop,brown,colorful,-,cute,,No,No,-,1,1,-,1,-,-,-,,-,-,リセットさんのもけい,mini Rese T. Ado,mini Rese T. Ado,mini Resetti,mini Resetti,Resetti-Figur,modellino di Resetti,도루묵씨 모형,1229,1643,1066,1065,1083,1082,1206,0805,0298,1.0,2400,2BFF,2CA9,int_oth_mol,No,,,,Resetti model,,-
1229,Re-Tail clock,Re-Tail clock,,,Reese's RV,-,No,-,-,"3,000",-,-,Clock,1x1,Yes,No,No,,,,,,151,-,-,Toy Shop,pink,aqua,-,cute,,No,No,-,1,1,-,1,-,-,-,,-,-,R・パーカーズのとけい,reloj reciclaje,reloj reciclaje,horloge mur R&R,horloge mur R&R,Fundgrubenuhr,orol. Ricicla+Ricrea,R・파카즈 시계,1230,0036,1338,1338,0813,0811,0434,0855,0038,1.4,12000,-,30BC,int_rpc_clock,Yes,,,,,,-
1230,Re-Tail mat,Re-Tail mat,,,Reese's RV,-,No,-,-,"3,000",-,-,-,2x2,No,No,No,,,,,,151,-,-,Toy Shop,aqua,pink,-,cute,,No,No,-,1,1,-,1,-,-,-,,-,-,R・パーカーズのマット,alfombra reciclaje,alfombra reciclaje,paillasson R&R,paillasson R&R,Fundgrubenmatte,tapp. Ricicla+Ricrea,R・파카즈 매트,1231,0037,0014,0013,1150,1148,0433,1441,0037,1.4,12000,-,30BD,int_rpc_mat,Yes,,,,,,-
1231,retro fridge,retro fridge,,,Nooklings,B,Yes,"2,300",-,575,460,-,Closet,1x1,No,No,No,,,Storage,Press,Press,151,-,-,Antique,green,green,-,historical,,No,No,-,1,1,-,1,-,-,-,,-,-,レトロなれいぞうこ,nevera retro,nevera retro,réfrigérateur vert,réfrigérateur vert,Retro-Kühlschrank,frigo rétro,복고풍 냉장고,1232,1682,1125,1126,1358,1356,1211,0489,0646,1.0,2300,2B7D,2C27,int_oth_iceB_chestB,No,,retro fridge,,-,,retro fridge
1232,retro screen,retro screen,,,Billy's RV,-,No,-,-,700,560,-,-,2x1,No,No,No,,,,,,151,-,-,Harmonious / Antique,brown,beige,-,historical,,No,No,-,1,1,-,1,-,-,-,,-,-,レトロなついたて,mampara añeja,mampara añeja,paravent rétro,paravent rétro,Retro-Trennwand,separé rétro,복고풍 파티션,1233,1677,0891,0888,1190,1188,1216,1274,0653,1.4,2800,-,2FFF,int_bth_screen,No,,,,,retro screen,-
1233,retro sign,retro sign,,,Timmy and Tommy's RV,-,No,-,-,"3,000",-,-,-,1x1,Yes,No,No,,,,,,151,-,-,Toy Shop,red,white,-,historical,,No,No,-,1,1,-,1,-,-,-,,-,-,ホーローかんばん,cartel antiguo,cartel antiguo,enseigne Mélimélo,enseigne Mélimélo,Ladenschild,cartello rétro,복고풍 간판,1234,1416,0389,0389,0598,0596,0834,0256,0645,1.4,12000,-,30AC,int_lrn_sign,Yes,,,,,,-
1234,retro sink,retro sink,,,Campground Shop,-,No,-,-,300,240,-,-,1x1,No,No,No,,,,,,151,-,-,-,brown,white,-,historical,,No,No,-,1,1,-,1,-,-,-,,-,-,レトロなせんめんだい,lavabo rural,lavabo rural,lavabo rétro,lavabo rétro,Spiegelwaschtisch,lavandino rétro,복고풍 세면대,1235,1676,0835,0836,0936,0934,1432,0648,0649,1.4,1200,-,2F87,int_jpn_washstand,No,,,,,retro sink,-
1235,retro stereo,retro stereo,,,Nooklings,C,Yes,"5,500",-,"1,375","1,100",-,Music Player,2x1,No,No,No,,,Music player,,Music,151,-,-,Antique,black,black,-,historical,,No,No,-,1,1,-,1,-,-,-,,-,-,レトロなステレオ,cadena retro,cadena retro,hi-fi rétro,hi-fi rétro,Retro-Anlage,vecchio stereo,복고풍 스테레오,1236,1675,0266,0264,0768,0766,1208,1712,0650,1.0,5500,2B9F,2C49,int_msc_retro,No,,,,retro stereo,,-
1236,retro TV,retro TV,,,Nooklings,D,Yes,"1,600",-,400,320,-,-,1x1,No,No,No,,,,,,151,-,-,Antique,brown,gray,-,historical,,No,No,-,1,1,-,1,-,-,-,,-,-,レトロなテレビ,tele retro,tele retro,télé rétro,télé rétro,Retro-Fernseher,vecchia TV,복고풍 TV,1237,1678,1625,1624,1630,1630,1209,1709,0644,1.0,1600,2B73,2C1D,int_oth_retro_tv,No,,,,retro TV,,retro TV
1237,reversi piece,reversi piece,,,Nooklings,C,Yes,"1,200",-,300,240,-,-,1x1,No,No,Yes,,,,,,151,-,-,Toy Shop,black,white,-,iconic,,No,No,-,1,1,-,1,-,-,-,,-,board game piece,リバーシ,pieza de reversi,pieza de reversi,pièce de reversi,pièce de reversi,Spielstein,pedina gioco tavolo,오셀로,0156,1655,1198,1200,1222,1220,1433,0948,1021,1.0,1200,2DDE,2E88,int_oth_reversi,Yes,,,,,reversi piece,reversi piece
1238,revolving spice rack,revolving spice rack,,,Nooklings,D,Yes,800,-,200,160,-,-,1x1,No,No,Yes,,,,,,151,-,-,-,brown,colorful,-,basic,,No,No,-,1,1,-,1,-,-,-,,-,-,ちょうみりょういれ,especiero giratorio,especiero giratorio,tourniquet à épices,tourniquet à épices,Gewürzständer,portaspezie rotante,조미료 바구니,1238,0968,0566,0564,1669,1669,0481,1039,1191,1.0,800,2C8C,2D36,int_oth_seasoning,Yes,,,,revolving spice rack,revolving spice rack,revolving spice rack
1239,rice bales,rice bales,,,Campground Shop,-,No,-,-,700,560,-,-,2x1,No,No,No,,,,,,151,-,-,Harmonious,brown,beige,-,historical,,No,No,-,1,1,-,1,-,-,-,,-,-,こめだわら,pila fardos arroz,pila fardos arroz,lot de balles de riz,lot de balles de riz,Reissackstapel,riso in balle,쌀가마니,1239,0601,1206,1209,1009,1007,1205,1077,0904,1.4,2800,-,2F0C,int_oth_tawara,No,,,,,rice bales,rice bales
1240,rice balls,rice balls,,,Campground Shop,-,No,-,-,300,240,-,-,1x1,No,No,Yes,,,,,,151,-,-,-,white,gray,-,historical,,No,No,-,1,1,-,1,-,-,-,,-,-,おむすび,plato bolas arroz,plato bolas arroz,plat d'onigiris,plat d'onigiris,Onigiri-Boot,spuntino giapponese,주먹밥,1240,0266,1229,1228,1259,1257,1032,1389,1199,1.4,1200,-,2F08,int_oth_omusubi,No,,,,,rice balls,rice balls
1241,rice cake,rice cake,,,Isabelle,-,No,-,-,300,-,-,-,1x1,No,No,Yes,,,,,,499,-,-,Harmonious,colorful,black,-,iconic,,No,No,-,1,1,-,1,-,-,-,,-,-,ひしもち,pastel de arroz,pastel de arroz,gâteau de riz,gâteau de riz,Reiskuchen,tortino di riso,무지개떡,1241,1293,1176,1179,0723,0721,1204,1620,0507,1.0,1200,2BFC,2CA6,int_oth_hisimochi,No,,,,,,-
1242,rice cooker,rice cooker (White rice),,,Nooklings,D,Yes,"2,000",-,500,400,-,-,1x1,No,No,Yes,,,,,,151,-,-,-,white,white,-,modern,,No,Yes,200,8,8,the menu,1,-,-,-,,-,-,すいはんき,hervidor de arroz,hervidor de arroz,cuiseur de riz,cuiseur de riz,Reiskocher,cuociriso,전기밥솥,1242,0757,0705,0706,0550,0549,1203,0391,1166,1.0,2000,2C90,2D3A,rmk_oth_ricecook,Yes,,,,rice cooker,rice cooker,-
1243,rice-plant bed,rice-plant bed,,,DLC,-,Yes,"4,400",-,"1,100",880,-,Bed,2x1,No,No,No,,,Sleep,-,Sleep,300,-,-,Rustic,beige,beige,-,cute,,No,No,-,1,1,-,1,-,-,-,,-,-,いなほベッド,cama planta arroz,cama planta arroz,lit paille de riz,lit paille de riz,Reisährenbett,letto di fieno,볏짚 침대,1243,0133,0339,0337,0988,0986,1201,0674,0630,1.0,4400,2E18,2EC2,int_mon_10,Yes,,,,,rice-plant bed,-
1244,right platform,right platform,,,Nooklings,A,Yes,"1,600",-,400,320,-,-,2x1,No,No,No,,,,,,151,classroom,Set,Sci-Fi,green,brown,-,official,,No,No,-,1,1,-,1,-,-,-,,-,-,きょうだんのみぎ,tarima derecha,tarima derecha,grand tableau droit,grand tableau droit,Tafelhälfte (rechts),lavagna destra,오른쪽 교단,1244,0435,1589,1589,0734,0732,1525,0640,1018,1.0,1600,2AB2,2B5C,int_sch_platformR,No,,,,right chalkboard section,,-
1245,right Splatfest sign,right Splatfest sign (Green - Team Raccoon),,,Cece's RV,-,No,-,-,"3,000",-,-,-,2x1,No,No,No,,,,,,300,-,-,Toy Shop,brown,green,-,rock 'n' roll,,No,Yes,1200,24,8,the ink color,3,Team,-,-,,-,-,フェスかんばんみぎ,cartel der. Splatoon,panel der. Splatoon,panneau festival (D),panneau festival (D),Splatfest-Schild (r),targa festival dest.,페스트 간판 오른쪽,1245,1342,0394,1161,1171,1169,1444,1450,1520,1.4,12000,-,304B,rmk_spl_fesR,Yes,,,,,,-
1246,righty desk,righty desk (Blue),,,Nooklings,B,Yes,"1,240",-,310,248,-,Seat,1x1,No,No,No,,,Sit,-,Sit,151,classroom,Set,-,blue,brown,-,basic,,No,Yes,124,4,4,the chair color,1,-,-,-,,-,-,みぎききデスク,silla diestros,silla diestros,tablette droite,tablette droite,Pult (rechts),sedia banco destr.,오른손잡이 책상,1246,1492,1427,1427,1580,1580,1157,1183,1017,1.0,1240,2BB2,2C5C,rmk_scx_chairS_r,No,,,,,,-
1247,ring,ring (Purple),,,Bitty's RV,-,No,-,-,"2,500","2,000",-,-,1x1,No,No,Yes,,,,,,151,-,-,Antique,purple,gray,-,ornate,,No,Yes,1000,5,5,the case color,1,-,-,-,,-,-,ゆびわ,anillo de compromiso,anillo de compromiso,bague en diamant,bague en diamant,Verlobungsring,anello con diamante,반지,1247,1595,0025,0025,0082,0082,1614,0021,0580,1.4,10000,-,2EE2,rmk_oth_ring,No,,,,ring,ring,ring
1248,ringside table,ringside table (Beige),,,Nooklings,C,Yes,"1,320",-,330,264,-,Table,2x1,No,Yes,No,,,,,,151,boxing,Theme,-,brown,brown,-,sporty,,No,Yes,132,2,2,the table color,1,-,-,-,,-,-,じっきょうテーブル,mesa jueces,mesa jueces,table d'arbitrage,table d'arbitrage,Kampfrichtertisch,tavolo boxe,실황 테이블,1248,0660,0997,0997,1507,1507,0668,1488,0889,1.0,1320,2A7A,2B24,rmk_wrs_tableM,No,,,,,,ringside table
1249,ringtoss,ringtoss,,,Campground Shop,-,No,-,-,300,240,-,-,1x1,No,No,Yes,,,,,,151,-,-,Toy Shop,brown,colorful,-,cute,,No,No,-,1,1,-,1,-,-,-,,-,-,わなげ,juego lanzar aros,juego lanzar aros,jeu lancer d'anneaux,jeu lancer d'anneaux,Ringwurfspiel,gioco anelli,고리 던지기,1249,1738,0747,0747,0841,0839,1222,0511,0099,1.4,1200,-,2EF2,int_bab_wanage,No,,,,ringtoss,ringtoss,ringtoss
1250,roasted dino meat,roasted dino meat,,,Campground Shop,-,No,-,-,300,240,-,-,1x1,No,No,Yes,,,,,,151,-,-,-,orange,white,-,historical,,No,No,-,1,1,-,1,-,-,-,,-,-,マンガにく,muslo de dinosaurio,muslo de dinosaurio,viande rôtie de dino,viande rôtie de dino,Dinohaxe,pezzo di carne,공룡 고기,1250,1488,1122,1121,1710,1710,0271,0954,0108,1.4,1200,-,2F23,int_oth_manganiku,No,,,,,roasted dino meat,roasted dino meat
1251,robo-bed,robo-bed (White robot),,,Nooklings,C,Yes,"2,000",-,500,400,-,Bed,2x1,No,No,No,,,Sleep,-,Sleep,151,robo,Series,Sci-Fi / Toy Shop,white,blue,-,rock 'n' roll,,No,Yes,200,5,5,the frame,1,-,-,-,,-,-,ロボベッド,robocama,robocama,lit robot,lit robot,Robo-Bett,robo-letto,로봇 침대,1251,1733,1355,1355,0993,0991,1225,1082,0396,1.0,2000,29AE,2A58,rmk_rob_bedS,No,,,,-,,-
1252,robo-chair,robo-chair (White robot),,,Nooklings,C,Yes,"1,600",-,400,320,-,Seat,1x1,No,No,No,,,Sit,-,Sit,151,robo,Series,Sci-Fi / Toy Shop,white,white,-,rock 'n' roll,,No,Yes,160,5,5,the body color,1,-,-,-,,-,-,ロボチェア,robosilla,robosilla,fauteuil robot,fauteuil robot,Robo-Stuhl,robo-sedia,로봇 체어,1252,1730,1361,1361,0669,0667,1231,1085,0395,1.0,1600,29B2,2A5C,rmk_rob_chairS,No,,,,-,,robo-chair
1253,robo-clock,robo-clock (White robot),,,Nooklings,C,Yes,"1,400",-,350,280,-,Clock,1x1,No,No,No,,,,,,151,robo,Series,Sci-Fi / Toy Shop,white,white,-,rock 'n' roll,,No,Yes,140,5,5,the body color,1,-,-,-,,-,-,ロボクロック,roboloj,roboloj,horloge robot,horloge robot,Robo-Uhr,robo-orologio,로봇 시계,1253,1726,1358,1358,0824,0822,1233,1083,0392,1.0,1400,29B6,2A60,rmk_rob_clockN,No,,,,-,,-
1254,robo-closet,robo-closet (White robot),,,Nooklings,C,Yes,"2,400",-,600,480,-,Closet,1x1,No,No,No,,,Storage,Press,Press,151,robo,Series,Sci-Fi / Toy Shop,white,white,-,rock 'n' roll,,No,Yes,240,5,5,the body color,1,-,-,-,,-,-,ロボクロゼット,roboarmario,roboarmario,armoire robot,armoire robot,Robo-Schrank,robo-armadio,로봇 옷장,1254,1725,1353,1353,0053,0053,1229,1079,0394,1.0,2400,29B0,2A5A,rmk_rob_chestB,No,,,,-,,-
1255,robo-dresser,robo-dresser (White robot),,,Nooklings,C,Yes,"2,560",-,640,512,-,Dresser,2x1,No,No,No,,,Storage,Press,Press,151,robo,Series,Sci-Fi / Toy Shop,white,white,-,rock 'n' roll,,No,Yes,256,5,5,the body color,1,-,-,-,,-,-,ロボタンス,robocómoda,robocómoda,commode robot,commode robot,Robo-Kommode,robo-comò,로봇 서랍장,1255,1729,1356,1356,0502,0501,1227,1080,0390,1.0,2560,29AF,2A59,rmk_rob_chestA,No,,,,-,,-
1256,robo-lamp,robo-lamp (White robot),,,Nooklings,C,Yes,"1,800",-,450,360,-,Light,1x1,No,No,No,,,Toggle,Light,Press,151,robo,Series,Sci-Fi / Toy Shop,white,green,-,rock 'n' roll,,No,Yes,180,5,5,the body color,1,-,-,-,,-,-,ロボランプ,robolámpara,robolámpara,lampe robot,lampe robot,Robo-Lampe,robo-lampada,로봇 램프,1256,1734,1357,1357,0913,0911,1228,1081,0388,1.0,1800,29B7,2A61,rmk_rob_lamp,No,,,,-,,robo-lamp
1257,robo-sofa,robo-sofa (White robot),,,Nooklings,C,Yes,"2,000",-,500,400,-,Seat,2x1,No,No,No,,,Sit,-,Sit,151,robo,Series,Sci-Fi / Toy Shop,white,blue,-,rock 'n' roll,,No,Yes,200,5,5,the body color,1,-,-,-,,-,-,ロボソファ,robosofá,robosofá,sofa robot,sofa robot,Robo-Sofa,robo-sofà,로봇 소파,1257,1728,1362,1362,1436,1435,1230,1086,0391,1.0,2000,29B1,2A5B,rmk_rob_chairL,No,,,,-,,-
1258,robo-stereo,robo-stereo (White robot),,,Nooklings,C,Yes,"2,200",-,550,440,-,Music Player,1x1,No,No,No,,,Music player,,Music,151,robo,Series,Sci-Fi / Toy Shop,white,white,-,rock 'n' roll,,No,Yes,220,5,5,the body color,1,-,-,-,,-,-,ロボコンポ,robocadena,robocadena,chaîne robot,chaîne robot,Robo-Anlage,robo-stereo,로봇 오디오,1258,1727,1354,1354,0333,0332,1224,1087,0393,1.0,2200,29B4,2A5E,rmk_rob_audioM,No,,,,-,,-
1259,robo-table,robo-table (White robot),,,Nooklings,C,Yes,"2,200",-,550,440,-,Table,2x2,No,Yes,No,,,,,,151,robo,Series,Sci-Fi / Toy Shop,white,white,-,rock 'n' roll,,No,Yes,220,5,5,the body color,1,-,-,-,,-,-,ロボテーブル,robomesa,robomesa,table robot,table robot,Robo-Tisch,robo-tavolo,로봇 테이블,1259,1731,1360,1360,1560,1560,1232,1088,0397,1.0,2200,29B3,2A5D,rmk_rob_tableL,No,,,,-,,robo-table
1260,robo-TV,robo-TV (White robot),,,Nooklings,C,Yes,"2,360",-,590,472,-,-,2x1,No,No,No,,,,,,151,robo,Series,Sci-Fi / Toy Shop,white,white,-,rock 'n' roll,,No,Yes,236,5,5,the body color,1,-,-,-,,-,-,ロボテレビ,robotele,robotele,télé robot,télé robot,Robo-Fernseher,robo-TV,로봇 TV,1260,1732,1363,1363,1631,1631,1226,1089,0387,1.0,2360,29B5,2A5F,rmk_rob_tv,No,,,,-,,robo-TV
1261,robo-wall clock,robo-wall clock (White robot),,,Nooklings,-,Yes,"2,000",-,500,400,-,Clock,2x1,Yes,No,No,,,,,,151,robo,Series,Sci-Fi / Toy Shop,white,white,-,rock 'n' roll,,No,Yes,200,5,5,the body color,1,-,-,-,,-,-,ロボウォールクロック,roboloj de pared,roboloj de pared,horloge mur robot,horloge mur robot,Robo-Wanduhr,robo-orologio a muro,로봇 벽시계,1261,1724,1359,1359,0814,0812,1234,1084,0389,1.0,2000,29B8,2A62,rmk_rob_clockD,Yes,,,,-,robo-wall clock,-
1262,rock guitar,rock guitar (Emerald green),,,Nooklings,A,Yes,"1,800",-,450,360,-,Instrument,1x1,No,No,No,,,Press,-,Press,151,guitar,Set,Trendy,green,green,-,rock 'n' roll,,No,Yes,180,8,1,-,8,the body color,-,-,,-,-,エレキギターES1,guitarra rock,guitarra rock,guitare rock,guitare rock,Rock-Gitarre,chitarra rock,일렉트릭기타 ES1,1262,0191,0697,0700,0751,0749,1235,0306,1117,1.0,1800,2B41,2BEB,rmk_gtr_Egtr01,No,,,,rock guitar,,rock guitar
1263,rocket,rocket,,,Nooklings,B,Yes,"2,400",-,600,480,-,-,2x1,No,No,No,,,,,,151,space,Theme,Sci-Fi / Toy Shop,white,red,-,flashy,,No,No,-,1,1,-,1,-,-,-,,-,-,ロケット,cohete espacial,cohete espacial,fusée,fusée,Rakete,missile,로켓,1263,1709,0444,0444,0715,0713,1181,0789,0398,1.0,2400,2A60,2B0A,int_uvs_rocket,No,,,,rocket,,-
1264,rocking chair,rocking chair,,,Nooklings,D,Yes,"1,400",-,350,280,-,Seat,1x1,No,No,No,,,Sit,-,Sit,151,-,-,Rustic,brown,brown,-,historical,,No,No,-,1,1,-,1,-,-,-,,-,-,ロッキングチェア,mecedora,mecedora,rocking-chair,rocking-chair,Schaukelstuhl,sedia a dondolo,흔들의자,1264,1722,0934,0931,1365,1363,1306,1178,1739,1.0,1400,2BB0,2C5A,int_oth_RchairS,No,,,rocking chair,rocking chair,,rocking chair
1265,rocking horse,rocking horse,,,Nooklings,D,Yes,600,-,150,120,-,-,1x1,No,No,No,,,,,,151,nursery,Theme,Rustic / Fairy Tale / Toy Shop,brown,brown,-,cute,,No,No,-,1,1,-,1,-,-,-,,-,-,もくば,caballo balancín,caballo balancín,cheval à bascule,cheval à bascule,Schaukelpferd,cavalluccio,목마,1265,1566,0246,0244,0427,0426,1305,0283,0494,1.0,600,2A93,2B3D,int_bab_horse,No,,,,rocking horse,,-
1266,rococo bed,rococo bed (Gothic brown),,,Spotlight,-,Yes,"3,520",-,880,704,-,Bed,2x2,No,No,No,,,Sleep,-,Sleep,351,rococo,Series,Antique / Fairy Tale,brown,brown,-,ornate,,No,Yes,352,4,4,the body color,1,-,-,-,,-,-,ロココなベッド,cama rococó,cama rococó,lit rococo,lit rococo,Rokoko-Bett,letto rococò,로코코 침대,1266,1719,0345,0343,0994,0992,1237,0701,0407,1.0,3520,2D30,2DDA,rmk_rcc_bedW,Yes,,,,,rococo bed,rococo bed
1267,rococo candlestick,rococo candlestick (Gothic brown),,,Nooklings,-,Yes,"3,120",-,780,624,-,Light,1x1,Yes,No,No,,,Toggle,Light,Press,151,rococo,Series,Antique / Fairy Tale,brown,orange,-,ornate,,No,Yes,312,4,4,the body color,1,-,-,-,,-,-,ロココなしょくだい,candelero rococó,candelero rococó,chandelier rococo,chandelier rococo,Rokoko-Kerzenhalter,candeliere rococò,로코코 촛대,1267,1712,0369,0367,0402,0401,1238,0231,0406,1.0,3120,2D2F,2DD9,rmk_rcc_lamp_wall,Yes,,,,,rococo candlestick,-
1268,rococo chair,rococo chair (Gothic brown),,,Spotlight,-,Yes,"3,100",-,775,620,-,Seat,1x1,No,No,No,,,Sit,-,Sit,351,rococo,Series,Antique / Fairy Tale,brown,brown,-,ornate,,No,Yes,310,4,4,the body color,1,-,-,-,,-,-,ロココなチェア,butaca rococó,butaca rococó,fauteuil rococo,fauteuil rococo,Rokoko-Sessel,sedia rococò,로코코 체어,1268,1714,0242,0240,0670,0668,1243,1241,0405,1.0,3100,2D33,2DDD,rmk_rcc_chairS,Yes,,,,,rococo chair,rococo chair
1269,rococo clock,rococo clock (Gothic brown),,,Spotlight,-,Yes,"3,360",-,840,672,-,Clock,1x1,No,No,No,,,,,,351,rococo,Series,Antique / Fairy Tale,brown,brown,-,ornate,,No,Yes,336,4,4,the body color,1,-,-,-,,-,-,ロココなとけい,reloj rococó,reloj rococó,horloge rococo,horloge rococo,Rokoko-Uhr,orologio rococò,로코코 시계,1269,1717,1341,1341,0825,0823,1247,0898,0403,1.0,3360,2D36,2DE0,rmk_rcc_clockN,Yes,,,,,rococo clock,-
1270,rococo dresser,rococo dresser (Gothic brown),,,Spotlight,-,Yes,"2,540",-,635,508,-,Dresser,2x1,No,Yes,No,,,Storage,Press,Press,351,rococo,Series,Antique / Fairy Tale,brown,brown,-,ornate,,No,Yes,254,4,4,the body color,1,-,-,-,,-,-,ロココなチェスト,cómoda rococó,cómoda rococó,commode rococo,commode rococo,Rokoko-Kommode,comò rococò,로코코 수납장,1270,1715,0494,0492,0503,0502,1239,0347,0401,1.0,2540,2D34,2DDE,rmk_rcc_chestA,Yes,,,,,rococo dresser,-
1271,rococo lamp,rococo lamp (Gothic brown),,,Spotlight,-,Yes,"3,200",-,800,640,-,Light,1x1,No,No,Yes,,,Toggle,Light,Press,351,rococo,Series,Antique / Fairy Tale,brown,beige,-,ornate,,No,Yes,320,4,4,the body color,1,-,-,-,,-,-,ロココなランプ,lámpara rococó,lámpara rococó,lampe rococo,lampe rococo,Rokoko-Lampe,lampada rococò,로코코 램프,1271,1720,0819,0819,0914,0912,1240,0612,0399,1.0,3200,2D38,2DE2,rmk_rcc_lamp,Yes,,,,,rococo lamp,-
1272,rococo shelf,rococo shelf (Gothic brown),,,Spotlight,-,Yes,"3,820",-,955,764,-,-,1x1,No,No,No,,,,,,351,rococo,Series,Antique / Fairy Tale,brown,brown,-,ornate,,No,Yes,382,4,4,the body color,1,-,-,-,,-,-,ロココなシェルフ,estantería rococó,estantería rococó,bibliothèque rococo,bibliothèque rococo,Rokoko-Regal,libreria rococò,로코코 쉘프,1272,1711,0596,0594,0145,0144,1241,0721,0402,1.0,3820,2D31,2DDB,rmk_rcc_bookshelf,Yes,,,,,rococo shelf,rococo shelf
1273,rococo sofa,rococo sofa (Gothic brown),,,Spotlight,-,Yes,"2,100",-,525,420,-,Seat,2x1,No,No,No,,,Sit,-,Sit,351,rococo,Series,Antique / Fairy Tale,brown,brown,-,ornate,,No,Yes,210,4,4,the body color,1,-,-,-,,-,-,ロココなソファ,sofá rococó,sofá rococó,canapé rococo,canapé rococo,Rokoko-Sofa,sofà rococò,로코코 소파,1273,1713,1522,1522,0302,0300,1244,1365,0400,1.0,2100,2D32,2DDC,rmk_rcc_chairL,Yes,,,,,rococo sofa,rococo sofa
1274,rococo table,rococo table (Gothic brown),,,Spotlight,-,Yes,"3,600",-,900,720,-,Table,2x1,No,Yes,No,,,,,,351,rococo,Series,Antique / Fairy Tale,brown,brown,-,ornate,,No,Yes,360,4,4,the body color,1,-,-,-,,-,-,ロココなテーブル,mesa rococó,mesa rococó,table rococo,table rococo,Rokoko-Tisch,tavolo rococò,로코코 테이블,1274,1716,1023,1022,1561,1561,1246,1548,0408,1.0,3600,2D39,2DE3,rmk_rcc_tableM,Yes,,,,,rococo table,rococo table
1275,rococo vanity,rococo vanity (Gothic brown),,,Spotlight,-,Yes,"3,120",-,780,624,-,-,1x1,No,No,No,,,,,,351,rococo,Series,Antique / Fairy Tale,brown,brown,-,ornate,,No,Yes,312,4,4,the body color,1,-,-,-,,-,-,ロココなドレッサー,tocador rococó,tocador rococó,coiffeuse rococo,coiffeuse rococo,Rokoko-Spiegel,toletta rococò,로코코 화장대,1275,1718,1668,1666,0456,0455,1245,1603,0409,1.0,3120,2D37,2DE1,rmk_rcc_dresser,Yes,,,,,rococo vanity,rococo vanity
1276,rococo wardrobe,rococo wardrobe (Gothic brown),,,Spotlight,-,Yes,"2,400",-,600,480,-,Closet,1x1,No,No,No,,,Storage,Press,Press,351,rococo,Series,Antique / Fairy Tale,brown,brown,-,ornate,,No,Yes,240,4,4,the body color,1,-,-,-,,-,-,ロココなクロゼット,armario rococó,armario rococó,penderie rococo,penderie rococo,Rokoko-Schrank,armadio rococò,로코코 옷장,1276,1710,0088,0088,1204,1202,1242,0079,0404,1.0,2400,2D35,2DDF,rmk_rcc_chestC,Yes,,,,,rococo wardrobe,rococo wardrobe
1277,rolling cart,rolling cart,,,Murphy's RV,-,No,-,-,300,240,-,-,1x1,No,No,No,,,,,,151,-,-,-,gray,blue,-,modern,,No,No,-,1,1,-,1,-,-,-,,-,-,にだい,carrito del correo,carrito del correo,chariot à roulettes,chariot à roulettes,Rollwagen,carrellino,짐 카트,1277,1106,0383,0383,0406,0405,1251,0241,1223,1.4,1200,-,2EFB,int_ofc_daisha,No,,,,rolling cart,rolling cart,-
1278,rolling closet,rolling closet,,,Cashmere's RV,-,No,-,-,300,240,-,Closet,1x1,No,No,No,,,Storage,Press,Press,151,-,-,-,brown,beige,-,modern,,No,No,-,1,1,-,1,-,-,-,,-,-,まじきりクロゼット,armario con ruedas,armario con ruedas,armoire à roulettes,armoire à roulettes,Rollschrank,armadio con ruote,이동식 옷장,1278,1466,0057,0057,0026,0026,1250,0054,1097,1.4,1200,-,2F37,int_oth_partition_chestC,No,,,,,rolling closet,rolling closet
1279,rolling file cart,rolling file cart,,,Cleo's RV,-,No,-,-,300,240,-,-,1x1,No,No,No,,,,,,151,-,-,-,gray,colorful,-,official,,No,No,-,1,1,-,1,-,-,-,,-,-,ファイルワゴン,carrito archivador,carrito archivador,chariot à classeurs,chariot à classeurs,Aktenrollwagen,archivio piccolo,이동식 서류 카트,1279,1329,0380,0380,0405,0404,0033,0035,1096,1.4,1200,-,2F1D,int_ofc_filewagon,No,,,,,rolling file cart,-
1280,rolling suitcase,rolling suitcase (Red),,,Nintendo Zone,-,Yes,"1,000",-,250,200,-,-,1x1,No,No,No,,,,,,300,-,-,-,red,gray,-,modern,,No,Yes,100,5,5,the body color,1,-,-,-,,-,-,スーツケース,maleta con ruedas,maleta con ruedas,valise à roulettes,valise à roulettes,Rollkoffer,valigia con ruote,여행용 가방,1280,0758,0885,0881,1695,1695,1249,1685,0993,1.0,1000,2CA0,2D4A,rmk_oth_suitcaseL,Yes,,,,,rolling suitcase,rolling suitcase
1281,rook,rook (Natural brown),,,Nooklings,D,Yes,"2,800",-,700,560,-,-,1x1,No,No,No,,,,,,151,chess,Set,Toy Shop,brown,brown,-,modern,,No,Yes,280,4,3,the piece color,1,-,1,Gold Nugget,,-,-,ルークのこま,torre,torre,tour,tour,Turm,torre,룩,1281,1660,1672,1670,1662,1662,1591,1609,0413,1.0,2800,2AB1,2B5B,rmk_chs_rook,No,,,"black rook, white rook",-,,-
1282,Rooster of Barcelos,Rooster of Barcelos,,,Gulliver,-,Yes,"1,200",-,300,240,-,-,1x1,No,No,Yes,,,,,,1051,-,-,Toy Shop,black,colorful,-,iconic,,No,No,-,1,1,-,1,-,-,-,,-,-,バルセロスのおんどり,gallo de Barcelos,gallo de Barcelos,coq de Barcelos,coq de Barcelos,Barcelos-Hahn,gallo di Barcelos,바르셀로스의 수탉,1282,1242,0671,0673,0533,0532,0122,0501,0565,1.0,1200,2D7E,2E28,int_jhn_barcelos,Yes,,,,,Rooster of Barcelos,Rooster of Barcelos
1283,rope partition,rope partition,,,Museum Shop,-,Yes,"1,800",-,450,360,-,-,2x1,No,No,No,,,,,,199,-,-,Trendy,yellow,red,-,basic,,No,No,-,1,1,-,1,-,-,-,,-,-,パーテーションポール,cordón divisorio,cordón divisorio,balisage à corde,balisage à corde,Absperrkordel,transenna per eventi,파티션 폴,1283,1132,0512,0510,0095,0095,0023,1627,1505,1.0,1800,2C7F,2D29,int_oth_partitionpole,Yes,,,,rope partition,rope partition,rope partition
1284,rose sofa,rose sofa (Red),,,Leif,-,No,-,-,600,-,-,Seat,1x1,No,No,No,,,Sit,-,Sit,1251,-,-,Rustic / Fairy Tale,red,red,-,cute,,No,Yes,240,3,3,the flower color,1,-,-,-,,-,-,バラのソファ,butaca rosa,butaca rosa,canapé rose,canapé rose,Rosensessel,poltrona rosa,장미 소파,1284,1221,0243,0241,0303,0301,1254,1012,1151,1.0,2400,2DEB,2E95,rmk_flo_chairS,Yes,,,,,rose sofa,-
1285,round cactus,round cactus,,,Garden Shop,-,Yes,"1,700",-,425,340,-,Plant,1x1,No,No,No,,,-,-,-,199,cactus,Set,Rustic,green,brown,-,basic,,No,No,-,1,1,-,1,-,-,-,,-,-,まるサボテン,cactus redondo,cactus redondo,cactus boule,cactus boule,Kugelkaktus,cactus palla,둥근 선인장,1285,1487,0255,0253,0250,0248,0809,0213,0327,1.0,1700,2AE6,2B90,int_cct_sphere,No,,,,,,-
1286,round clock,round clock (Red),,,Nooklings,C,Yes,960,-,240,192,-,Clock,1x1,No,No,Yes,,,,,,151,-,-,-,red,white,-,basic,,No,Yes,96,6,6,the body color,1,-,-,-,,-,-,まるいとけい,reloj redondo,reloj redondo,horloge ronde,horloge ronde,Runduhr,orologio rotondo,둥근 시계,1286,1484,1339,1339,0826,0824,1276,0899,0329,1.0,960,2BA7,2C51,rmk_oth_clockN_red,No,,,red clock,,,-
1287,round cushion,round cushion (Red),,,Vivian's RV,-,No,-,-,400,320,-,-,1x1,No,No,Yes,,,,,,151,-,-,Toy Shop,red,colorful,-,basic,,No,Yes,160,6,6,the pattern color,1,-,-,-,,-,-,ラウンドクッション,cojín redondo,cojín redondo,coussin rond,coussin rond,Folklorekissen,cuscino rotondo,라운드 쿠션,1287,1619,0448,0448,0546,0545,0415,0398,0353,1.4,1600,-,3010,rmk_oth_cushion_r,No,,,,,round cushion,round cushion
1288,round electric sign,round electric sign (Zen signboard),,,Campground Shop,-,No,-,-,450,360,-,Light,1x1,Yes,No,No,,,Toggle,Light,Press,151,-,-,-,gray,beige,-,basic,,No,Yes,180,2,1,-,2,the signboard,-,-,,-,-,まるいでんしょくかんばん,rótulo de pared,rótulo de pared,enseigne élec. ronde,enseigne élec. ronde,Werbetafel,insegna giapponese,둥근 전등 장식 간판,1288,1483,1372,1371,0595,0593,1678,0541,0331,1.4,1800,-,2FCB,rmk_oth_elesign_wa,No,,,,,round electric sign,-
1289,round mini cactus,round mini cactus,,,Garden Shop,-,Yes,800,-,200,160,-,Plant,1x1,No,No,Yes,,,-,-,-,199,cactus,Set,Rustic,green,brown,-,basic,,No,No,-,1,1,-,1,-,-,-,,-,-,ミニまるサボテン,minicactus redondo,minicactus redondo,mini-cactus rond,mini-cactus rond,Mini-Kugelkaktus,mini cactus a palla,동그란 미니 선인장,1289,1539,1071,1070,1087,1086,0931,0782,0309,1.0,800,2CED,2D97,int_cct_sphereS,Yes,,,,,round mini cactus,round mini cactus
1290,round pillow,round pillow (Yellow),,,Wade's RV,-,No,-,-,400,320,-,-,1x1,No,Yes,No,,,,,,151,-,-,-,yellow,yellow,-,basic,,No,Yes,160,5,5,the body color,1,-,-,-,,-,-,えんざ,asiento de mimbre,asiento de mimbre,coussin circulaire,coussin circulaire,Rundsitzkissen,cerchio vimini,둥근 방석,1290,0195,0099,0099,0545,0543,1274,0284,0326,1.4,1600,-,300B,rmk_jpn_enza,No,,,,round pillow,round pillow,round pillow
1291,round-cloth table,round-cloth table (White - Beige),,,Julia's RV,-,No,-,-,400,320,-,Table,1x1,No,Yes,No,,,,,,151,-,-,-,white,beige,-,official,,No,Yes,160,48,8,the top cloth,6,the cloth underneath,-,-,,-,-,まるいクロステーブル,mesa redonda,mesa camilla,table nappée ronde,table nappée ronde,Rundtisch,tavolo rotondo,둥근 테이블,1291,1481,1020,0948,1544,1544,1275,1549,0332,1.4,1600,-,2F77,rmk_oth_cloth_tableS,No,,,,small covered round table,round-cloth table,round-cloth table
1292,Rover suitcase,Rover suitcase,,,Rover's RV,-,No,-,-,"3,000",-,-,-,1x1,No,No,Yes,,,,,,151,-,-,Toy Shop,brown,colorful,-,official,,No,No,-,1,1,-,1,-,-,-,,-,-,みしらぬネコのトランク,maleta de Fran,maleta de Fran,valise de Charly,valise de Charly,Weltenbummlerkoffer,valigia di Girolamo,낯선고양이 가방,1292,1494,0886,0882,1696,1696,1676,1686,0206,1.4,12000,-,30B1,int_xct_bag,Yes,,,,Rover's briefcase,,-
1293,rubber tree,rubber tree,,,Garden Shop,-,Yes,"1,300",-,325,260,-,Plant,1x1,No,No,No,,,-,-,-,199,house plant,Set,Rustic,green,brown,-,basic,,No,No,-,1,1,-,1,-,-,-,,-,-,ゴムのき,ficus,ficus,caoutchouc,caoutchouc,Gummibaum,albero gomma,고무나무,1293,0600,0625,0625,0312,0310,0538,0009,0100,1.0,1300,2B33,2BDD,int_plt_rubber,No,,,,,,-
1294,Rupee,Rupee (Green Rupee),,,Medli's RV,-,No,-,-,"3,000",-,-,-,1x1,No,No,Yes,,,,,,300,-,-,Toy Shop,green,green,-,iconic,,No,Yes,1200,6,6,the value,1,-,-,-,,-,-,ルピー,rupia,rupia,rubis,rubis,Rubin,rupia,루피,1294,1662,1377,1376,1372,1370,1268,1098,0412,1.4,12000,-,308C,rmk_zld_rupy,Yes,,,,,,-
1295,S.S. Dolphin,S.S. Dolphin,,,Fortune,-,No,-,-,210,-,-,-,1x1,No,No,Yes,,,,,,151,Nintendo,Set,Sci-Fi / Toy Shop,white,white,-,sporty,,No,No,-,1,1,-,1,-,-,-,,-,-,ドルフィンごう,mini Dolphin,mini Dolphin,maquette du Dolphin,maquette du Dolphin,Dolphin-Modell,S.S. Dolphin,돌핀호,1295,1086,1065,1064,1049,1048,0278,1099,0305,1.0,840,2BEE,2C98,int_nin_Pikmin2_UFO,No,,,Dolphin model,-,,-
1296,sacks of money,sacks of money,,,Tom Nook's RV,-,No,-,-,"3,000",-,-,-,1x1,No,No,Yes,,,,,,151,-,-,Toy Shop,yellow,brown,-,flashy,,No,No,-,1,1,-,1,-,-,-,,-,-,ベルぶくろのやま,pila bolsas de bayas,pila bolsas de bayas,tas de clochettes,tas de clochettes,Riesen-Sterni-Haufen,mucchio di stelline,벨 주머니 더미,1296,1397,1200,1202,1607,1607,1221,0826,0616,1.4,12000,-,30B9,int_rci_bell,Yes,,,,,,-
1297,saddle fence,saddle fence,,,Nooklings,B,Yes,"2,180",-,545,436,-,-,1x1,No,No,No,,,,,,151,western,Theme,Rustic,brown,brown,-,historical,,No,No,-,1,1,-,1,-,-,-,,-,-,くら,valla con montura,valla con montura,porte-selle,porte-selle,Sattelablage,sella su recinto,안장,1297,0480,1715,1713,1293,1291,1288,1260,0952,1.0,2180,2A56,2B00,int_wst_saddlefence,No,,,,-,,saddle fence
1298,safe,safe,,,Post Office,-,No,-,-,189,151,-,Closet,1x1,No,Yes,No,,,Storage,Press,Press,500,-,-,Sci-Fi,black,black,-,basic,,No,No,-,1,1,-,1,-,-,-,,-,-,きんこ,caja fuerte,caja fuerte,coffre-fort,coffre-fort,Safe,cassaforte,금고,1298,0444,0284,0282,0444,0443,1277,0267,0158,1.0,758,2B94,2C3E,int_ofc_safebox,No,,,,safe,,safe
1299,Sagittarius arrow,Sagittarius arrow,,,DLC,-,Yes,"4,800",-,"1,200",960,-,-,1x1,Yes,No,No,,,,,,300,-,-,Quirky,black,black,-,cute,,No,No,-,1,1,-,1,-,-,-,,-,-,サジタリアスのや,arco Sagitario,arco Sagitario,arc Sagittaire,arc Sagittaire,Schütze-Bogen,arco Sagittario,사수자리 활,1299,0630,0046,0046,0022,0022,1372,0040,0723,1.0,4800,2E0B,2EB5,int_sgn_Sagittarius,Yes,,,,Sagittarius arrow,Sagittarius arrow,-
1300,sailboat model,sailboat model,,,Isabelle,-,No,-,-,125,-,-,Model,1x1,No,No,Yes,,,-,,,499,-,-,Toy Shop,brown,white,-,historical,,No,No,-,1,1,-,1,-,-,-,,-,-,はんせんもけい,minigaleón,minigaleón,maquette de bateau,maquette de bateau,Modellschiff,modellino di veliero,범선 모형,1300,1269,1075,1074,1044,1043,0952,0806,0609,1.0,500,2C02,2CAC,int_oth_sailer,No,,,,,,-
1301,salad bar,salad bar,,,Nooklings,A,Yes,"3,000",-,750,600,-,-,2x1,No,No,No,,,,,,151,-,-,-,gray,brown,-,modern,,No,No,-,1,1,-,1,-,-,-,,-,-,サラダバー,bufé de ensalada,bufé de ensalada,bar à salade,bar à salade,Salatbüfett,bancone insalate,샐러드 바,1301,0637,0228,0226,0121,0120,1278,0137,0742,1.0,3000,2C7E,2D28,int_frs_salad,Yes,,,,salad bar,salad bar,salad bar
1302,sales graph,sales graph,,,Tom Nook's RV,-,No,-,-,"3,000",-,-,-,2x1,Yes,No,No,,,,,,151,-,-,Toy Shop,gray,white,-,modern,,No,No,-,1,1,-,1,-,-,-,,-,-,えいぎょうせいせきボード,gráfico de ventas,gráfico de ventas,graphique ventes,graphique ventes,Umsatzprognosetafel,grafico vendite,영업 실적 그래프,1302,0170,0684,0686,0738,0736,1604,0524,1007,1.4,12000,-,30BA,int_rci_board,Yes,,,,,,-
1303,salon chair,salon chair (White),,,Tasha's RV,-,No,-,-,600,480,-,Seat,1x1,No,No,No,,,Sit,-,Sit,151,-,-,-,white,gray,-,modern,,No,Yes,240,6,6,the cushion color,1,-,-,-,,-,-,スタイリングチェア,sillón de peluquería,sillón de peluquería,fauteuil coiffeur,fauteuil coiffeur,Frisierstuhl,poltr. da barbiere,스타일링 체어,1303,0786,1482,1481,0659,0657,0420,1001,0831,1.4,2400,-,2FBA,rmk_oth_cut_chairS,No,,,,,salon chair,salon chair
1304,salon mirror stand,salon mirror stand,,,Tasha's RV,-,No,-,-,300,240,-,-,1x1,No,No,No,,,,,,151,-,-,Toy Shop,brown,beige,-,modern,,No,No,-,1,1,-,1,-,-,-,,-,-,びよういんのカットだい,tocador de madera,tocador de madera,coiffeuse salon,coiffeuse salon,Frisiertisch,tavolo per il trucco,미용실 스탠드,1304,1311,1657,1655,0460,0459,0421,1542,0546,1.4,1200,-,2F43,int_oth_salontable,No,,,,,salon mirror stand,-
1305,samgyetang,samgyetang,,,Gulliver,-,Yes,"1,200",-,300,240,-,-,1x1,No,No,Yes,,,,,,1051,-,-,Harmonious,white,white,-,iconic,,No,No,-,1,1,-,1,-,-,-,,-,-,サムゲタン,sopa samgyetang,sopa samgyetang,bol de samgyetang,bol de samgyetang,Samgyetang-Suppe,samgyetang,삼계탕,1305,0636,1531,1531,0174,0172,1279,1111,0735,1.0,1200,2D8E,2E38,int_oth_samugetan,No,,,samgyetang bowl,,,-
1306,sample case,sample case (Black),,,Sylvana's RV,-,No,-,-,400,320,-,-,1x1,No,Yes,No,,,,,,151,-,-,-,black,black,-,basic,,No,Yes,160,3,3,the body color,1,-,-,-,,-,-,サンプルケース,vitrina con ruedas,vitrina con ruedas,vitrine d'exposition,vitrine d'exposition,Glasvitrine,teca di cristallo,샘플 케이스,1306,0644,1733,1731,1721,1721,0488,1566,0743,1.4,1600,-,2FE7,rmk_oth_samplecase,No,,,,sample case,sample case,-
1307,samurai suit,samurai suit,,,Spotlight,-,Yes,"4,500",-,"1,125",900,-,-,2x1,No,No,No,,,,,,351,-,-,Harmonious / Antique / Quirky,yellow,black,-,iconic,,No,No,-,1,1,-,1,-,-,-,,-,-,よろいかぶと,armadura samurái,armadura samurái,armure de samouraï,armure de samouraï,Samuraikostüm,tenuta samurai,갑옷 투구,1307,1617,0049,0049,0064,0064,1280,1580,0073,1.0,4500,2AFD,2BA7,int_jpn_armor,No,,,,samurai suit,,samurai suit
1308,sand castle,sand castle,,,Souvenir Shop,-,No,-,46,575,460,28,Model,1x1,No,No,No,,,-,,,451,-,-,-,beige,beige,-,cute,,No,No,-,1,1,-,1,-,-,-,,-,-,すなのしろ,castillo de arena,castillo de arena,château de sable,château de sable,Sandburg,castello di sabbia,모래성,1308,0807,0404,0402,0420,0419,1281,0275,0488,1.0,2300,2C15,2CBF,int_oth_sandcastle,No,,,,sand castle,,-
1309,sandbag,sandbag,,,Nooklings,D,Yes,"3,190",-,797,637,-,-,1x1,No,No,No,,,,,,151,boxing,Theme,-,red,gray,-,sporty,,No,No,-,1,1,-,1,-,-,-,,-,-,サンドバッグ,saco de boxeo,saco de boxeo,sac de frappe,sac de frappe,Sandsack,sacco da boxe,샌드백,1309,0643,1378,1377,1380,1378,1283,1102,0741,1.0,3190,2A7C,2B26,int_wrs_sandbag,No,,,,punching bag,,sandbag
1310,sandbox,sandbox,,,DLC,-,No,-,-,"2,000","1,600",-,-,3x2,No,No,No,,,,,,151,-,-,Toy Shop,beige,beige,-,basic,,No,No,-,1,1,-,1,-,-,-,,-,-,すなば,caja de arena,caja de arena,bac à sable,bac à sable,Sandkasten,recinto per sabbia,모래사장,1310,0808,0273,0271,0080,0080,1282,1067,0487,1.4,8000,-,2F48,int_oth_sandbox,No,,,,sandbox,sandbox,-
1311,sandwich display,sandwich display,,,Nintendo Zone,-,No,-,-,711,568,-,-,1x1,No,No,No,,,,,,300,-,-,-,white,colorful,-,modern,,No,No,-,1,1,-,1,-,-,-,,-,-,おにぎりとべんとうのたな,estantería bocatas,estantería bocatas,rayon sandwichs,rayon sandwichs,Kühlregal,distributore panini,삼각 김밥 진열대,1311,0246,0587,0585,1352,1350,0811,0416,0733,1.0,2844,2E22,2ECC,int_cvn_onigiri,Yes,,,,,sandwich display,-
1312,sanshin,sanshin,,,Souvenir Shop,-,No,-,40,500,400,25,Instrument,1x1,No,No,No,,,Press,-,Press,1200,-,-,Harmonious,brown,brown,-,iconic,,No,No,-,1,1,-,1,-,-,-,,-,-,さんしん,sanshin,sanshin,sanshin,sanshin,Sanshin,sanshin,동양 전통 악기,1312,0641,1384,1383,1383,1381,1285,1112,0314,1.0,2000,2C99,2D43,int_oth_sanshin,Yes,,,,,sanshin,sanshin
1313,sapling clock,sapling clock,,,Isabelle,-,No,-,-,"2,500",-,-,Clock,1x1,No,No,Yes,,,,,,551,-,-,Rustic,green,brown,-,iconic,,No,No,-,1,1,-,1,-,-,-,,-,-,シンボルツリーのとけい,reloj árbol plaza,reloj árbol plaza,horloge arbre,horloge arbre,Setzling-Uhr,orologio alberello,심볼트리 시계,1313,0752,1289,1289,0780,0778,1388,0859,0890,1.4,10000,-,3042,int_oth_souvenir,Yes,,,,,,sapling clock
1314,satellite,satellite,,,Nooklings,C,Yes,"2,600",-,650,520,-,-,2x1,No,No,No,,,,,,151,space,Theme,Sci-Fi / Toy Shop,gray,gray,-,flashy,,No,No,-,1,1,-,1,-,-,-,,-,-,じんこうえいせい,satélite,satélite,satellite,satellite,Raumsonde,satellite,인공위성,1314,0732,1388,1387,1388,1386,1191,1114,1108,1.0,2600,2A62,2B0C,int_uvs_satellite,No,,,,satellite,,satellite
1315,sausage,sausage,,,Julia's RV,-,No,-,-,300,240,-,-,1x1,No,No,Yes,,,,,,151,-,-,-,brown,black,-,basic,,No,No,-,1,1,-,1,-,-,-,,-,-,ソーセージ,plato de salchichas,plato de salchichas,plat de saucisses,plat de saucisses,Würstchenteller,piatto di salsicce,소시지,1315,0851,1232,1233,1255,1253,1715,0976,0781,1.4,1200,-,2FC5,int_oth_sausage,No,,,,,sausage,-
1316,sawhorse,sawhorse,,,Nooklings,C,Yes,"1,200",-,300,240,-,-,1x1,No,No,No,,,,,,151,construction,Theme,-,white,red,-,rock 'n' roll,,No,No,-,1,1,-,1,-,-,-,,-,-,バリケード,valla de obras,valla de obras,barrière travaux,barrière travaux,Straßensperre,cavalletto,바리케이트,1316,1224,1717,1715,0130,0129,1476,0279,0566,1.0,1200,2A6D,2B17,int_csx_sawhorse,No,,,,-,,sawhorse
1317,scale,scale,,,Nooklings,D,Yes,"1,200",-,300,240,-,-,1x1,No,No,No,,,,,,151,dr.'s office,Set,Sci-Fi,gray,gray,-,official,,No,No,-,1,1,-,1,-,-,-,,-,-,たいじゅうけい,báscula,báscula,balance,balance,Waage,bilancia,체중계,1317,0861,0169,0166,0091,0091,1628,0167,1250,1.0,1200,2ACA,2B74,int_hsp_scale,No,,,,,,scale
1318,scarecrow,scarecrow,,,Nooklings,A,Yes,420,-,105,84,-,-,1x1,No,No,No,,,,,,151,-,-,Harmonious,white,brown,-,cute,,No,No,-,1,1,-,1,-,-,-,,-,-,かかし,espantapájaros,espantapájaros,épouvantail,épouvantail,Vogelscheuche,spaventapasseri,허수아비,1318,0312,0565,0563,0606,0603,1624,1379,1666,1.0,420,2BB9,2C63,int_oth_scarecrow,No,,,,scarecrow,,-
1319,scattered papers,scattered papers (Documents),,,Murphy's RV,-,No,-,-,250,200,-,-,2x1,No,No,No,,,,,,151,-,-,-,white,white,-,flashy,,No,Yes,100,3,1,-,3,the paper,-,-,,-,-,ちらばったかみ,montón de papeles,montón de papeles,tas de papiers,tas de papiers,Papierchaos,mucchio di fogli,널려 있는 종이,1319,0973,1100,1099,1609,1609,1060,0824,0220,1.4,1000,-,3013,rmk_oth_floorpapers,No,,,,scattered papers,scattered papers,scattered papers
1320,school chair,school chair,,,Nooklings,B,Yes,800,-,200,160,-,Seat,1x1,No,No,No,,,Sit,-,Sit,151,classroom,Set,Sci-Fi,brown,gray,-,official,,No,No,-,1,1,-,1,-,-,-,,-,-,がっこうのイス,silla escolar,silla escolar,chaise d'écolier,chaise d'écolier,Schulstuhl,sedia scuola,학교 의자,1320,0328,1433,1433,0356,0355,1369,1245,1626,1.0,800,2AB8,2B62,int_sch_chairS,No,,,,school chair,,-
1321,school desk,school desk,,,Nooklings,A,Yes,"1,200",-,300,240,-,Table,1x1,No,Yes,No,,,,,,151,classroom,Set,Sci-Fi,brown,gray,-,official,,No,No,-,1,1,-,1,-,-,-,,-,-,がっこうのつくえ,mesa escolar,mesa escolar,pupitre,pupitre,Schultisch,banco,학교 책상,1321,0331,0982,0982,1329,1327,1370,0125,1627,1.0,1200,2AB7,2B61,int_sch_tableS,No,,,,school desk,,school desk
1322,school locker,school locker,,,Leopold's RV,-,No,-,-,700,560,-,-,2x1,No,Yes,No,,,,,,151,-,-,-,gray,gray,-,official,,No,No,-,1,1,-,1,-,-,-,,-,-,がっこうのロッカー,taquilla de escuela,taquilla de escuela,casier d'écolier,casier d'écolier,Spindwand,armadietto scuola,학교 로커,1322,0332,1583,1583,0322,0321,1439,0047,1623,1.4,2800,-,2F6C,int_sch_locker,No,,,,school locker,school locker,school locker
1323,school speaker,school speaker,,,Nooklings,-,Yes,"1,600",-,400,320,-,-,1x1,Yes,No,No,,,,,,151,-,-,Sci-Fi,brown,gray,-,iconic,,No,No,-,1,1,-,1,-,-,-,,-,-,がっこうのスピーカー,altavoz colegio,altavoz colegio,haut-parleur,haut-parleur,Wandlautsprecher,altoparlante,학교 스피커,1323,0330,0020,0020,0758,0756,1637,0013,1624,1.0,1600,2CC3,2D6D,int_sch_speaker,Yes,,,,,school speaker,-
1324,science table,science table,,,Nooklings,B,Yes,"1,900",-,475,380,-,-,2x1,No,No,No,,,,,,151,classroom,Set,Sci-Fi,white,white,-,official,,No,No,-,1,1,-,1,-,-,-,,-,-,りかしつのつくえ,mesa laboratorio,mesa laboratorio,paillasse,paillasse,Labortisch,tavolo laboratorio,과학실 책상,1324,1642,0999,0999,1145,1143,0830,1525,0121,1.0,1900,2AC0,2B6A,int_sch_sciencetable,No,,,,,,science table
1325,sconce,sconce,,,Nooklings,-,Yes,"1,600",-,400,320,-,Light,1x1,Yes,No,No,,,Toggle,Light,Press,151,-,-,Antique,brown,orange,-,iconic,,No,No,-,1,1,-,1,-,-,-,,-,-,スコンス,candelabro de pared,candelabro de pared,applique ancienne,applique ancienne,Wandleuchter,portacandele a muro,스콘스,1325,0781,0367,0365,0016,0016,1638,1025,0827,1.0,1600,2CD1,2D7B,int_oth_sconce,Yes,,,,,sconce,-
1326,scooter,scooter (Yellow),,,Stu's RV,-,No,-,-,"1,000",800,-,-,2x1,No,No,No,,,,,,151,-,-,-,yellow,orange,-,basic,,No,Yes,400,4,4,the body color,1,-,-,-,,-,-,スクーター,ciclomotor,ciclomotor,scooter,scooter,Mofa,scooter,스쿠터,1326,0775,0424,0422,1391,1389,0953,1156,0828,1.4,4000,-,300F,rmk_oth_scooter,No,,,,scooter,scooter,-
1327,scoreboard,scoreboard,,,Nooklings,A,Yes,"2,200",-,550,440,-,-,1x1,No,No,No,,,,,,151,-,-,-,white,orange,-,sporty,,No,No,-,1,1,-,1,-,-,-,,-,-,とくてんボード,marcador,marcador,compte-points,compte-points,Punktetafel,segnapunti,점수판,1327,1054,0923,0920,0515,0514,1169,1259,1175,1.0,2200,2AC5,2B6F,int_sch_scoreboard,No,,,,scoreboard,,-
1328,Scorpio lamp,Scorpio lamp,,,DLC,-,Yes,"4,800",-,"1,200",960,-,Light,1x1,No,No,No,,,Toggle,Light,Press,300,-,-,Quirky,purple,purple,-,cute,,No,No,-,1,1,-,1,-,-,-,,-,-,スコーピオのランプ,lámpara Escorpio,lámpara Escorpio,lampe Scorpion,lampe Scorpion,Skorpion-Lampe,lampada Scorpione,전갈자리 램프,1328,0778,0782,0782,0917,0915,1404,0613,1160,1.0,4800,2E0A,2EB4,int_sgn_Scorpio,Yes,,,,Scorpio lamp,Scorpio lamp,Scorpio lamp
1329,screen,screen,,,Nooklings,B,Yes,"1,650",-,412,329,-,-,2x1,No,No,No,,,,,,151,zen,Set,Harmonious,yellow,green,-,historical,,No,No,-,1,1,-,1,-,-,-,,-,-,びょうぶ,biombo,biombo,paravent,paravent,Paravent,separé,병풍,1329,1315,0188,0186,1180,1178,1071,1261,0634,1.0,1650,2AF1,2B9B,int_jpn_byoubu,No,,,,screen,,-
1330,sea globe,sea globe,,,Souvenir Shop,-,No,-,20,250,200,12,-,1x1,No,No,Yes,,,,,,451,-,-,Rustic,aqua,white,-,cute,,No,No,-,1,1,-,1,-,-,-,,-,-,シーグローブ,globo de acuario,globo de acuario,boule aquarium,boule aquarium,Aquariumkugel,boccia acquario,해저볼,1330,0646,0677,0679,0200,0198,0050,0177,1652,1.0,1000,2DCF,2E79,int_oth_seaglobe,Yes,,,,sea globe,sea globe,-
1331,sea-anemone bed,sea-anemone bed,,,Chip,-,No,-,-,600,480,-,Bed,2x1,No,No,No,,,Sleep,-,Sleep,651,fish,Set,Toy Shop,red,red,-,cute,,No,No,-,1,1,-,1,-,-,-,,-,-,イソギンチャクなベッド,cama anémona,cama anémona,lit anémone de mer,lit anémone de mer,Seeanemonenbett,letto anemone mare,말미잘 침대,1331,0126,0300,0298,0952,0950,1380,0661,0451,1.0,2400,2CE1,2D8B,int_fis_bedS,Yes,,,,,sea-anemone bed,-
1332,server,server,,,Nooklings,A,Yes,"3,400",-,850,680,-,-,1x1,No,No,No,,,,,,151,-,-,Sci-Fi,black,white,-,modern,,No,No,-,1,1,-,1,-,-,-,,-,-,サーバー,servidor,servidor,serveur informatique,serveur informatique,Server,server,서버,1332,0619,1396,1395,1406,1404,1385,1279,0756,1.0,3400,2CAD,2D57,int_oth_server,Yes,,,,server,server,server
1333,serving cart,serving cart (Wood),,,Sandy's RV,-,No,-,-,400,320,-,-,1x1,No,Yes,No,,,,,,151,-,-,-,brown,brown,-,iconic,,No,Yes,160,3,3,the body color,1,-,-,-,,-,-,サービングカート,carrito de servicio,carrito de servicio,chariot de service,chariot de service,Servierwagen,carrello da portate,서빙 카트,1333,0620,0382,0382,0409,0408,1387,0245,0758,1.4,1600,-,2FA8,rmk_fod_servingcart,No,,,,serving cart,serving cart,serving cart
1334,set lunch,set lunch (Grilled-fish meal),,,Sylvana's RV,-,No,-,-,400,320,-,-,1x1,No,No,Yes,,,,,,151,-,-,-,colorful,colorful,-,basic,,No,Yes,160,3,3,the menu,1,-,-,-,,-,-,ていしょく,menú japonés,menú japonés,menu du jour,menu du jour,Tagesmenü,menu del giorno,정식 세트,1334,1001,0939,0938,1062,1061,1526,0772,1181,1.4,1600,-,2FB6,rmk_oth_setmeal,No,,,,,set lunch,set lunch
1335,set square table,set square table,,,DLC,-,Yes,"23,760",-,"5,940","4,752",-,Table,2x2,No,Yes,No,,,,,,300,-,-,Trendy,-,-,-,basic,,No,No,-,1,1,-,1,-,-,-,,-,-,さんかくじょうぎテーブル,mesa cuadrada,mesa cuadrada,table équerre,table équerre,Zeichendreieck-Tisch,tavolo squadre,삼각자 테이블,1335,0639,0956,0956,1528,1528,1726,1554,0734,1.0,23760,2E2B,2ED5,int_stt_tableL,Yes,,,,,set square table,-
1336,seven lamp,seven lamp (White),,,Spotlight,-,Yes,"7,000",-,"1,750","1,400",-,Light,1x1,No,No,Yes,,,Toggle,Light,Press,351,-,-,Trendy,white,white,-,cute,,No,Yes,700,7,7,the number color,1,-,-,-,,-,-,7のランプ,lámpara siete,lámpara siete,lampe 7,lampe 7,„7“-Lampe,lampada a 7,7 램프,1336,0013,0821,0821,0863,0861,0009,0565,0017,1.0,7000,2E00,2EAA,rmk_nmb_7,Yes,,,,,seven lamp,-
1337,sewing kit,sewing kit,,,Mabel's RV,-,No,-,-,"3,000",-,-,-,1x1,No,No,Yes,,,,,,151,-,-,Toy Shop,purple,colorful,-,cute,,No,No,-,1,1,-,1,-,-,-,,-,-,さいほうセット,kit de costura,kit de costura,ensemble de couture,kit de couture,Nähzubehör,set da cucito,재봉 세트,1337,0625,0757,0757,0599,0851,0981,1286,1154,1.4,12000,-,30A8,int_hgh_sewing,Yes,,,,sewing project,,-
1338,sewing machine,sewing machine,,,Nooklings,A,Yes,"1,480",-,370,296,-,-,1x1,No,No,Yes,,,,,,151,-,-,-,white,white,-,basic,,No,No,-,1,1,-,1,-,-,-,,-,-,ミシン,máquina de coser,máquina de coser,machine à coudre,machine à coudre,Nähmaschine,macchina da cucire,재봉틀,1338,1495,0910,0907,1023,1021,0980,0738,1155,1.0,1480,2C77,2D21,int_oth_sewingN,Yes,,,,sewing machine,sewing machine,sewing machine
1339,shamrock clock,shamrock clock,,,Gulliver,-,Yes,"1,800",-,450,360,-,Clock,1x1,Yes,No,No,,,,,,1051,-,-,Rustic,green,green,-,iconic,,No,No,-,1,1,-,1,-,-,-,,-,-,シャムロックロック,reloj trébol,reloj trébol,horloge trèfle,horloge trèfle,Kleeblattuhr,orologio trifoglio,성패트릭 시계,1339,0690,1347,1347,0830,0828,0756,0904,0771,1.0,1800,2D83,2E2D,int_jhn_shamrock,Yes,,,,,shamrock clock,-
1340,shaved ice,shaved ice (Lime),,,Olive's RV,-,No,-,-,400,320,-,-,1x1,No,No,Yes,,,,,,151,-,-,-,green,white,-,basic,,No,Yes,160,5,5,the menu,1,-,-,-,,-,-,かきごおり,raspado,granizado,granité,granité,Sorbet,granita,빙수,1340,0315,1277,0690,0737,0735,1428,0525,0706,1.4,1600,-,2F96,rmk_oth_shavedice,No,,,,,shaved ice,shaved ice
1341,shaved-ice lamp,shaved-ice lamp,,,DLC,-,No,-,-,600,480,-,Light,1x1,No,No,Yes,,,Toggle,Light,Press,300,-,-,Fairy Tale,white,colorful,-,cute,,No,No,-,1,1,-,1,-,-,-,,-,-,かきごおりのランプ,lámpara helado,lámpara helado,lampe glacée,lampe glacée,Eiscreme-Lampe,lampada coppa gelato,팥빙수 램프,1341,0317,0790,0790,0890,0888,0331,0580,1510,1.0,2400,2C1D,2CC7,int_oth_kakigori,No,,,shaved ice lamp,,,-
1342,shaved-ice maker,shaved-ice maker,,,Nooklings,D,Yes,"1,200",-,300,240,-,-,1x1,No,No,Yes,,,,,,151,-,-,-,aqua,gray,-,historical,,No,No,-,1,1,-,1,-,-,-,,-,-,かきごおりき,picadora hielo,picadora hielo,râpe-glace,râpe-glace,Eismaschine,tritaghiaccio,팥빙수 기계,1342,0316,1194,1196,1344,1342,0337,1636,1509,1.0,1200,2B7B,2C25,int_isl_icemachine,No,,,shave-ice maker,shaved-ice maker,,shaved-ice maker
1343,ship cannon,ship cannon,,,Pascal,-,No,-,-,455,364,-,-,2x1,No,No,No,,,,,,351,pirate ship,Theme,Toy Shop,black,black,-,historical,,No,No,-,1,1,-,1,-,-,-,,-,-,たいほう,cañón,cañón,canon,canon,Schiffskanone,cannone navale,대포,1343,0865,0370,0368,0310,0308,1311,0235,0287,1.0,1820,2AA1,2B4B,int_pir_cannon,No,,,,pirate-ship cannon,,ship cannon
1344,ship compass,ship compass,,,Pascal,-,No,-,-,400,320,-,-,1x1,No,No,No,,,,,,351,pirate ship,Theme,Toy Shop,brown,gray,-,historical,,No,No,-,1,1,-,1,-,-,-,,-,-,らしんばん,brújula marina,brújula marina,compas,compas,Schiffskompass,bussola marina,나침반,1344,1621,0226,0224,0513,0512,1312,0204,0190,1.0,1600,2AA3,2B4D,int_pir_compass,No,,,,-,,-
1345,shoe boxes,shoe boxes,,,Kicks's RV,-,No,-,-,"3,000",-,-,-,1x1,No,No,Yes,,,,,,151,-,-,Toy Shop,colorful,colorful,-,basic,,No,No,-,1,1,-,1,-,-,-,,-,-,くつのけしょうばこ,pila cajas zapatos,pila cajas zapatos,lot boîtes à chauss.,lot boîtes à chauss.,Schuhcremeauswahl,scatola lucido,신발 상자,1345,0473,1201,1203,1007,1005,1362,1146,0881,1.4,12000,-,30C1,int_skk_shoesbox,Yes,,,,stacked shoeboxes,,-
1346,shoe locker,shoe locker,,,Campground Shop,-,No,-,-,700,560,-,-,2x1,No,No,No,,,,,,151,-,-,-,brown,white,-,basic,,No,No,-,1,1,-,1,-,-,-,,-,-,げたばこロッカー,taquilla de zapatos,taquilla de zapatos,casier à chaussures,casier à chaussures,Schuhspindwand,armadietto scarpe,신발장,1346,0533,1585,1585,0320,0319,1365,0046,0882,1.4,2800,-,3002,int_bth_shoesbox,No,,,,,shoe locker,-
1347,shoe-polishing set,shoe-polishing set,,,Kicks's RV,-,No,-,-,"3,000",-,-,-,1x1,No,No,No,,,,,,151,-,-,Toy Shop,black,brown,-,basic,,No,No,-,1,1,-,1,-,-,-,,-,-,くつみがきセット,kit limpieza calzado,kit limpieza calzado,équipement de cireur,équipement de cireur,Schuhputzset,set pulizia scarpe,구두닦이 세트,1347,0474,0759,0759,0608,0605,1363,1297,0127,1.4,12000,-,30C2,int_skk_shoeshine,Yes,,,,,,-
1348,shogi board,shogi board,,,Nooklings,D,Yes,"1,200",-,300,240,-,-,1x1,No,No,Yes,,,,,,151,-,-,Harmonious / Toy Shop,brown,brown,-,iconic,,No,No,-,1,1,-,1,-,-,-,,-,-,しょうぎばん,tablero de shogi,tablero de shogi,plateau de shogi,plateau de shogi,Shogi-Brett,tavola da shogi,일본식 장기판,1348,0711,1551,1551,1264,1262,1389,1456,1125,1.0,1200,2B62,2C0C,int_oth_syougi,No,,,,-,,-
1349,shogi piece,shogi piece (King),,,Nooklings,B,Yes,"1,200",-,300,240,-,-,1x1,No,No,Yes,,,,,,151,-,-,Harmonious / Toy Shop,brown,black,-,iconic,,No,Yes,120,9,8,the piece type,1,-,1,Gold Nugget,,-,-,しょうぎのこま,pieza de shogi,pieza de shogi,pièce de shogi,pièce de shogi,Shogi-Stein,pezzo di shogi,일본식 장기짝,1349,0710,1199,1201,1223,1221,1390,0955,1124,1.0,1200,2DDD,2E87,rmk_oth_syogikoma,Yes,,,,,shogi piece,shogi piece
1350,shoji bench,shoji bench,,,Toby's RV,-,No,-,-,"3,000",-,-,-,2x1,No,No,No,,,,,,300,-,-,Fairy Tale / Toy Shop,brown,brown,-,cute,,No,No,-,1,1,-,1,-,-,-,,-,-,けろけろけろっぴなろうか,tarima jardín zen,tarima jardín zen,porte coul. étang,porte coul. étang,Teich-Schiebetür,porta ranocchio,케로케로케로피 복도,1350,0541,1591,1591,1283,1281,1546,1024,1349,1.4,12000,-,3076,int_kkk_chairL,Yes,,,,Kerokerokeroppi hallway,,-
1351,shop coffee machine,shop coffee machine,,,Filly's RV,-,No,-,-,711,568,-,-,1x1,No,No,Yes,,,,,,300,-,-,Toy Shop,black,black,-,modern,,No,No,-,1,1,-,1,-,-,-,,-,-,コンビニのコーヒーマシン,cafetera súper,cafetera súper,mach. café épicerie,mach. café épicerie,Kaffeeautomat,caffettiera deluxe,편의점 커피 머신,1351,0616,0271,0269,1021,1019,0656,0214,1529,1.4,2844,-,302D,int_cvn_coffee,No,,,,,shop coffee machine,-
1352,shop ice-cream case,shop ice-cream case,,,Filly's RV,-,No,-,-,711,568,-,-,2x1,No,No,No,,,,,,300,-,-,Toy Shop,white,colorful,-,modern,,No,No,-,1,1,-,1,-,-,-,,-,-,コンビニのアイスケース,nevera con helados,frigo de helados,congélateur à glaces,congélateur à glaces,Gefriertruhe,frigo di gelati,편의점 아이스크림 케이스,1352,0613,1123,0662,0524,0523,0464,0487,1527,1.4,2844,-,3029,int_cvn_ice,No,,,,,shop ice-cream case,-
1353,shop mat,shop mat (Convenience store),,,Timmy and Tommy's RV,-,No,-,-,"3,000",-,-,-,2x2,No,No,No,,,,,,151,-,-,Toy Shop,orange,blue,-,official,,No,Yes,1200,3,3,mat design,1,-,-,-,,-,-,おみせのマット,alfombra tienda,alfombra tienda,paillasson Mélimélo,paillasson Mélimélo,Ladenmatte,tappetino negozio,가게 매트,1353,0264,0015,0014,1147,1145,0833,1446,0047,1.4,12000,-,30C7,rmk_lrn_mat,Yes,,,,,,-
1354,shopping bag,shopping bag,,,Campground Shop,-,No,-,-,300,240,-,-,1x1,No,No,Yes,,,,,,151,-,-,-,brown,red,-,basic,,No,No,-,1,1,-,1,-,-,-,,-,-,かいものぶくろ,bolsa de la compra,bolsa de la compra,sac de courses,sac de courses,Einkaufstüte,borsa della spesa,쇼핑백,1354,0305,0215,0212,1379,1377,0322,0194,0791,1.4,1200,-,2F45,int_oth_shoppingbag,No,,,,shopping bag,shopping bag,-
1355,24-hour-shop baskets,24-hour-shop baskets,,,Filly's RV,-,No,-,-,711,568,-,-,1x1,No,No,No,,,,,,300,-,-,Toy Shop,orange,gray,-,modern,,No,No,-,1,1,-,1,-,-,-,,-,-,コンビニのかいものかご,portacestas súper,portacestas súper,panier d'épicerie,panier d'épicerie,Einkaufskorbständer,portacestelli,편의점 쇼핑 바구니,1355,0614,1242,1244,1158,1156,0321,1026,1526,1.4,2844,-,302A,int_cvn_basket,Yes,,,,,,-
1356,shopping cart,shopping cart,,,Spotlight,-,Yes,"3,980",-,995,796,-,-,1x1,No,No,No,,,,,,351,-,-,-,gray,gray,-,basic,,No,No,-,1,1,-,1,-,-,-,,-,-,ショッピングカート,carro de la compra,carro de la compra,chariot Nook,chariot Nook,Einkaufswagen,carrello supermarket,쇼핑 카트,1356,0722,0386,0386,0413,0412,0323,0249,0790,1.0,3980,2C16,2CC0,int_oth_shopping_trolley,No,,,,shopping cart,,-
1357,shower,shower,,,Nooklings,A,Yes,880,-,220,176,-,-,1x1,No,No,No,,,,,,151,-,-,Trendy / Sci-Fi,gray,gray,-,basic,,No,No,-,1,1,-,1,-,-,-,,-,-,シャワー,ducha,ducha,douche,douche,Dusche,doccia,샤워기,1357,0691,0540,0537,0577,0576,0294,0421,0751,1.0,880,2BC6,2C70,int_oth_shower,No,,,,,,shower
1358,shower stall,shower stall,,,Nooklings,A,Yes,"2,200",-,550,440,-,-,2x2,No,No,No,,,,,,151,-,-,Trendy / Sci-Fi,aqua,aqua,-,basic,,No,No,-,1,1,-,1,-,-,-,,-,-,シャワーブース,cabina ducha,cabina ducha,cabine de douche,cabine de douche,Duschkabine,cabina doccia,샤워 부스,1358,0692,0249,0247,0243,0241,0295,0207,0750,1.0,2200,2C43,2CED,int_oth_shower_room,Yes,,,,,shower stall,shower stall
1359,silver bug trophy,silver bug trophy,,,Nat,-,No,-,-,"1,800",-,-,-,1x1,No,No,Yes,,,,,,499,-,-,-,-,-,-,ornate,,No,No,-,1,1,-,1,-,-,-,,-,-,ぎんのムシトロフィー,bichotrofeo de plata,bichotrofeo de plata,trophée insecte arg,trophée insecte arg,Silber-Insektenpokal,trofeo ins. argento,은 곤충 트로피,1359,0453,0182,0179,1682,1682,1396,1639,1082,1.0,7200,2C33,2CDD,int_oth_trophy_iB,Yes,,,,silver bug trophy,silver bug trophy,-
1360,silver fish trophy,silver fish trophy,,,Chip,-,No,-,-,"1,800",-,-,-,1x1,No,No,Yes,,,,,,499,-,-,-,-,-,-,ornate,,No,No,-,1,1,-,1,-,-,-,,-,-,ぎんのサカナトロフィー,pez de plata,pez de plata,trophée pêche argent,trophée pêche argent,Silber-Angelpokal,trofeo pesca argento,은 물고기 트로피,1360,0450,1189,1191,1685,1685,1395,1642,1083,1.0,7200,2C30,2CDA,int_oth_trophy_fB,No,angler trophy,,silver trophy,silver fish trophy,,silver fish trophy
1361,silver HHA plaque,silver HHA plaque,,,HHA,-,No,-,-,450,-,-,-,1x1,No,No,Yes,,,,,,499,-,-,-,-,-,-,basic,,No,No,-,1,1,-,1,-,-,-,,-,-,アカデミーのぎんのたて,placa AAD de plata,placa AAD de plata,plaque AJD argent,plaque AJD argent,AdsH-Silberabzeichen,targa ABC d'argento,아카데미 은 상패,1361,0076,1218,1222,1247,1245,0029,1448,0949,1.0,1800,2C68,2D12,int_hha_tate_B,Yes,,,,silver HHA plaque,silver HHA plaque,-
1362,silver HHA trophy,silver HHA trophy,,,HHA,-,No,-,-,450,-,-,-,1x1,No,No,Yes,,,,,,499,-,-,-,-,-,-,basic,,No,No,-,1,1,-,1,-,-,-,,-,-,ぎんのおうちトロフィー,trofeo AAD de plata,trofeo AAD de plata,trophée AJD argent,trophée AJD argent,AdsH-Silberpokal,trofeo ABC d'argento,집 모양 은 트로피,1362,0447,1698,1697,1679,1679,0030,1637,1225,1.0,1800,2C6A,2D14,int_hha_trophy_B,Yes,,,,silver HHA trophy,silver HHA trophy,-
1363,silver mic,silver mic,,,Sprocket's RV,-,No,-,-,400,320,-,-,1x1,No,No,No,,,,,,151,-,-,-,gray,black,-,modern,,No,No,-,1,1,-,1,-,-,-,,-,-,ガイコツマイク,micrófono vocal,micrófono vocal,microphone argenté,microphone argenté,Retro-Mikrofon,microfono,실버 마이크,1363,0298,1062,1061,1080,1079,1212,0778,0886,1.4,1600,-,2F9E,int_oth_mike_bone,No,,,,silver mic,silver mic,silver mic
1364,silver teapot,silver teapot,,,Campground Shop,-,No,-,-,300,240,-,-,1x1,No,No,Yes,,,,,,151,-,-,-,gray,gray,-,modern,,No,No,-,1,1,-,1,-,-,-,,-,-,ステンレスのみずさし,jarra metálica,jarra metálica,pichet en inox,pichet en inox,Edelstahlkanne,caraffa d'acciaio,스테인리스 물통,1364,0793,0725,0726,1220,1218,0302,0239,0837,1.4,1200,-,2F0A,int_oth_stainlesspitcher,Yes,,,,,,-
1365,simple armchair,simple armchair (Red),,,Nooklings,C,Yes,"1,800",-,450,360,-,Seat,1x1,No,No,No,,,Sit,-,Sit,151,-,-,Trendy,red,red,-,basic,,No,Yes,180,6,6,the sofa color,1,-,-,-,,-,-,ふつうのソファ,butaca normal,butaca normal,fauteuil standard,fauteuil standard,Ledersessel,poltrona standard,평범한 소파,1365,1353,0240,0238,0673,0671,0852,1014,1533,1.0,1800,2AE8,2B92,rmk_red_chairS,No,,,red armchair,,,-
1366,simple kettle,simple kettle (Red),,,Nooklings,C,Yes,"1,200",-,300,240,-,-,1x1,No,No,Yes,,,,,,151,-,-,-,red,red,-,basic,,No,Yes,120,6,6,the kettle color,1,-,-,-,,-,-,ケトル,tetera normal,tetera normal,bouilloire standard,bouilloire standard,Teekessel,bollitore standard,빨간 주전자,1366,0535,1644,1642,0198,0196,1537,0180,0709,1.0,1200,2CBD,2D67,rmk_oth_kettle,Yes,,,,simple kettle,simple kettle,simple kettle
1367,simple love seat,simple love seat (Red),,,Nooklings,C,Yes,"2,050",-,512,409,-,Seat,2x1,No,No,No,,,Sit,-,Sit,151,-,-,Trendy,red,red,-,basic,,No,Yes,205,6,6,the sofa color,1,-,-,-,,-,-,ふつうのソファL,sofá normal,sofá normal,canapé standard,canapé standard,Ledersofa,sofà standard,평범한 소파 L,1367,1354,1513,1513,0308,0306,0854,1369,1534,1.0,2050,2AE9,2B93,rmk_red_chairL,No,,,red sofa,,,simple love seat
1368,simple panel,simple panel (White - White),,,Spike's RV,-,No,-,-,400,320,-,-,1x1,No,No,No,,,,,,151,-,-,-,white,white,-,basic,,No,Yes,160,35,7,the border color,5,the fabric,-,-,,-,-,シンプルなパネル,mampara simple,mampara simple,cloison simple,cloison simple,Zwischenwand,separé semplice,심플 패널,1368,0748,0897,0894,0435,0434,1741,1275,0892,1.4,1600,-,2FE3,rmk_oth_screen,No,,,,simple panel,simple panel,simple panel
1369,single rose,single rose (Red),,,Piper's RV,-,No,-,-,400,320,-,Plant,1x1,No,No,Yes,,,-,-,-,151,-,-,-,red,green,-,ornate,,No,Yes,160,5,5,the rose color,1,-,-,-,,-,-,いちりんのバラ,jarrón con rosa,jarrón con rosa,rose simple,rose simple,Teerose,vaso con rosa,한 떨기 장미,1369,0129,0732,0733,1367,1366,1538,1694,1628,1.4,1600,-,2FBC,rmk_oth_rose,No,,,,,single rose,single rose
1370,sink,sink,,,Nooklings,B,Yes,"1,960",-,490,392,-,-,2x1,No,Yes,No,,,,,,151,-,-,Sci-Fi,brown,white,-,historical,,No,No,-,1,1,-,1,-,-,-,,-,-,ながしだい,fregadero,fregadero,évier,évier,Spülbecken,lavandino,개수대,1370,1091,0657,0658,0646,0644,1447,0642,0080,1.0,1960,2B79,2C23,int_oth_sink,No,,,,,,sink
1371,siphon,siphon,,,Brewster,-,No,-,-,445,356,-,-,1x1,No,No,Yes,,,,,,451,café,Set,Trendy,white,brown,-,historical,,No,No,-,1,1,-,1,-,-,-,,-,-,サイフォン,sifón,sifón,percolateur,percolateur,Siphon,sifone,사이폰,1371,0624,1402,1401,1205,1203,1397,1325,0726,1.0,1780,2AD9,2B83,int_oth_siphon,No,,,,siphon,,siphon
1372,sitar,sitar,,,Gulliver,-,Yes,"1,200",-,300,240,-,Instrument,1x1,No,No,No,,,Press,-,Press,1051,-,-,Harmonious,brown,brown,-,iconic,,No,No,-,1,1,-,1,-,-,-,,-,-,シタール,sitar,sitar,sitar,sitar,Sitar,sitar,시타르,1372,0656,1488,1488,1428,1427,1398,1328,0873,1.0,1200,2DC6,2E70,int_oth_sitar,Yes,,,,,sitar,sitar
1373,six lamp,six lamp (White),,,Spotlight,-,Yes,"6,000",-,"1,500","1,200",-,Light,1x1,No,No,Yes,,,Toggle,Light,Press,351,-,-,Trendy,white,white,-,cute,,No,Yes,600,7,7,the number color,1,-,-,-,,-,-,6のランプ,lámpara seis,lámpara seis,lampe 6,lampe 6,„6“-Lampe,lampada a 6,6 램프,1373,0012,0820,0820,0862,0860,0008,0564,0016,1.0,6000,2DFF,2EA9,rmk_nmb_6,Yes,,,,,six lamp,-
1374,skateboard rack,skateboard rack (Gradient),,,Spike's RV,-,No,-,-,400,320,-,-,1x1,No,No,No,,,,,,151,-,-,Toy Shop,colorful,brown,-,sporty,,No,Yes,160,4,4,the board type,1,-,-,-,,-,-,スケートボード,expositor patinetas,expositor patinetes,présentoir à skates,présentoir à skates,Skateboard-Ständer,portaskateboard,스케이트보드 꽂이,1374,0776,0614,0612,1324,1322,1399,1038,0825,1.4,1600,-,2FB7,rmk_oth_skateboard,No,,,,,skateboard rack,skateboard rack
1375,skeleton,skeleton,,,Nooklings,B,Yes,"3,360",-,840,672,-,Model,1x1,No,No,No,,,-,,,151,classroom,Set,Sci-Fi / Quirky,white,white,-,flashy,,No,No,-,1,1,-,1,-,-,-,,-,-,こっかくひょうほん,modelo esqueleto,modelo esqueleto,squelette,squelette,Skelett,scheletro,해골 모형,1375,0592,1083,1082,1446,1445,1400,1148,1647,1.0,3360,2ABC,2B66,int_sch_skeleton,No,,,,skeleton,,-
1376,skeleton figurine,skeleton figurine,,,Gulliver,-,Yes,"1,680",-,420,336,-,-,1x1,No,No,Yes,,,,,,1051,-,-,Toy Shop / Quirky,black,white,-,iconic,,No,No,-,1,1,-,1,-,-,-,,-,-,ガイコツのおきもの,muñeco esqueleto,muñeco esqueleto,statuette squelette,statuette squelette,Knochenfigur,statuina scheletro,해골 인형,1376,0297,1119,1118,1463,1463,0761,1405,1648,1.0,1680,2D81,2E2B,int_jhn_skeleton,Yes,,,,,skeleton figurine,-
1377,sketchbook,sketchbook,,,Katie,-,No,-,-,240,192,-,-,1x1,No,No,Yes,,,,,,1280,-,-,-,red,red,-,basic,,No,No,-,1,1,-,1,-,-,-,,-,-,スケッチブック,bloc de dibujo,bloc de dibujo,carnet de croquis,carnet de croquis,Skizzenbuch,album per schizzi,스케치북,1377,0777,0203,0200,0315,0313,1403,0010,0826,1.0,960,2DBD,2E67,int_oth_sketchbook,Yes,,,,,sketchbook,-
1378,ski rack,ski rack,,,Snowman,-,No,-,-,500,-,-,-,1x1,No,No,No,,,,,,88,-,-,-,brown,colorful,-,sporty,,No,No,-,1,1,-,1,-,-,-,,-,-,スキーいた,estante de esquí,estante de esquí,rangement pour skis,rangement pour skis,Skiständer,portasci da parete,스키 장비,1378,0774,0580,0578,1342,1340,1402,1036,0829,1.0,2000,2DC5,2E6F,int_oth_ski,Yes,,,,ski rack,ski rack,ski rack
1379,slalom gate,slalom gate (Red),,,Snowman,-,No,-,-,600,-,-,-,1x1,No,No,No,,,,,,88,-,-,-,red,red,-,sporty,,No,Yes,240,2,2,the flag color,1,-,-,-,,-,-,きもん,banderín de eslalon,banderín de eslalon,obstacle de slalom,obstacle de slalom,Slalomtor,porta per slalom,기문,1379,0416,0151,0148,1130,1128,1405,1023,0164,1.0,2400,2DC3,2E6D,rmk_oth_slalomgate,Yes,,,,,slalom gate,-
1380,sleek bed,sleek bed (Black),,,Nooklings,A,Yes,"1,640",-,410,328,-,Bed,2x2,No,No,No,,,Sleep,-,Sleep,151,sleek,Series,Trendy / Sci-Fi,black,black,-,basic,,No,Yes,164,4,4,the leather color,1,-,-,-,,-,-,パイプなベッド,cama tubos,cama tubos,lit design,lit design,Designerbett,letto design,파이프 침대,1380,1168,0350,0348,0966,0964,0259,0673,1501,1.0,1640,2D05,2DAF,rmk_pip_bedW,Yes,,,,,sleek bed,sleek bed
1381,sleek chair,sleek chair (Black),,,Nooklings,A,Yes,"1,400",-,350,280,-,Seat,1x1,No,No,No,,,Sit,-,Sit,151,sleek,Series,Trendy / Sci-Fi,black,black,-,basic,,No,Yes,140,4,4,the leather color,1,-,-,-,,-,-,パイプなチェア,silla tubos,silla tubos,chaise design,chaise design,Designerstuhl,sedia design,파이프 체어,1381,1165,1477,1477,0357,0356,0266,1202,1500,1.0,1400,2D07,2DB1,rmk_pip_chairS,Yes,,,,,sleek chair,sleek chair
1382,sleek clock,sleek clock (Black),,,Nooklings,-,Yes,"1,580",-,395,316,-,Clock,1x1,Yes,No,No,,,,,,151,sleek,Series,Trendy / Sci-Fi,black,black,-,basic,,No,Yes,158,4,4,the leather color,1,-,-,-,,-,-,パイプなとけい,reloj tubos,reloj tubos,horloge design,horloge design,Designeruhr,orologio design,파이프 시계,1382,1167,1348,1348,0795,0793,0269,0870,1496,1.0,1580,2D0A,2DB4,rmk_pip_clockP,Yes,,,,,sleek clock,-
1383,sleek closet,sleek closet (Black),,,Nooklings,A,Yes,"1,800",-,450,360,-,Closet,1x1,No,No,No,,,Storage,Press,Press,151,sleek,Series,Trendy / Sci-Fi,black,black,-,basic,,No,Yes,180,4,4,the leather color,1,-,-,-,,-,-,パイプなクロゼット,armario tubos,armario tubos,armoire design,armoire design,Designerschrank,armadio design,파이프 옷장,1383,1162,0092,0092,0038,0038,0264,0058,1499,1.0,1800,2D09,2DB3,rmk_pip_chestB,Yes,,,,,sleek closet,sleek closet
1384,sleek dresser,sleek dresser (Black),,,Nooklings,A,Yes,"1,600",-,400,320,-,Dresser,2x1,No,No,No,,,Storage,Press,Press,151,sleek,Series,Trendy / Sci-Fi,black,black,-,basic,,No,Yes,160,4,4,the leather color,1,-,-,-,,-,-,パイプなチェスト,cómoda tubos,cómoda tubos,commode design,commode design,Designerkommode,comò design,파이프 수납장,1384,1166,0498,0496,0483,0482,0261,0325,1495,1.0,1600,2D08,2DB2,rmk_pip_chestA,Yes,,,,,sleek dresser,sleek dresser
1385,sleek lamp,sleek lamp (Black),,,Nooklings,A,Yes,"1,680",-,420,336,-,Light,1x1,No,No,No,,,Toggle,Light,Press,151,sleek,Series,Trendy / Sci-Fi,black,black,-,basic,,No,Yes,168,4,4,the leather color,1,-,-,-,,-,-,パイプなランプ,lámpara tubos,lámpara tubos,lampe design,lampe design,Designerlampe,lampada design,파이프 램프,1385,1171,0825,0825,0884,0882,0262,0584,1491,1.0,1680,2D0B,2DB5,rmk_pip_lamp,Yes,,,,,sleek lamp,sleek lamp
1386,sleek side table,sleek side table (Black),,,Nooklings,A,Yes,"1,900",-,475,380,-,Table,1x1,No,Yes,No,,,,,,151,sleek,Series,Trendy / Sci-Fi,black,black,-,basic,,No,Yes,190,4,4,the leather color,1,-,-,-,,-,-,パイプなミニテーブル,mesita tubos,mesita tubos,table ronde design,table ronde design,Designertischchen,tavolino design,파이프 미니 테이블,1386,1170,1055,1054,1562,1562,0268,1461,1492,1.0,1900,2D0D,2DB7,rmk_pip_tableS,Yes,,,,,sleek side table,sleek side table
1387,sleek sideboard,sleek sideboard (Black),,,Nooklings,A,Yes,"1,800",-,450,360,-,Table,2x1,No,Yes,No,,,,,,151,sleek,Series,Trendy / Sci-Fi,black,black,-,basic,,No,Yes,180,4,4,the leather color,1,-,-,-,,-,-,パイプなボード,aparador tubos,aparador tubos,buffet design,buffet design,Designerregal,credenza design,파이프 선반,1387,1169,0032,0032,0219,0217,0263,0383,1493,1.0,1800,2D03,2DAD,rmk_pip_shelf,Yes,,,,,sleek sideboard,sleek sideboard
1388,sleek sofa,sleek sofa (Black),,,Nooklings,A,Yes,"1,600",-,400,320,-,Seat,2x1,No,No,No,,,Sit,-,Sit,151,sleek,Series,Trendy / Sci-Fi,black,black,-,basic,,No,Yes,160,4,4,the leather color,1,-,-,-,,-,-,パイプなソファ,sofá tubos,sofá tubos,canapé design,canapé design,Designersofa,sofà design,파이프 소파,1388,1164,1526,1526,0287,0285,0265,1343,1494,1.0,1600,2D06,2DB0,rmk_pip_chairL,Yes,,,,,sleek sofa,sleek sofa
1389,sleek stereo,sleek stereo (Black),,,Nooklings,A,Yes,"1,680",-,420,336,-,Music Player,1x1,No,No,Yes,,,Music player,,Music,151,sleek,Series,Trendy / Sci-Fi,black,black,-,basic,,No,Yes,168,4,4,the leather color,1,-,-,-,,-,-,パイプなコンポ,cadena tubos,cadena tubos,hi-fi design,hi-fi design,Designeranlage,stereo design,파이프 오디오,1389,1163,0267,0265,0763,0761,0258,1413,1497,1.0,1680,2D04,2DAE,rmk_pip_audio,Yes,,,,,sleek stereo,-
1390,sleek table,sleek table (Black),,,Nooklings,A,Yes,"1,600",-,400,320,-,Table,2x1,No,Yes,No,,,,,,151,sleek,Series,Trendy / Sci-Fi,black,black,-,basic,,No,Yes,160,4,4,the leather color,1,-,-,-,,-,-,パイプなローテーブル,mesa baja tubos,mesa baja tubos,table design,table design,Designertisch,tavolo design,파이프 낮은 테이블,1390,1172,0945,0944,1518,1518,0267,1505,1490,1.0,1600,2D0C,2DB6,rmk_pip_tableM,Yes,,,,,sleek table,sleek table
1391,sleeping bag,sleeping bag,,,Tent Campers,-,Yes,"1,960",-,490,392,-,-,2x1,No,No,No,,,,,,451,-,-,-,green,green,-,sporty,,No,No,-,1,1,-,1,-,-,-,,-,-,シュラフ,saco de dormir,saco de dormir,sac de couchage,sac de couchage,Schlafsack,sacco a pelo,침낭,1391,0704,1379,1378,1378,1376,1314,1101,1284,1.0,1960,2B6E,2C18,int_tnt_sleepbag,No,,,,sleeping bag,,sleeping bag
1392,sleigh,sleigh,,,Snowtyke,-,No,-,-,300,-,-,Seat,1x1,No,No,No,,,Sit,-,Sit,888,-,-,-,brown,red,-,sporty,,No,No,-,1,1,-,1,-,-,-,,-,-,そり,trineo,trineo,luge,luge,Schlitten,slitta,썰매,1392,0855,1693,1692,1015,1013,1328,1329,0909,1.0,1200,2B8B,2C35,int_kmk_sled,No,,,,sleigh,,sleigh
1393,slide puzzle,slide puzzle (Number),,,Nooklings,B,Yes,800,-,200,160,-,-,1x1,No,No,Yes,,,,,,151,-,-,Toy Shop,blue,white,-,cute,,No,Yes,80,2,1,-,2,the puzzle picture,-,-,,-,-,スライドパズル,puzle deslizante,puzle deslizante,taquin,taquin,Schiebepuzzle,rompicapo,숫자 맞추기 퍼즐,1393,0825,1262,1265,1603,1603,1310,1090,0805,1.0,800,2CFF,2DA9,rmk_oth_slidepuzzle,Yes,,,,,slide puzzle,-
1394,slipper rack,slipper rack (Colorful),,,Carrie's RV,-,No,-,-,400,320,-,-,1x1,No,No,No,,,,,,151,-,-,-,brown,colorful,-,official,,No,Yes,160,4,4,the slippers,1,-,-,-,,-,-,スリッパたて,guardapantuflas,guardapantuflas,range-pantoufles,range-pantoufles,Pantoffelregal,portapantofole,슬리퍼 꽂이,1394,0826,0691,0694,1343,1341,1057,1032,0861,1.4,1600,-,2F99,rmk_oth_slippers,No,,,,,slipper rack,slipper rack
1395,sloppy bed,sloppy bed (Aqua),,,Re-Tail,-,No,520,-,130,104,-,Bed,2x1,No,No,No,,,Sleep,-,Sleep,151,sloppy,Series,Sci-Fi / Quirky,brown,aqua,-,flashy,,No,Yes,52,2,1,-,2,the comforter,-,-,,-,-,だらしないベッド,cama desorden,cama desorden,lit négligé,lit négligé,Schlamperbett,letto trasandato,칠칠치 못한 침대,1395,0926,0313,0311,0984,0982,1317,0707,1281,1.0,520,2D66,2E10,rmk_lse_bedS,Yes,,,,sloppy bed,sloppy bed,sloppy bed
1396,sloppy chair,sloppy chair (Aqua),,,Re-Tail,-,No,400,-,100,80,-,Seat,1x1,No,No,No,,,Sit,-,Sit,151,sloppy,Series,Sci-Fi / Quirky,brown,aqua,-,flashy,,No,Yes,40,2,1,-,2,the scarf,-,-,,-,-,だらしないイス,silla desorden,silla desorden,chaise négligée,chaise négligée,Schlamperstuhl,sedia trasandata,칠칠치 못한 의자,1396,0917,1425,1425,0377,0376,1324,1248,1280,1.0,400,2D69,2E13,rmk_lse_chairS,Yes,,,,,sloppy chair,-
1397,sloppy clock,sloppy clock,,,Re-Tail,-,No,480,-,120,96,-,Clock,1x1,Yes,No,No,,,,,,151,sloppy,Series,Sci-Fi / Quirky,white,beige,-,flashy,,No,No,-,1,1,-,1,-,-,-,,-,-,だらしないとけい,reloj desorden,reloj desorden,horloge négligée,horloge négligée,Schlamperuhr,orologio trasandato,칠칠치 못한 시계,1397,0925,1305,1305,0818,0816,1326,0903,1276,1.0,480,2D68,2E12,int_lse_clockN,Yes,,,,,sloppy clock,-
1398,sloppy closet,sloppy closet (Aqua),,,Re-Tail,-,No,520,-,130,104,-,Closet,1x1,No,No,No,,,Storage,Press,Press,151,sloppy,Series,Sci-Fi / Quirky,brown,aqua,-,flashy,,No,Yes,52,2,1,-,2,the scarf,-,-,,-,-,だらしないクロゼット,armario desorden,armario desorden,armoire négligée,armoire négligée,Schlamperschrank,armadio trasandato,칠칠치 못한 옷장,1398,0918,0061,0061,0048,0048,1321,0084,1279,1.0,520,2D6B,2E15,rmk_lse_chestF,Yes,,,,,sloppy closet,-
1399,sloppy dresser,sloppy dresser (Aqua),,,Re-Tail,-,No,500,-,125,100,-,Dresser,1x1,No,No,No,,,Storage,Press,Press,151,sloppy,Series,Sci-Fi / Quirky,brown,aqua,-,flashy,,No,Yes,50,2,1,-,2,the T-shirt,-,-,,-,-,だらしないタンス,cómoda desorden,cómoda desorden,commode négligée,commode négligée,Schlamperkommode,comò trasandato,칠칠치 못한 서랍장,1399,0922,0467,0465,0494,0493,1319,0351,1274,1.0,500,2D70,2E1A,rmk_lse_chestA,Yes,,,,,sloppy dresser,-
1400,sloppy lamp,sloppy lamp (Aqua),,,Re-Tail,-,No,400,-,100,80,-,Light,1x1,No,No,No,,,Toggle,Light,Press,151,sloppy,Series,Sci-Fi / Quirky,brown,aqua,-,flashy,,No,Yes,40,2,1,-,2,the lamp shade,-,-,,-,-,だらしないランプ,lámpara desorden,lámpara desorden,lampe négligée,lampe négligée,Schlamperlampe,lampada trasandata,칠칠치 못한 램프,1400,0927,0779,0779,0903,0901,1320,0616,1273,1.0,400,2D6D,2E17,rmk_lse_lamp,Yes,,,,,sloppy lamp,-
1401,sloppy sink,sloppy sink,,,Re-Tail,-,No,480,-,120,96,-,-,1x1,No,No,No,,,,,,151,sloppy,Series,Sci-Fi / Quirky,brown,gray,-,flashy,,No,No,-,1,1,-,1,-,-,-,,-,-,だらしないシンク,fregadero desorden,fregadero desorden,évier négligé,évier négligé,Schlamperspülbecken,lavandino trasandato,칠칠치 못한 싱크대,1401,0920,0659,0660,0648,0646,1323,0649,1277,1.0,480,2D6C,2E16,int_lse_sink,Yes,,,,sloppy sink,sloppy sink,-
1402,sloppy sofa,sloppy sofa (Aqua),,,Re-Tail,-,No,600,-,150,120,-,Seat,2x1,No,No,No,,,Sit,-,Sit,151,sloppy,Series,Sci-Fi / Quirky,brown,aqua,-,flashy,,No,Yes,60,2,1,-,2,the T-shirt,-,-,,-,-,だらしないソファ,sofá desorden,sofá desorden,canapé négligé,canapé négligé,Schlampersofa,sofà trasandato,칠칠치 못한 소파,1402,0921,1500,1500,0296,0294,1322,1371,1275,1.0,600,2D67,2E11,rmk_lse_chairL,Yes,,,,sloppy sofa,sloppy sofa,sloppy sofa
1403,sloppy stereo,sloppy stereo,,,Re-Tail,-,No,540,-,135,108,-,Music Player,2x1,No,No,No,,,Music player,,Music,151,sloppy,Series,Sci-Fi / Quirky,black,colorful,-,flashy,,No,No,-,1,1,-,1,-,-,-,,-,-,だらしないコンポ,cadena desorden,cadena desorden,hi-fi négligée,hi-fi négligée,Schlamperanlage,stereo trasandato,칠칠치 못한 오디오,1403,0919,0259,0257,0767,0765,1316,1420,1278,1.0,540,2D6E,2E18,int_lse_audioM,Yes,,,,,sloppy stereo,-
1404,sloppy table,sloppy table (Aqua),,,Re-Tail,-,No,540,-,135,108,-,Table,2x2,No,Yes,No,,,,,,151,sloppy,Series,Sci-Fi / Quirky,brown,aqua,-,flashy,,No,Yes,54,2,1,-,2,the tablecloth,-,-,,-,-,だらしないテーブル,mesa desorden,mesa desorden,table négligée,table négligée,Schlampertisch,tavolo trasandato,칠칠치 못한 테이블,1404,0923,0977,0977,1546,1546,1325,1556,1282,1.0,540,2D6A,2E14,rmk_lse_tableL,Yes,,,,sloppy table,sloppy table,sloppy table
1405,sloppy TV,sloppy TV,,,Re-Tail,-,No,600,-,150,120,-,-,1x1,No,No,No,,,,,,151,sloppy,Series,Sci-Fi / Quirky,red,brown,-,flashy,,No,No,-,1,1,-,1,-,-,-,,-,-,だらしないテレビ,tele desorden,tele desorden,télé négligée,télé négligée,Schlamperfernseher,TV trasandata,칠칠치 못한 TV,1405,0924,1607,1606,1624,1624,1318,1671,1272,1.0,600,2D6F,2E19,int_lse_tv,Yes,,,,,sloppy TV,-
1406,slushie machine,slushie machine,,,Nintendo Zone,-,Yes,"2,400",-,600,480,-,-,1x1,No,No,No,,,,,,300,-,-,-,gray,colorful,-,cute,,No,No,-,1,1,-,1,-,-,-,,-,-,フローズンマシーン,máquina granizados,máquina granizados,machine à granités,machine à granités,Eiscremespender,macchina per granite,슬러시 머신,1406,1388,0919,0916,1026,1024,0332,0742,0860,1.0,2400,2C79,2D23,int_frs_frozen,Yes,,,,,slushie machine,slushie machine
1407,small igloo,small igloo,,,Snowtyke,-,No,-,-,150,-,-,-,1x1,No,No,Yes,,,,,,888,-,-,Harmonious,white,white,-,cute,,No,No,-,1,1,-,1,-,-,-,,-,-,ミニかまくら,iglú pequeño,iglú pequeño,mini-igloo,mini-igloo,Mini-Iglu,igloo mini,미니 얼음집,1407,1534,0721,0722,1089,1088,0930,0535,0531,1.0,600,2C63,2D0D,int_sno_kamakura,No,igloo model,,,,,small igloo
1408,small LED display,small LED display (Star),,,Nooklings,D,Yes,"2,500",-,625,500,-,-,1x1,No,No,No,,,,,,151,-,-,Sci-Fi / Toy Shop,-,yellow,-,flashy,,No,Yes,250,3,1,-,3,the screen,-,-,,-,-,でんこうけいじばん,panel LED pequeño,panel LED pequeño,mini-affichage LED,mini-affichage LED,LED-Tafel,schermo LED piccolo,전광판,1408,1026,1161,1164,1084,1083,0855,1152,1162,1.0,2500,2C66,2D10,rmk_oth_elebbs,Yes,,,,small LED display,small LED display,-
1409,small magazine rack,small magazine rack,,,Nooklings,C,Yes,"1,780",-,445,356,-,-,1x1,No,No,No,,,,,,151,-,-,Trendy,white,colorful,-,basic,,No,No,-,1,1,-,1,-,-,-,,-,-,マガジンラックS,revistero pequeño,revistero pequeño,porte-revues,porte-revues,Zeitschriftenablage,portariviste piccolo,잡지 꽂이 S,1409,1463,1351,1351,1291,1289,1728,1035,1144,1.0,1780,2C8F,2D39,int_oth_magazinerackS,Yes,,,,magazine rack,small magazine rack,small magazine rack
1410,small space console,small space console,,,Spotlight,-,Yes,"2,680",-,670,536,-,-,1x1,No,No,No,,,,,,351,sci-fi,Theme,Sci-Fi / Toy Shop,gray,colorful,-,modern,,No,No,-,1,1,-,1,-,-,-,,-,-,ちいさいけいき,minicuadro mandos,minicuadro mandos,mini-ordinateur bord,mini-ordinateur bord,Steuerkonsole,quadro comandi mini,작은 계기판,1410,0943,1073,1072,1090,1089,1469,1055,1137,1.0,2680,2DAB,2E55,int_sff_meterS,Yes,,,,,small space console,-
1411,small spotlight,small spotlight (Yellow),,,Nooklings,-,Yes,"1,400",-,350,280,-,Light,1x1,Yes,No,No,,,Toggle,Light,Press,151,-,-,Trendy,black,yellow,-,official,,No,Yes,140,6,6,the light color,1,-,-,-,,-,-,スポットライトS,foco pequeño,foco pequeño,projecteur,projecteur,Scheinwerfer,riflettore piccolo,스포트라이트 S,1411,0823,0651,0652,1325,1323,1308,1074,0854,1.0,1400,2C60,2D0A,rmk_sdo_lamp_wall,Yes,,,,studio wall spotlight,small spotlight,-
1412,smoker,smoker,,,Igloo Campers,-,Yes,"3,000",-,750,600,-,-,1x1,No,No,No,,,,,,451,-,-,-,black,black,-,modern,,No,No,-,1,1,-,1,-,-,-,,-,-,くんせいマシーン,horno para ahumados,horno para ahumados,fumoir,fumoir,Räucherofen,affumicatore,훈제 통,1412,0524,0716,0717,0714,0712,1187,0004,1734,1.0,3000,2DC8,2E72,int_oth_smoked,Yes,,,,smoker,smoker,smoker
1413,snack machine,snack machine,,,Huck's RV,-,No,-,-,900,720,-,-,2x1,No,No,No,,,,,,151,-,-,-,black,colorful,-,modern,,No,No,-,1,1,-,1,-,-,-,,-,-,おかしのじはんき,máquina expendedora,máquina expendedora,distributeur en-cas,distributeur en-cas,Verkaufsautomat,distrib. automatico,과자 자동판매기,1413,0219,0917,0914,0573,0572,1611,0410,0119,1.4,3600,-,2F85,int_oth_foodmachine,No,,,,snack machine,snack machine,snack machine
1414,snail clock,snail clock,,,Nat,-,No,-,-,450,360,-,Clock,1x1,No,No,Yes,,,,,,651,insect,Set,Toy Shop,brown,brown,-,cute,,No,No,-,1,1,-,1,-,-,-,,-,-,カタツムリのとけい,reloj caracol,reloj caracol,horloge escargot,horloge escargot,Schneckenuhr,orologio chiocciola,달팽이 시계,1414,0324,1295,1295,0799,0797,1333,0867,0276,1.0,1800,2CDF,2D89,int_isc_clockN,Yes,,,,,snail clock,-
1415,snake plant,snake plant,,,Garden Shop,-,Yes,"1,200",-,300,240,-,Plant,1x1,No,No,No,,,-,-,-,199,house plant,Set,Rustic,green,brown,-,basic,,No,No,-,1,1,-,1,-,-,-,,-,-,サンセベリア,sanseviera,sanseviera,sansevieria,sansevieria,Bogenhanf,pianta serpente,산세베리아,1415,0642,1383,1382,1382,1380,0175,0964,0731,1.0,1200,2B34,2BDE,int_plt_sansevieria,No,,,,,,snake plant
1416,snare drum,snare drum (Burgundy),,,Weber's RV,-,No,-,-,800,640,-,Instrument,1x1,No,No,No,,,Press,-,Press,151,-,-,Toy Shop,red,red,-,rock 'n' roll,,No,Yes,320,4,4,the shell color,1,-,-,-,,-,-,スネアドラム,tambor redoblante,tambor redoblante,caisse claire,caisse claire,Marschtrommel,rullante batteria,스네어 드럼,1416,0809,1578,1578,0264,0262,0899,1094,0810,1.4,3200,-,2F91,rmk_oth_snaredrum,No,,,,snare drum,snare drum,snare drum
1417,snow bunny,snow bunny,,,Snowtyke,-,No,-,-,150,-,-,-,1x1,No,No,Yes,,,,,,888,-,-,Harmonious / Fairy Tale,white,brown,-,cute,,No,No,-,1,1,-,1,-,-,-,,-,-,ゆきうさぎ,conejo de nieve,conejo de nieve,lapin en neige,lapin en neige,Schneehäschen,coniglio di neve,눈토끼,1417,1581,0501,0499,0931,0929,1334,0363,0248,1.0,600,2C52,2CFC,int_sno_rabbit,No,snow bunny,,,,,snow bunny
1418,snow globe,snow globe,,,Nooklings,-,Yes,"1,200",-,300,240,-,-,1x1,No,No,Yes,,,,,,451,-,-,Fairy Tale,white,red,-,cute,,No,No,-,1,1,-,1,-,-,-,,-,-,スノードーム,globo de nieve,globo de nieve,boule à neige,boule à neige,Schneekugel,globo di neve,스노볼,1418,0810,0678,0680,0199,0197,1335,0521,0813,1.0,1200,2C06,2CB0,int_oth_snowglobe,No,,,,snow globe,,snow globe
1419,snow machine,snow machine,,,Snowman,-,No,-,-,"1,400",-,-,-,2x1,No,No,No,,,,,,88,-,-,-,blue,blue,-,sporty,,No,No,-,1,1,-,1,-,-,-,,-,-,じんこうこうせつき,cañón lanzanieve,cañón lanzanieve,canon à neige,canon à neige,Schneemaschine,cannone sparaneve,인공 제설기,1419,0733,0372,0370,0311,0309,1349,0236,1107,1.0,5600,2DCD,2E77,int_oth_snowmaking,Yes,,,,,snow machine,snow machine
1420,snowboard,snowboard (Red),,,Snowman,-,No,-,-,350,-,-,-,1x1,No,No,No,,,,,,88,-,-,-,red,red,-,sporty,,No,Yes,140,7,7,the body color,1,-,-,-,,-,-,スノーボード,tabla de snowboard,tabla de snowboard,snowboard,snowboard,Snowboard,snowboard,스노보드,1420,0811,1547,1547,1429,1428,1419,1330,0812,1.0,1400,2B8A,2C34,rmk_kmk_snowbord,No,,,,,,snowboard
1421,snowman,snowman,,,Snowboy,-,No,-,-,"3,000",-,-,-,1x1,No,No,No,,,,,,88,-,-,Fairy Tale,white,white,-,cute,,No,No,-,1,1,-,1,-,-,-,,-,-,ゆきだるま,muñeco de nieve,muñeco de nieve,Yétiti,Yétiti,Schneemann,pupazzo di neve,눈사람,1421,1582,1118,1117,1739,1739,1336,1051,0235,1.0,12000,2B8C,2C36,int_oth_snowdharma,No,,,,,,-
1422,snowman bed,snowman bed,,,Snowboy,-,No,-,-,"8,888",-,-,Bed,2x1,No,No,No,,,Sleep,-,Sleep,88,snowman,Series,Fairy Tale,white,white,-,cute,,No,No,-,1,1,-,1,-,-,-,,-,-,ゆきだるまベッド,cama nieve,cama nieve,lit Yétiti,lit Yétiti,Schneemannbett,letto neve,눈사람 침대,1422,1592,0333,0331,1004,1002,1337,0693,0245,1.0,35552,29C4,2A6E,int_snw_bedS,No,,,,,,snowman bed
1423,snowman chair,snowman chair,,,Snowboy,-,No,-,-,"8,888",-,-,Seat,1x1,No,No,No,,,Sit,-,Sit,88,snowman,Series,Fairy Tale,white,white,-,cute,,No,No,-,1,1,-,1,-,-,-,,-,-,ゆきだるまチェア,silla nieve,silla nieve,chaise Yétiti,chaise Yétiti,Schneemannstuhl,sedia neve,눈사람 체어,1423,1587,1455,1455,0397,0396,1346,1231,0244,1.0,35552,29C7,2A71,int_snw_chairS,No,,,,,,snowman chair
1424,snowman clock,snowman clock,,,Snowboy,-,No,-,-,"8,888",-,-,Clock,1x1,Yes,No,No,,,,,,88,snowman,Series,Fairy Tale,white,white,-,cute,,No,No,-,1,1,-,1,-,-,-,,-,-,ゆきだるまクロック,reloj nieve,reloj nieve,horloge Yétiti,horloge Yétiti,Schneemannuhr,orologio neve,눈사람 시계,1424,1584,1322,1322,0831,0829,1348,0891,0242,1.0,35552,29CC,2A76,int_snw_clockP,No,,,,,,-
1425,snowman dresser,snowman dresser,,,Snowboy,-,No,-,-,"8,888",-,-,Dresser,2x1,No,No,No,,,Storage,Press,Press,88,snowman,Series,Fairy Tale,white,white,-,cute,,No,No,-,1,1,-,1,-,-,-,,-,-,ゆきだるまタンス,cómoda nieve,cómoda nieve,commode Yétiti,commode Yétiti,Schneemannkommode,comò neve,눈사람 서랍장,1425,1586,0485,0483,0511,0510,1340,0340,0240,1.0,35552,29C5,2A6F,int_snw_chestA,No,,,,,,-
1426,snowman fridge,snowman fridge,,,Snowboy,-,No,-,-,"8,888",-,-,Closet,1x1,No,No,No,,,Storage,Press,Press,88,snowman,Series,Fairy Tale,white,white,-,cute,,No,No,-,1,1,-,1,-,-,-,,-,-,ゆきだるまれいぞうこ,nevera nieve,nevera nieve,frigo Yétiti,frigo Yétiti,Schneemannkühler,frigorifero neve,눈사람 냉장고,1426,1594,1124,1123,0713,0711,1341,0492,0237,1.0,35552,29CA,2A74,int_snw_freezer,No,,,,,,-
1427,snowman lamp,snowman lamp,,,Snowboy,-,No,-,-,"8,888",-,-,Light,1x1,No,No,No,,,Toggle,Light,Press,88,snowman,Series,Fairy Tale,white,white,-,cute,,No,No,-,1,1,-,1,-,-,-,,-,-,ゆきだるまランプ,lámpara nieve,lámpara nieve,lampe Yétiti,lampe Yétiti,Schneemannlampe,lampada neve,눈사람 램프,1427,1593,0804,0804,0923,0921,1342,0603,0238,1.0,35552,29CD,2A77,int_snw_lamp,No,,,,,,snowman lamp
1428,snowman matryoshka,snowman matryoshka,,,Snowtyke,-,No,-,-,"2,000",-,-,-,2x1,No,No,Yes,,,,,,888,-,-,Fairy Tale / Toy Shop,white,white,-,cute,,No,No,-,1,1,-,1,-,-,-,,-,-,ゆきだるマトリョーシカ,matrioska nieve,matrioska nieve,famille de neige,famille de neige,Schneemann-Familie,modello pupazzi neve,눈사람 마트로시카,1428,1590,0933,0930,0653,0651,1338,0811,0239,1.0,8000,2DB9,2E63,int_snw_matoryosika,Yes,,,,,snowman matryoshka,-
1429,snowman sofa,snowman sofa,,,Snowboy,-,No,-,-,"8,888",-,-,Seat,2x1,No,No,No,,,Sit,-,Sit,88,snowman,Series,Fairy Tale,white,white,-,cute,,No,No,-,1,1,-,1,-,-,-,,-,-,ゆきだるまソファ,sofá nieve,sofá nieve,canapé Yétiti,canapé Yétiti,Schneemannsofa,sofà neve,눈사람 소파,1429,1585,1511,1510,0309,0307,1344,1357,0241,1.0,35552,29C8,2A72,int_snw_chairL,No,,,,,,snowman sofa
1430,snowman table,snowman table,,,Snowboy,-,No,-,-,"8,888",-,-,Table,2x2,No,Yes,No,,,,,,88,snowman,Series,Fairy Tale,white,white,-,cute,,No,No,-,1,1,-,1,-,-,-,,-,-,ゆきだるまテーブル,mesa nieve,mesa nieve,table Yétiti,table Yétiti,Schneemanntisch,tavolo neve,눈사람 테이블,1430,1588,1007,1007,1572,1572,1347,1534,0246,1.0,35552,29C9,2A73,int_snw_tableL,No,,,,,,snowman table
1431,snowman TV,snowman TV,,,Snowboy,-,No,-,-,"8,888",-,-,-,2x1,No,No,No,,,,,,88,snowman,Series,Fairy Tale,white,yellow,-,cute,,No,No,-,1,1,-,1,-,-,-,,-,-,ゆきだるまテレビ,tele nieve,tele nieve,télé Yétiti,télé Yétiti,Schneemannfernseher,TV neve,눈사람 TV,1431,1589,1617,1616,1632,1632,1339,1665,0236,1.0,35552,29CB,2A75,int_snw_tv,No,,,,,,-
1432,snowman vanity,snowman vanity,,,Snowboy,-,No,-,-,"8,888",-,-,-,1x1,No,No,No,,,,,,88,snowman,Series,Fairy Tale,white,white,-,cute,,No,No,-,1,1,-,1,-,-,-,,-,-,ゆきだるまドレッサー,tocador nieve,tocador nieve,coiffeuse Yétiti,coiffeuse Yétiti,Schneemannspiegel,toletta neve,눈사람 화장대,1432,1591,1664,1662,0462,0461,1345,1599,0247,1.0,35552,29CE,2A78,int_snw_dresser,no,,,,,,snowman vanity
1433,snowman wardrobe,snowman wardrobe,,,Snowboy,-,No,-,-,"8,888",-,-,Closet,1x1,No,No,No,,,Storage,Press,Press,88,snowman,Series,Fairy Tale,white,white,-,cute,,No,No,-,1,1,-,1,-,-,-,,-,-,ゆきだるまクロゼット,armario nieve,armario nieve,armoire Yétiti,armoire Yétiti,Schneemannschrank,armadio neve,눈사람 옷장,1433,1583,0079,0079,0061,0061,1343,0072,0243,1.0,35552,29C6,2A70,int_snw_chestB,No,,,,,,snowman wardrobe
1434,snowmobile,snowmobile,,,Snowman,-,No,-,-,900,-,-,-,2x1,No,No,No,,,,,,88,-,-,-,yellow,black,-,sporty,,No,No,-,1,1,-,1,-,-,-,,-,-,スノーモービル,moto de nieve,moto de nieve,scooter des neiges,scooter des neiges,Schneemobil,motoslitta,스노모빌,1434,0812,1109,1108,1392,1390,1350,0822,0811,1.0,3600,2DD4,2E7E,int_oth_snowmobile,Yes,,,,,snowmobile,snowmobile
1435,soccer goal,soccer goal,,,DLC,-,No,-,-,"3,000",-,-,-,3x2,No,No,No,,,,,,151,-,-,Toy Shop,white,gray,-,sporty,,No,No,-,1,1,-,1,-,-,-,,-,-,サッカーゴール,portería,portería,but de football,but de football,Fußballtor,porta da calcio,축구 골대,1435,0631,1243,1245,0242,0240,0440,1022,1264,1.4,12000,-,2FC9,int_oth_soccergoal,No,,,,soccer goal,soccer goal,soccer goal
1436,soda case,soda case,,,Nooklings,B,Yes,"1,800",-,450,360,-,-,1x1,No,No,No,,,,,,151,-,-,-,gray,colorful,-,cute,,No,No,-,1,1,-,1,-,-,-,,-,-,ジュースケース,frigo para refrescos,frigo para refrescos,vitrine à sodas,vitrine à sodas,Getränkekühlschrank,frigo per snack,주스 냉장고,1436,0697,0661,0663,1719,1719,0477,0488,1203,1.0,1800,2C83,2D2D,int_oth_coldcase,Yes,,,,,soda case,-
1437,soda fountain,soda fountain,,,Nooklings,D,Yes,"2,400",-,600,480,-,-,1x1,No,No,No,,,,,,151,-,-,-,gray,colorful,-,basic,,No,No,-,1,1,-,1,-,-,-,,-,-,ドリンクバー,fuente de refrescos,fuente de refrescos,fontaine à sodas,fontaine à sodas,Getränkespender,distributore bibite,드링크 바,1437,1085,0666,0668,0703,0701,0480,0413,0341,1.0,2400,2CB0,2D5A,int_frs_drink,Yes,,,,,soda fountain,-
1438,soft-drink display,soft-drink display,,,Nintendo Zone,-,No,-,-,711,568,-,-,2x1,No,No,No,,,,,,300,-,-,-,white,colorful,-,modern,,No,No,-,1,1,-,1,-,-,-,,-,-,ドリンクのちんれつだな,estantería bebidas,estantería bebidas,rayon boissons,rayon boissons,Getränkeregal,banco bibite,음료 진열대,1438,1084,0586,0584,1349,1347,0479,0127,1086,1.0,2844,2E21,2ECB,int_cvn_drink,Yes,,,,,soft-drink display,-
1439,soft-serve lamp,soft-serve lamp (Vanilla),,,Nooklings,C,Yes,"1,120",-,280,224,-,Light,1x1,No,No,No,,,Toggle,Light,Press,151,-,-,Fairy Tale,brown,white,-,iconic,,No,Yes,112,7,7,the ice-cream color,1,-,-,-,,-,-,ソフトクリームランプ,lámpara cono helado,lámpara cono helado,lampe cornet glace,lampe cornet glace,Softeis-Lampe,lampada cono gelato,소프트아이스크림 램프,1439,0852,0772,0772,0880,0878,1422,0578,0783,1.0,1120,2CB9,2D63,rmk_oth_softcreame,Yes,,,,soft-serve lamp,soft-serve lamp,soft-serve lamp
1440,songpyeon,songpyeon,,,Isabelle,-,No,-,-,300,-,-,-,1x1,No,No,Yes,,,,,,499,-,-,Harmonious,red,colorful,-,iconic,,No,No,-,1,1,-,1,-,-,-,,-,-,ソンピョン,plato de songpyeon,plato de songpyeon,plat de songpyeons,plat de songpyeons,Songpyeon-Teller,songpyeon,송편,1440,0856,1233,1234,1256,1254,1423,1374,0789,1.0,1200,2DCA,2E74,int_oth_sonpyon,Yes,,,,songpyeon,songpyeon,-
1441,sound mixer,sound mixer,,,Sprocket's RV,-,No,-,-,900,720,-,-,2x1,No,No,No,,,,,,151,-,-,-,black,black,-,modern,,No,No,-,1,1,-,1,-,-,-,,-,-,PAたく,mesa de sonido,mesa de sonido,table de mixage,table de mixage,Mischpult,mixer audio,사운드 믹서,1441,0035,0974,0973,1514,1514,0946,0794,0725,1.4,3600,-,2FA2,int_oth_pa,No,,,,,sound mixer,sound mixer
1442,spa chair,spa chair,,,Nooklings,C,Yes,600,-,150,120,-,-,2x1,No,No,No,,,,,,151,spa,Theme,Harmonious,aqua,aqua,-,basic,,No,No,-,1,1,-,1,-,-,-,,-,-,おふろのイス,pila de taburetes,pila de taburetes,tas de tabourets,tas de tabourets,Hockerturm,pila di sgabelli,목욕탕 의자,1442,0257,1205,1208,1610,1610,0604,0988,0499,1.0,600,2B03,2BAD,int_bth_bathchair,No,,,,,,-
1443,space captain's seat,space captain's seat,,,Spotlight,-,Yes,"3,680",-,920,736,-,Seat,1x1,No,No,No,,,Sit,-,Sit,351,sci-fi,Theme,Sci-Fi / Toy Shop,red,beige,-,modern,,No,No,-,1,1,-,1,-,-,-,,-,-,キャプテンのイス,silla del capitán,silla del capitán,fauteuil capitaine,fauteuil capitaine,Pilotenstuhl,poltrona capitano,함장 의자,1443,0423,1423,1423,0657,0655,1097,1004,1643,1.0,3680,2DA7,2E51,int_sff_chairS01,Yes,,,,,space captain's seat,-
1444,space console,space console,,,Spotlight,-,Yes,"3,000",-,750,600,-,Clock,2x1,No,No,No,,,,,,351,sci-fi,Theme,Sci-Fi / Toy Shop,gray,colorful,-,modern,,No,No,-,1,1,-,1,-,-,-,,-,-,とけいつきけいき,cuadro de mandos,cuadro de mandos,radar de bord,radar de bord,Forschungskonsole,quadro comandi,시계 달린 계기판,1444,1055,0519,0517,1335,1333,0417,1053,0864,1.0,3000,2DA9,2E53,int_sff_clockD,Yes,,,,,space console,space console
1445,space heater,space heater,,,Nooklings,A,Yes,"1,700",-,425,340,-,-,1x1,No,No,No,,,,,,151,-,-,Sci-Fi,white,white,-,basic,,No,No,-,1,1,-,1,-,-,-,,-,-,ストーブ,calefactor,calefactor,chauffage,chauffage,Heizgerät,stufetta bianca,스토브,1445,0794,0299,0297,0422,0421,0556,1423,0838,1.0,1700,2B99,2C43,int_oth_stove,No,,,,round space heater,,-
1446,space shuttle,space shuttle,,,Nooklings,C,Yes,"2,780",-,695,556,-,-,2x1,No,No,Yes,,,,,,151,space,Theme,Sci-Fi / Toy Shop,white,white,-,flashy,,No,No,-,1,1,-,1,-,-,-,,-,-,スペースシャトル,transbordador,transbordador,navette spatiale,navette spatiale,Raumfähre,shuttle,우주왕복선,1446,0820,1688,1687,1115,1113,1190,1324,1056,1.0,2780,2A63,2B0D,int_uvs_shuttle,No,,,,space shuttle,,space shuttle
1447,space station,space station,,,Nooklings,D,Yes,"2,800",-,700,560,-,-,2x2,No,No,No,,,,,,151,space,Theme,Sci-Fi / Toy Shop,gray,gray,-,flashy,,No,No,-,1,1,-,1,-,-,-,,-,-,うちゅうステーション,base espacial,base espacial,station spatiale,station spatiale,Raumstation,stazione lunare,우주 정거장,1447,0155,0172,0169,1450,1450,1192,1406,1054,1.0,2800,2A65,2B0F,int_uvs_station,No,,,,,,space station
1448,Spaceman Sam,Spaceman Sam,,,Nooklings,D,Yes,"2,800",-,700,560,-,-,1x1,No,No,No,,,,,,151,space,Theme,Sci-Fi / Toy Shop,white,white,-,flashy,,No,No,-,1,1,-,1,-,-,-,,-,-,うちゅうふく,traje espacial,traje espacial,spationaute,spationaute,Raumanzug,tuta spaziale,우주복,1448,0156,1687,1686,1442,1441,1189,1651,1055,1.0,2800,2A64,2B0E,int_uvs_spacesuit,No,,,,astronaut suit,,Spaceman Sam
1449,sparrow's nest,sparrow's nest,,,Campground Shop,-,No,-,-,300,240,-,-,1x1,Yes,No,No,,,,,,151,-,-,Rustic,gray,brown,-,iconic,,No,No,-,1,1,-,1,-,-,-,,-,-,つばめのす,nido de golondrina,nido de golondrina,nid d'hirondelles,nid d'hirondelles,Sperlingsnest,nido di passero,제비 둥지,1449,0994,1135,1136,1127,1125,1430,0841,1186,1.4,1200,-,2F26,int_oth_swallow,No,,,,,sparrow's nest,-
1450,speaker,speaker,,,Boris's RV,-,No,-,-,500,400,-,-,1x1,No,No,Yes,,,,,,151,-,-,-,black,gray,-,modern,,No,No,-,1,1,-,1,-,-,-,,-,-,スピーカー,bocina,altavoz,baffle,baffle,Lautsprecher,cassa acustica,스피커,1450,0815,0210,0019,0081,0081,0848,0261,0858,1.4,2000,-,2FC2,int_oth_speaker,No,,,,,speaker,speaker
1451,speed bag,speed bag,,,Nooklings,D,Yes,"2,990",-,747,597,-,-,1x1,No,No,No,,,,,,151,boxing,Theme,-,blue,gray,-,sporty,,No,No,-,1,1,-,1,-,-,-,,-,-,スピードバッグ,balón pera,balón pera,ballon vitesse,ballon vitesse,Maisbirne,punching ball,스피드백,1451,0816,0119,0116,0098,0098,0890,1050,0857,1.0,2990,2A7D,2B27,int_wrs_speedbag,No,,,,speed bag,,speed bag
1452,spherical radar,spherical radar,,,Spotlight,-,Yes,"3,000",-,750,600,-,-,2x2,No,No,No,,,,,,351,sci-fi,Theme,Sci-Fi / Toy Shop,aqua,black,-,modern,,No,No,-,1,1,-,1,-,-,-,,-,-,まるいレーダー,radar en 3D,radar en 3D,radar 3D,radar 3D,3D-Radarbild,radar 3D,둥근 레이더,1452,1486,1265,1268,1334,1332,0014,1060,0325,1.0,3000,2DAE,2E58,int_sff_radar,Yes,,,,,spherical radar,spherical radar
1453,Sphinx,Sphinx,,,Nooklings,B,Yes,"3,200",-,800,640,-,-,2x1,No,No,No,,,,,,151,-,-,Antique / Quirky,yellow,brown,-,historical,,No,No,-,1,1,-,1,-,-,-,,-,-,スフィンクス,esfinge,esfinge,sphinx,sphinx,Sphinx,sfinge,스핑크스,1453,0817,0560,0558,1444,1443,1431,1300,0859,1.0,3200,2B54,2BFE,int_oth_Sphinx,No,,,,sphinx,,-
1454,spiderweb clock,spiderweb clock,,,Nat,-,No,-,-,500,400,-,Clock,1x1,Yes,No,No,,,,,,651,insect,Set,Toy Shop / Quirky,gray,black,-,cute,,No,No,-,1,1,-,1,-,-,-,,-,-,クモのすどけい,reloj telaraña,reloj telaraña,horloge arachno,horloge arachno,Spinnennetz-Uhr,orologio ragnatela,거미줄 시계,1454,0479,1344,1344,0779,0777,1440,0897,0083,1.0,2000,2CD7,2D81,int_isc_clockP,Yes,,,,,spiderweb clock,-
1455,spinning wheel,spinning wheel,,,Nooklings,D,Yes,"2,200",-,550,440,-,-,1x1,No,No,No,,,,,,151,-,-,Rustic / Quirky,brown,brown,-,historical,,No,No,-,1,1,-,1,-,-,-,,-,-,いとぐるま,rueca,rueca,rouet,rouet,Spinnrad,arcolaio,물레,1455,0132,1374,1373,1370,1369,1441,0041,0512,1.0,2200,2C55,2CFF,int_oth_spinning,Yes,,,,spinning wheel,spinning wheel,spinning wheel
1456,Splatoon spawn point,Splatoon spawn point (Orange),,,Inkwell's RV,-,No,-,-,"3,000",-,-,-,2x2,No,No,No,,,,,,300,-,-,Toy Shop,orange,gray,-,rock 'n' roll,,No,Yes,1200,8,8,the ink color,1,-,-,-,,-,-,スタートちてん,punto base Splatoon,punto base Splatoon,point de déploiement,point de déploiement,Startpunkt,base Splatoon,스타트 지점,1456,0785,1259,1262,1275,1273,1459,0151,0832,1.4,12000,-,304C,rmk_spl_respawn,Yes,,,,,,-
1457,Splatoon tower,Splatoon tower,,,Inkwell's RV,-,No,-,-,"3,000",-,-,-,2x2,No,No,No,,,,,,300,-,-,Toy Shop,black,black,-,rock 'n' roll,,No,No,-,1,1,-,1,-,-,-,,-,-,ガチヤグラ,Torre Cromópolis,torreta Cromópolis,kiosque mobile,stand mobile,Inkopolis-Turm,torre Coloropoli,가치야구라,1457,0326,1673,1677,0853,1447,0642,1610,0064,1.4,12000,-,3046,int_spl_yagura,Yes,,,,,,-
1458,Splattershot,Splattershot (Orange),,,Inkwell's RV,-,No,-,-,"3,000",-,-,-,1x1,No,No,Yes,,,,,,300,-,-,Toy Shop,green,orange,-,rock 'n' roll,,No,Yes,1200,8,8,the ink color,1,-,-,-,,-,-,スプラシューターコラボ,rociador Tentáctica,Lanzatintas B,Liquéficateur Tenta.,Liquidateur griffé,Tentatek-Kleckser,splasher logo,스플래슈터 컬래버레이션,1458,0818,1366,0829,0948,0946,1553,1386,0856,1.4,12000,-,3049,rmk_spl_collabo,Yes,,,,,,splattershot
1459,spooky bed,spooky bed,,,Nooklings,-,Yes,"4,124",-,"1,031",824,-,Bed,2x1,No,No,No,,,Sleep,-,Sleep,451,spooky,Series,Quirky,orange,purple,-,flashy,,No,No,-,1,1,-,1,-,-,-,,-,-,ハロウィンベッド,cama calabaza,cama calabaza,lit Halloween,lit Halloween,Kürbisbett,letto brividi,할로윈 침대,1459,1254,0305,0303,0974,0972,0816,0666,1637,1.0,4124,29F0,2A9A,int_hwn_bedS,No,,,,-,,-
1460,spooky bookcase,spooky bookcase,,,Nooklings,-,Yes,"4,124",-,"1,031",824,-,-,2x1,No,No,No,,,,,,451,spooky,Series,Quirky,orange,orange,-,flashy,,No,No,-,1,1,-,1,-,-,-,,-,-,ハロウィンラック,librería calabaza,librería calabaza,étagère Halloween,étagère Halloween,Kürbisregal,libreria brividi,할로윈 수납 선반,1460,1255,0852,0850,0630,0627,0820,0715,1633,1.0,4124,29F7,2AA1,int_hwn_bookshelf,No,,,,-,,-
1461,spooky chair,spooky chair,,,Nooklings,-,Yes,"4,124",-,"1,031",824,-,Seat,1x1,No,No,No,,,Sit,-,Sit,451,spooky,Series,Quirky,orange,orange,-,flashy,,No,No,-,1,1,-,1,-,-,-,,-,-,ハロウィンチェア,silla calabaza,silla calabaza,chaise Halloween,chaise Halloween,Kürbisstuhl,sedia brividi,할로윈 체어,1461,1251,1406,1405,0369,0368,0824,1187,1636,1.0,4124,29F4,2A9E,int_hwn_chairS,No,,,,-,,-
1462,spooky clock,spooky clock,,,Nooklings,-,Yes,"4,124",-,"1,031",824,-,Clock,1x1,No,No,No,,,,,,451,spooky,Series,Quirky,orange,orange,-,flashy,,No,No,-,1,1,-,1,-,-,-,,-,-,ハロウィンクロック,reloj calabaza,reloj calabaza,cadran Halloween,cadran Halloween,Kürbisuhr,orologio brividi,할로윈 시계,1462,1248,1293,1293,0252,0250,0826,0864,1634,1.0,4124,29F8,2AA2,int_hwn_clockN,No,,,,-,,-
1463,spooky dresser,spooky dresser,,,Nooklings,-,Yes,"4,124",-,"1,031",824,-,Dresser,2x1,No,No,No,,,Storage,Press,Press,451,spooky,Series,Quirky,orange,orange,-,flashy,,No,No,-,1,1,-,1,-,-,-,,-,-,ハロウィンタンス,cómoda calabaza,cómoda calabaza,buffet Halloween,buffet Halloween,Kürbiskommode,comò brividi,할로윈 서랍장,1463,1250,0462,0460,0221,0219,0817,0319,1631,1.0,4124,29F1,2A9B,int_hwn_chestA,No,,,,-,,-
1464,spooky lamp,spooky lamp,,,Nooklings,-,Yes,"4,124",-,"1,031",824,-,Light,1x1,No,No,No,,,Toggle,Light,Press,451,spooky,Series,Quirky,orange,orange,-,flashy,,No,No,-,1,1,-,1,-,-,-,,-,-,ハロウィンランプ,lámpara calabaza,lámpara calabaza,lampe Halloween,lampe Halloween,Kürbislampe,lampada brividi,할로윈 램프,1464,1256,0767,0767,0891,0889,0819,0574,1629,1.0,4124,29F9,2AA3,int_hwn_lamp,No,,,,-,,-
1465,spooky sofa,spooky sofa,,,Nooklings,-,Yes,"4,124",-,"1,031",824,-,Seat,2x1,No,No,No,,,Sit,-,Sit,451,spooky,Series,Quirky,orange,orange,-,flashy,,No,No,-,1,1,-,1,-,-,-,,-,-,ハロウィンソファ,sofá calabaza,sofá calabaza,sofa Halloween,sofa Halloween,Kürbissofa,sofà brividi,할로윈 소파,1465,1249,1491,1491,1435,1434,0822,1334,1632,1.0,4124,29F3,2A9D,int_hwn_chairL,No,,,,-,,-
1466,spooky table,spooky table,,,Nooklings,-,Yes,"4,124",-,"1,031",824,-,Table,2x2,No,Yes,No,,,,,,451,spooky,Series,Quirky,orange,purple,-,flashy,,No,No,-,1,1,-,1,-,-,-,,-,-,ハロウィンテーブル,mesa calabaza,mesa calabaza,table Halloween,table Halloween,Kürbistisch,tavolo brividi,할로윈 테이블,1466,1252,0948,0947,1535,1535,0825,1489,1638,1.0,4124,29F5,2A9F,int_hwn_tableL,No,,,,-,,-
1467,spooky vanity,spooky vanity,,,Nooklings,-,Yes,"4,124",-,"1,031",824,-,-,1x1,No,No,No,,,,,,451,spooky,Series,Quirky,orange,orange,-,flashy,,No,No,-,1,1,-,1,-,-,-,,-,-,ハロウィンドレッサー,tocador calabaza,tocador calabaza,coiffeuse Halloween,coiffeuse Halloween,Kürbisspiegel,toletta brividi,할로윈 화장대,1467,1253,1653,1651,0452,0451,0823,1591,1639,1.0,4124,29F6,2AA0,int_hwn_dresser,No,,,,-,,-
1468,spooky wall lamp,spooky wall lamp,,,Nooklings,-,Yes,"4,124",-,"1,031",824,-,Light,1x1,Yes,No,No,,,Toggle,Light,Press,451,spooky,Series,Quirky,orange,orange,-,flashy,,No,No,-,1,1,-,1,-,-,-,,-,-,ハロウィンかべかけランプ,lámp. pared calabaza,lámp. pared calabaza,lampe mur Halloween,lampe mur Halloween,Kürbiswandlampe,lampada muro brividi,할로윈 벽걸이 램프,1468,1246,0763,0763,0899,0897,0827,0602,1630,1.0,4124,29FA,2AA4,int_hwn_lamp_wall,Yes,,,,-,spooky wall lamp,-
1469,spooky wardrobe,spooky wardrobe,,,Nooklings,-,Yes,"4,124",-,"1,031",824,-,Closet,1x1,No,No,No,,,Storage,Press,Press,451,spooky,Series,Quirky,orange,orange,-,flashy,,No,No,-,1,1,-,1,-,-,-,,-,-,ハロウィンクロゼット,armario calabaza,armario calabaza,bahut Halloween,bahut Halloween,Kürbisschrank,armadio brividi,할로윈 옷장,1469,1247,0053,0053,0083,0083,0821,0051,1635,1.0,4124,29F2,2A9C,int_hwn_chestB,No,,,,-,,-
1470,sports car,sports car (Red),,,Ike's RV,-,No,-,-,"4,000","3,200",-,-,3x2,No,No,No,,,,,,151,-,-,Fairy Tale / Toy Shop,red,yellow,-,modern,,No,Yes,1600,5,5,the theme color,1,-,-,-,,-,-,スポーツカー,auto deportivo,coche deportivo,voiture de sport,voiture de sport,Cabrio,auto sportiva,스포츠카,1470,0821,0113,0432,1732,1732,0222,0108,0852,1.4,16000,-,2FDA,rmk_car_spt,No,,,,,sports car,sports car
1471,sprinkler,sprinkler,,,Nooklings,B,Yes,"1,640",-,410,328,-,-,1x1,No,No,No,,,,,,151,mossy garden,Theme,-,yellow,yellow,-,sporty,,No,No,-,1,1,-,1,-,-,-,,-,-,スプリンクラー,aspersor,aspersor,arroseur,arroseur,Rasensprenger,irroratore,스프링쿨러,1471,0819,0102,0102,0065,0065,1184,0542,0855,1.0,1640,2A8B,2B35,int_gdn_sprinkler,No,,,,,,sprinkler
1472,sprout table,sprout table,,,DLC,-,Yes,"4,120",-,"1,030",824,-,Table,2x1,No,Yes,No,,,,,,300,-,-,Rustic,green,green,-,cute,,No,No,-,1,1,-,1,-,-,-,,-,-,ふたばテーブル,mesa brote,mesa brote,table germe,table germe,Keimlingtisch,tavolino germoglio,떡잎 테이블,1472,1352,0946,0945,1533,1533,0710,1468,0347,1.0,4120,2E11,2EBB,int_mon_03,Yes,,,,,sprout table,-
1473,square minitable,square minitable (Light wood),,,Huck's RV,-,No,-,-,400,320,-,Table,1x1,No,Yes,No,,,,,,151,-,-,-,beige,black,-,basic,,No,Yes,160,5,5,the countertop color,1,-,-,-,,-,-,しかくいミニテーブル,mesa restaurante,mesa restaurante,mini-table carrée,mini-table carrée,Holzbeistelltisch,tavolino quadrato,사각 미니 테이블,1473,0650,1022,1021,1092,1091,0610,1478,0713,1.4,1600,-,2F79,rmk_fod_tableS,No,,,,,square minitable,square minitable
1474,squid bumper,squid bumper (Yellow),,,Inkwell's RV,-,No,-,-,"3,000",-,-,-,1x1,No,No,No,,,,,,300,-,-,Toy Shop,yellow,gray,-,rock 'n' roll,,No,Yes,1200,8,8,the body color,1,-,-,-,,-,-,イカバンカー,calamar inflable,calamar hinchable,obstacle gonflable,obstacle gonflable,Aufblas-Tintenfisch,calamaro gonfiabile,오징어 범퍼,1474,0122,0294,0292,1131,1129,0074,0215,1025,1.4,12000,-,3047,rmk_spl_bunker,Yes,,,,,,-
1475,squid chair,squid chair,,,Chip,-,No,-,-,600,480,-,Seat,1x1,No,No,No,,,Sit,-,Sit,651,fish,Set,Toy Shop,white,white,-,cute,,No,No,-,1,1,-,1,-,-,-,,-,-,イカすチェア,silla calamar,silla calamar,chaise calmar,chaise calmar,Tintenfischstuhl,sedia calamaro,오징어 체어,1475,0121,1407,1406,0343,0342,1558,1188,1026,1.0,2400,2CE2,2D8C,int_fis_chairS,Yes,,,,,squid chair,-
1476,stack of books,stack of books (Western script),,,Dobie's RV,-,No,-,-,400,320,-,-,1x1,No,No,Yes,,,,,,151,-,-,-,colorful,colorful,-,basic,,No,Yes,160,3,3,the collection,1,-,-,-,,-,-,つまれたほん,pila de libros,pila de libros,pile de livres,pile de livres,Bücherstapel,pila di libri,쌓인 책,1476,0996,1203,1206,1231,1229,0194,0986,0907,1.4,1600,-,2EFF,rmk_oth_books,No,,,,stack of books,stack of books,stack of books
1477,stack of clothes,stack of clothes (Colorful shirts - Red shirt),,,Stella's RV,-,No,-,-,400,320,-,-,1x1,No,No,Yes,,,,,,151,-,-,-,red,red,-,basic,,No,Yes,160,16,4,the bottom clothing,4,the clothing on top,-,-,,-,-,ふくのやま,ropa planchada,ropa planchada,pile de vêtements,pile de vêtements,Hemdstapel,pila di vestiti,옷 더미,1477,1349,1368,1367,1234,1232,0567,0989,1037,1.4,1600,-,2F84,rmk_oth_foldcloth,No,,,,stack of clothes,stack of clothes,-
1478,stacked magazines,stacked magazines (Fashion),,,Candi's RV,-,No,-,-,400,320,-,-,1x1,No,No,Yes,,,,,,151,-,-,-,colorful,colorful,-,basic,,No,Yes,160,5,1,-,5,the front cover,-,-,,-,-,ざっしのたば,montón de revistas,montón de revistas,lot de magazines,lot de magazines,Magazinsammlung,raccolta di riviste,쌓인 잡지,1478,0633,1102,1101,1011,1009,0888,1058,0906,1.4,1600,-,2FAB,rmk_oth_magagine,No,,,,stacked magazines,stacked magazines,stacked magazines
1479,stadiometer,stadiometer,,,Nooklings,C,Yes,"1,680",-,420,336,-,-,1x1,No,No,No,,,,,,151,dr.'s office,Set,Sci-Fi,brown,brown,-,official,,No,No,-,1,1,-,1,-,-,-,,-,-,しんちょうけい,estadiómetro,estadiómetro,toise,toise,Stadiometer,misuratore altezza,신장 측정기,1479,0738,0573,0571,1650,1650,1451,0790,0884,1.0,1680,2AC9,2B73,int_hsp_stature,No,,,,stadiometer,,-
1480,stag-beetle chair,stag-beetle chair,,,Nat,-,No,-,-,450,360,-,Seat,1x1,No,No,No,,,Sit,-,Sit,651,insect,Set,Toy Shop,gray,gray,-,cute,,No,No,-,1,1,-,1,-,-,-,,-,-,クワガタチェア,silla esc. ciervo,silla esc. ciervo,chaise lucane,chaise lucane,Hirschkäferstuhl,sgabello coleottero,사슴벌레 체어,1480,0523,1432,1432,0372,0371,0601,1309,0724,1.0,1800,2CDA,2D84,int_isc_chairS_B,Yes,,,,,stag-beetle chair,-
1481,stained glass,stained glass (Modern - Modern),,,Nooklings,-,Yes,"1,200",-,300,240,-,-,2x1,Yes,No,No,,,,,,151,-,-,Fairy Tale,colorful,colorful,-,cute,,No,Yes,120,49,7,the exterior pattern,7,the interior pattern,-,-,,-,-,ステンドグラス,vidriera,vidriera,vitrail,vitrail,Buntglasscheibe,vetrata variopinta,스테인드글라스,1481,0791,1727,1725,1715,1715,0202,1718,0835,1.0,1200,2CC2,2D6C,rmk_oth_stainedglass,Yes,,,,,stained glass,-
1482,stained-glass lamp,stained-glass lamp (Colorful),,,Nooklings,A,Yes,"2,400",-,600,480,-,Light,1x1,No,No,Yes,,,Toggle,Light,Press,151,-,-,Antique,colorful,colorful,-,ornate,,No,Yes,240,4,4,the lamp shade,1,-,-,-,,-,-,ステンドグラスランプ,lámpara art nouveau,lámpara art nouveau,lampe vitrail,lampe vitrail,Buntglaslampe,lampada art nouveau,스테인드글라스 램프,1482,0792,0765,0765,0922,0920,0201,0572,0836,1.0,2400,2C61,2D0B,rmk_oth_glasslamp,Yes,,,,,stained-glass lamp,-
1483,stair dresser,stair dresser,,,Nooklings,A,Yes,"2,250",-,562,449,-,Dresser,2x1,No,No,No,,,Storage,Press,Press,151,zen,Set,Harmonious / Rustic,brown,brown,-,historical,,No,No,-,1,1,-,1,-,-,-,,-,-,かいだんだんす,cómoda escalera,cómoda escalera,commode escalier,commode escalier,Stufenschrank,mobile scala,계단식 정리함,1483,0303,0469,0467,0487,0486,1491,0798,0093,1.0,2250,2AF7,2BA1,int_oth_kaidan_chestA,No,,,,stair dresser,,stair dresser
1484,standing sink,standing sink,,,Paolo's RV,-,No,-,-,300,240,-,-,1x1,No,No,No,,,,,,151,-,-,-,white,white,-,basic,,No,No,-,1,1,-,1,-,-,-,,-,-,ウォッシュスタンド,lavabo tradicional,lavabo tradicional,lavabo chic,lavabo chic,Waschtisch,lavandino elegante,간이 세면대,1484,0146,0837,0838,0933,0931,1657,0646,0066,1.4,1200,-,2EE1,int_oth_retro_washstand,No,,,,,standing sink,standing sink
1485,standing spotlight,standing spotlight,,,Nooklings,C,Yes,"1,800",-,450,360,-,Light,1x1,No,No,No,,,Toggle,Light,Press,151,-,-,Trendy,black,yellow,-,official,,No,No,-,1,1,-,1,-,-,-,,-,-,スポットライトL,foco trípode,foco trípode,projecteur sur pied,projecteur sur pied,Standscheinwerfer,riflettore grande,스포트라이트 L,1485,0822,0652,0653,1327,1325,1456,1073,0853,1.0,1800,2C5F,2D09,int_sdo_lampL,Yes,,,,studio spotlight,standing spotlight,standing spotlight
1486,standing TV,standing TV (White),,,Boris's RV,-,No,-,-,"1,500","1,200",-,-,2x1,No,No,No,,,,,,151,-,-,Toy Shop,white,brown,-,modern,,No,Yes,600,4,4,the body color,1,-,-,-,,-,-,だいつきテレビ,tele con mueble,tele con mueble,ensemble TV & meuble,ensemble TV & meuble,Standfernseher,TV con piedistallo,TV와 TV 스탠드,1486,0863,1605,1604,0602,0599,1454,1656,0040,1.4,6000,-,304D,rmk_oth_color_tv,Yes,,,,,,-
1487,star globe,star globe,,,Nooklings,C,Yes,"2,400",-,600,480,-,-,1x1,No,No,Yes,,,,,,151,-,-,Sci-Fi,blue,gray,-,official,,No,No,-,1,1,-,1,-,-,-,,-,-,てんきゅうぎ,globo estelar,globo estelar,globe céleste,globe céleste,Himmelsglobus,mappamondo stellare,천구의,1487,1025,0679,0681,0726,0724,0600,0755,1235,1.0,2400,2C93,2D3D,int_std_celestial,Yes,,,,,star globe,star globe
1488,star projector,star projector,,,Nooklings,A,Yes,"2,400",-,600,480,-,-,2x2,No,No,No,,,,,,151,-,-,Sci-Fi,black,black,-,modern,,No,No,-,1,1,-,1,-,-,-,,-,-,プラネタリウム,proyector estrellas,proyector estrellas,projecteur d'étoiles,projecteur d'étoiles,Planetariumprojektor,cannocchiale stelle,플라네타륨,1488,1363,1247,1250,1326,1324,1116,0233,1582,1.0,2400,2C91,2D3B,int_oth_planetarium,Yes,,,,,star projector,star projector
1489,Statue of Liberty,Statue of Liberty,,,Gulliver,-,Yes,"1,200",-,300,240,-,-,1x1,No,No,No,,,,,,1051,-,-,-,gray,gray,-,iconic,,No,No,-,1,1,-,1,-,-,-,,-,-,じゆうのめがみ,estatua Libertad,estatua Libertad,statue de la Liberté,statue de la Liberté,Freiheitsstatue,Statua della Libertà,자유의 여신상,1489,0699,0602,0600,1452,1452,0419,1397,1132,1.0,1200,2DD6,2E80,int_jhn_liberty,Yes,,,,Statue of Liberty,Statue of Liberty,-
1490,steamed lobster,steamed lobster,,,Julia's RV,-,No,-,-,300,240,-,-,1x1,No,No,Yes,,,,,,151,-,-,-,red,white,-,basic,,No,No,-,1,1,-,1,-,-,-,,-,-,むしロブスター,langosta cocida,langosta cocida,homard cuit,homard cuit,Hummer-Teller,aragosta al vapore,바닷가재 요리,1490,1548,0828,0828,0772,0770,0625,0030,0563,1.4,1200,-,2FFC,int_oth_lobster,No,,,,,steamed lobster,steamed lobster
1491,steamed-bun case,steamed-bun case,,,Nintendo Zone,-,No,-,-,711,568,-,-,1x1,No,No,Yes,,,,,,300,-,-,Harmonious,white,red,-,modern,,No,No,-,1,1,-,1,-,-,-,,-,-,ちゅうかまんのケース,vitrina comida,vitrina comida,vitrine vapeur,vitrine vapeur,Snackvitrine,scaldavivande vapore,호빵 진열대,1491,0960,1732,1730,1729,1729,1418,1136,1682,1.0,2844,2C85,2D2F,int_oth_meatbun,Yes,,,,,steamed-bun case,-
1492,steamroller,steamroller,,,Nooklings,C,Yes,"4,500",-,"1,125",900,-,-,2x1,No,No,No,,,,,,151,construction,Theme,-,yellow,black,-,rock 'n' roll,,No,No,-,1,1,-,1,-,-,-,,-,-,スチームローラー,apisonadora,apisonadora,compacteur,compacteur,Dampfwalze,rullo compressore,스팀 롤러,1492,0789,0033,0033,0512,0511,0252,1095,0851,1.0,4500,2A6F,2B19,int_csx_roller,No,,,,steamroller,,-
1493,stepladder,stepladder,,,Nooklings,B,Yes,"1,200",-,300,240,-,-,1x1,No,No,No,,,,,,151,-,-,-,gray,gray,-,basic,,No,No,-,1,1,-,1,-,-,-,,-,-,きゃたつ,escalera plegable,escalera plegable,marchepied,marchepied,Stehleiter,scaletta,접이식 사다리,1493,0420,0549,0547,1052,1051,1464,1137,1178,1.0,1200,2C3F,2CE9,int_oth_stepladder,Yes,,,,stepladder,stepladder,stepladder
1494,stewpot,stewpot (Cream stew),,,Igloo Campers,-,Yes,960,-,240,192,-,-,1x1,No,No,Yes,,,,,,451,-,-,-,gray,beige,-,iconic,,No,Yes,96,4,4,the menu,1,-,-,-,,-,-,なべ,olla,olla,fait-tout,fait-tout,Suppentopf,pentolone,냄비,1494,1100,1137,1139,0651,0649,1501,0952,0212,1.0,960,2CAB,2D55,rmk_oth_saucepan,Yes,,,,stewpot,stewpot,stewpot
1495,sticker tape liner,sticker tape liner (Blue),,,DLC,-,Yes,"23,760",-,"5,940","4,752",-,-,1x1,No,No,No,,,,,,300,-,-,Trendy,blue,blue,-,basic,,No,Yes,2376,3,3,the body color,1,-,-,-,,-,-,ドットライナー,cinta correctora,cinta correctora,ruban correcteur,roller de colle,Korrekturroller,correttore a nastro,도트라이너,1495,1058,0425,0423,1371,1365,0790,0380,0303,1.0,23760,2E2A,2ED4,rmk_stt_line,Yes,,,,,sticker tape liner,-
1496,stone lantern,stone lantern,,,Toby's RV,-,No,-,-,"3,000",-,-,Light,1x1,No,No,No,,,Toggle,Light,Press,300,-,-,Fairy Tale / Toy Shop,gray,green,-,cute,,No,No,-,1,1,-,1,-,-,-,,-,-,けろけろけろっぴなあかり,farol jardín zen,farol jardín zen,lampe étang,lampe étang,Teich-Leuchte,lampada ranocchio,케로케로케로피 등,1496,0537,0622,0620,0886,0884,1544,0611,1348,1.4,12000,-,3074,int_kkk_lantern,Yes,,,,Kerokerokeroppi lantern,,-
1497,stool,stool,,,Nooklings,B,Yes,"1,360",-,340,272,-,Seat,1x1,No,No,No,,,Sit,-,Sit,151,-,-,-,red,red,-,modern,,No,No,-,1,1,-,1,-,-,-,,-,-,まるイス,taburete,taburete,tabouret,tabouret,Hocker,sgabello,둥근 의자,1497,1482,1557,1557,1583,1583,0603,1303,0330,1.0,1360,2B61,2C0B,int_oth_chairS,No,,,,,,stool
1498,storage case,storage case,,,Nooklings,B,Yes,980,-,245,196,-,Dresser,1x1,No,No,No,,,Storage,Press,Press,151,-,-,-,black,white,-,basic,,No,No,-,1,1,-,1,-,-,-,,-,-,しゅうのうケース,archivador,archivador,casier de rangement,casier de rangement,Aktenschrank,cassettiera,수납 케이스,1498,0698,0040,0040,0321,0320,0034,0272,0795,1.0,980,2BC3,2C6D,int_oth_people_chestA,No,,,,,,-
1499,store shelf,store shelf (White),,,Campground Shop,-,No,-,-,400,320,-,-,1x1,No,No,No,,,,,,151,-,-,-,white,colorful,-,official,,No,Yes,160,4,4,the body color,1,-,-,-,,-,-,しょうひんだな,estante alimentación,estante alimentación,rayon de magasin,rayon de magasin,Warenregal,scaffale da negozio,가게 선반,1499,0715,0577,0575,1350,1348,1645,1124,0048,1.4,1600,-,2FB2,rmk_shp_item,No,,,,store shelf,store shelf,store shelf
1500,storefront,storefront,,,Nooklings,C,Yes,"3,680",-,920,736,-,-,2x1,No,No,No,,,,,,151,western,Theme,Rustic,brown,brown,-,historical,,No,No,-,1,1,-,1,-,-,-,,-,-,せいぶのまちなみ,leñera,leñera,devanture,devanture,Fassade,tettoia west,서부의 거리,1500,0830,0848,0846,0564,0563,0367,1583,0757,1.0,3680,2A57,2B01,int_wst_storefront,No,,,,storefront,,storefront
1501,stove,stove,,,Nooklings,A,Yes,"1,980",-,495,396,-,-,1x1,No,No,No,,,,,,151,-,-,-,white,red,-,historical,,No,No,-,1,1,-,1,-,-,-,,-,-,ガスレンジ,cocina con horno,cocina con horno,cuisinière,cuisinière,Herd,fornello,가스렌지,1501,0322,0435,0435,0552,0551,0580,0473,0054,1.0,1980,2B78,2C22,int_oth_range,No,,,,,,stove
1502,strapped books,strapped books,,,Leopold's RV,-,No,-,-,300,240,-,-,1x1,No,No,Yes,,,,,,151,-,-,-,colorful,colorful,-,basic,,No,No,-,1,1,-,1,-,-,-,,-,-,ブックバンド,correa portalibros,correa portalibros,jeu livres sanglés,jeu livres sanglés,Bücherriemen,fascia portalibri,북 스트랩,1502,1357,0515,0513,0842,0840,0193,0441,0670,1.4,1200,-,2FF1,int_oth_bookband,No,,,,strapped books,strapped books,strapped books
1503,stretcher,stretcher,,,Raddle's RV,-,No,-,-,700,560,-,-,2x1,No,No,No,,,,,,151,-,-,-,blue,gray,-,basic,,No,No,-,1,1,-,1,-,-,-,,-,-,たんか,camilla ambulancia,camilla ambulancia,brancard,brancard,Trage,barella,들것,1503,0934,0357,0355,0209,0207,1574,0145,0342,1.4,2800,-,2F57,int_hsp_stretcher,No,,,,gurney,stretcher,-
1504,stripe bathroom sink,stripe bathroom sink (Blue stripe),,,Nooklings,C,Yes,"2,020",-,505,404,-,-,1x1,No,No,No,,,,,,151,stripe,Series,Trendy,aqua,white,-,modern,,No,Yes,202,6,6,the body color,1,-,-,-,,-,-,ストライプなせんめんだい,lavabo rayas,lavabo rayas,lavabo rayures,lavabo rayures,Streifenwaschbecken,lavabo strisce,스트라이프 세면대,1504,0797,0834,0835,0935,0933,1490,0636,0842,1.0,2020,2D64,2E0E,rmk_str_washstand,Yes,,,,,stripe bathroom sink,-
1505,stripe bed,stripe bed (Blue stripe - Blue stripe),,,Nooklings,C,Yes,"2,020",-,505,404,-,Bed,2x2,No,No,No,,,Sleep,-,Sleep,151,stripe,Series,Trendy,aqua,blue,-,modern,,No,Yes,202,36,6,the body color,6,the comforter,-,-,,-,-,ストライプなベッド,cama rayas,cama rayas,lit rayures,lit rayures,Streifenbett,letto strisce,스트라이프 침대,1505,0804,0343,0341,0992,0990,1478,0705,0848,1.0,2020,2D63,2E0D,rmk_str_bedW,Yes,,,,,stripe bed,stripe bed
1506,stripe chair,stripe chair (Blue stripe),,,Nooklings,C,Yes,"2,020",-,505,404,-,Seat,1x1,No,No,No,,,Sit,-,Sit,151,stripe,Series,Trendy,aqua,white,-,modern,,No,Yes,202,6,6,the body color,1,-,-,-,,-,-,ストライプなチェア,silla rayas,silla rayas,chaise rayures,chaise rayures,Streifenstuhl,sedia strisce,스트라이프 체어,1506,0800,1467,1467,0387,0386,1487,1247,0847,1.0,2020,2D65,2E0F,rmk_str_chairS,Yes,,,,,stripe chair,stripe chair
1507,stripe clock,stripe clock (Blue stripe),,,Nooklings,-,Yes,"2,020",-,505,404,-,Clock,2x1,Yes,No,No,,,,,,151,stripe,Series,Trendy,aqua,white,-,modern,,No,Yes,202,6,6,the body color,1,-,-,-,,-,-,ストライプなとけい,reloj rayas,reloj rayas,horloge rayures,horloge rayures,Streifenuhr,orologio strisce,스트라이프 시계,1507,0803,1337,1337,0823,0821,1489,0902,0845,1.0,2020,2D62,2E0C,rmk_str_clockN,Yes,,,,,stripe clock,-
1508,stripe closet,stripe closet (Blue stripe),,,Nooklings,C,Yes,"2,020",-,505,404,-,Closet,1x1,No,No,No,,,Storage,Press,Press,151,stripe,Series,Trendy,aqua,white,-,modern,,No,Yes,202,6,6,the body color,1,-,-,-,,-,-,ストライプなクロゼット,armario rayas,armario rayas,armoire rayures,armoire rayures,Streifenschrank,armadio strisce,스트라이프 옷장,1508,0795,0086,0086,0052,0052,1484,0083,0846,1.0,2020,2D5D,2E07,rmk_str_chestF,Yes,,,,,stripe closet,stripe closet
1509,stripe dresser,stripe dresser (Blue stripe),,,Nooklings,C,Yes,"2,020",-,505,404,-,Dresser,2x1,No,Yes,No,,,Storage,Press,Press,151,stripe,Series,Trendy,aqua,white,-,modern,,No,Yes,202,6,6,the stripes color,1,-,-,-,,-,-,ストライプなタンス,cómoda rayas,cómoda rayas,commode rayures,commode rayures,Streifenkommode,comò strisce,스트라이프 서랍장,1509,0799,0492,0490,0501,0500,1481,0350,0841,1.0,2020,2D5B,2E05,rmk_str_chestA,Yes,,,,,stripe dresser,-
1510,stripe lamp,stripe lamp (Blue stripe - Blue stripe),,,Nooklings,C,Yes,"2,020",-,505,404,-,Light,1x1,No,No,No,,,Toggle,Light,Press,151,stripe,Series,Trendy,aqua,blue,-,modern,,No,Yes,202,36,6,the body color,6,the lamp shade,-,-,,-,-,ストライプなランプ,lámpara rayas,lámpara rayas,lampe rayures,lampe rayures,Streifenlampe,lampada strisce,스트라이프 램프,1510,0805,0817,0817,0912,0910,1482,0615,0840,1.0,2020,2D5C,2E06,rmk_str_lamp,Yes,,,,,stripe lamp,stripe lamp
1511,stripe shelf,stripe shelf (Blue stripe),,,Nooklings,C,Yes,"2,020",-,505,404,-,-,2x1,No,Yes,No,,,,,,151,stripe,Series,Trendy,aqua,white,-,modern,,No,Yes,202,6,6,the body color,1,-,-,-,,-,-,ストライプなシェルフ,librería rayas,librería rayas,étagère rayures,étagère rayures,Streifenregal,libreria strisce,스트라이프 쉘프,1511,0796,0861,0859,0638,0635,1483,0724,0844,1.0,2020,2D61,2E0B,rmk_str_shelf,Yes,,,,,stripe shelf,stripe shelf
1512,stripe sofa,stripe sofa (Blue stripe),,,Nooklings,C,Yes,"2,020",-,505,404,-,Seat,2x1,No,No,No,,,Sit,-,Sit,151,stripe,Series,Trendy,aqua,white,-,modern,,No,Yes,202,6,6,the body color,1,-,-,-,,-,-,ストライプなソファ,sofá rayas,sofá rayas,canapé rayures,canapé rayures,Streifensofa,sofà strisce,스트라이프 소파,1512,0798,1520,1520,0301,0299,1485,1370,0843,1.0,2020,2D60,2E0A,rmk_str_chairL,Yes,,,,,stripe sofa,stripe sofa
1513,stripe table,stripe table (Blue stripe),,,Nooklings,C,Yes,"2,020",-,505,404,-,Table,2x1,No,Yes,No,,,,,,151,stripe,Series,Trendy,aqua,white,-,modern,,No,Yes,202,6,6,the body color,1,-,-,-,,-,-,ストライプなテーブル,mesa rayas,mesa rayas,table rayures,table rayures,Streifentisch,tavolo strisce,스트라이프 테이블,1513,0801,1019,1019,1559,1559,1488,1555,0849,1.0,2020,2D5F,2E09,rmk_str_tableM,Yes,,,,,stripe table,stripe table
1514,stripe TV,stripe TV (Blue stripe),,,Nooklings,C,Yes,"2,020",-,505,404,-,-,1x1,No,No,Yes,,,,,,151,stripe,Series,Trendy,aqua,white,-,modern,,No,Yes,202,6,6,the body color,1,-,-,-,,-,-,ストライプなテレビ,tele rayas,tele rayas,télé rayures,télé rayures,Streifenfernseher,TV strisce,스트라이프 TV,1514,0802,1624,1623,1629,1629,1479,1670,0839,1.0,2020,2D5E,2E08,rmk_str_tv,Yes,,,,,stripe TV,stripe TV
1515,striped cone,striped cone,,,Nooklings,D,Yes,800,-,200,160,-,-,1x1,No,No,No,,,,,,151,construction,Theme,-,yellow,black,-,rock 'n' roll,,No,No,-,1,1,-,1,-,-,-,,-,-,しましまパイロン,cono de rayas,cono de rayas,cône rayé,cône rayé,Streifenhütchen,cono a strisce,검정 라바콘,1515,0684,0503,0501,0521,0520,1480,0364,0086,1.0,800,2A71,2B1B,int_cst_stripesP,No,,,,cone,,striped cone
1516,stroller,stroller (Blue),,,Nooklings,A,Yes,"1,960",-,490,392,-,-,1x1,No,No,No,,,,,,151,nursery,Theme,Fairy Tale,aqua,white,-,cute,,No,Yes,196,2,2,the stroller color,1,-,-,-,,-,-,うばぐるま,cochecito,cochecito,landau,landau,Kinderwagen,carrozzina,유모차,1516,0159,0434,0434,0927,0925,0734,0253,1075,1.0,1960,2A8E,2B38,rmk_bab_buggy,No,,,,stroller,,-
1517,stuffed stocking,stuffed stocking,,,Nooklings,-,Yes,"1,200",-,300,240,-,-,1x1,No,No,Yes,,,,,,451,-,-,Toy Shop,aqua,colorful,-,cute,,No,No,-,1,1,-,1,-,-,-,,-,-,おかしいりブーツ,calcetín festivo,calcetín festivo,chaussette,chaussette,Festtagssocke,calza ripiena,과자 부츠,1517,0215,0297,0295,0424,0423,0391,0220,0118,1.0,1200,2C05,2CAF,int_oth_boots,No,,,,,,-
1518,succulent plant,succulent plant,,,Campground Shop,-,No,-,-,300,240,-,Plant,1x1,No,No,Yes,,,-,-,-,151,-,-,Rustic,green,gray,-,modern,,No,No,-,1,1,-,1,-,-,-,,-,-,たにくしょくぶつ,aloe pequeño,aloe pequeño,pot de succulentes,pot de succulentes,Sukkulente,pianta grassa,다육 식물,1518,0896,0019,0018,1301,1299,1492,0963,0254,1.4,1200,-,2F5F,int_cct_gather,No,,,,succulent plant,succulent plant,succulent plant
1519,sunflower,sunflower,,,Garden Shop,-,Yes,980,-,245,196,-,Plant,1x1,No,No,Yes,,,-,-,-,199,-,-,Rustic,yellow,green,-,basic,,No,No,-,1,1,-,1,-,-,-,,-,-,ひまわり,jarrón con girasoles,jarrón con girasoles,tournesol,tournesol,Sonnenblume,girasole,해바라기,1519,1308,0730,0731,1668,1668,1424,0520,1650,1.0,980,2B8D,2C37,int_oth_sunflower,No,,,,,,-
1520,sunflower stereo,sunflower stereo,,,Leif,-,No,-,-,620,-,-,Music Player,2x1,No,No,Yes,,,Music player,,Music,751,-,-,Rustic / Fairy Tale,orange,yellow,-,cute,,No,No,-,1,1,-,1,-,-,-,,-,-,ヒマワリのコンポ,radiocasete girasol,radiocasete girasol,hi-fi tournesol,hi-fi tournesol,Sonnenblumenanlage,stereo girasole,해바라기 오디오,1520,1309,1272,1275,0770,0768,1425,1417,1651,1.0,2480,2DEC,2E96,int_flo_audioM,Yes,,,,,sunflower stereo,-
1521,sunrise lamp,sunrise lamp,,,DLC,-,Yes,"4,040",-,"1,010",808,-,Light,1x1,Yes,No,No,,,Toggle,Light,Press,300,-,-,-,brown,orange,-,basic,,No,No,-,1,1,-,1,-,-,-,,-,-,はつひのでランプ,lámpara amanecer,lámpara amanecer,lampe aurore,lampe aurore,Neujahrs-Sonnenlampe,lampada alba,일출 램프,1521,1210,0764,0764,0871,0869,0988,0571,1126,1.0,4040,2E0F,2EB9,int_mon_01,Yes,,,,,sunrise lamp,-
1522,Super Mushroom,Super Mushroom,,,Fortune,-,No,-,-,210,-,-,-,1x1,No,No,Yes,,,,,,151,Mario,Theme,Toy Shop,orange,red,-,cute,,No,No,-,1,1,-,1,-,-,-,,-,-,スーパーキノコ,superchampiñón,superchampiñón,super champignon,super champignon,Superpilz,super fungo,슈퍼버섯,1522,0759,1535,1535,1466,1466,1499,1425,0808,1.0,840,2BDC,2C86,int_smb_mushroom,No,,,super mushroom,Super Mushroom,,Super Mushroom
1523,Super Sea Snail,Super Sea Snail,,,Inkwell's RV,-,No,-,-,"3,000",-,-,-,1x1,No,No,Yes,,,,,,300,-,-,Toy Shop,purple,aqua,-,rock 'n' roll,,No,No,-,1,1,-,1,-,-,-,,-,-,スーパーサザエ,supermolusco,supermolusco,super coquillage,super coquillage,Supermuschel,super mollusco,슈퍼 사자에,1523,0760,1538,1538,1467,1467,1498,1426,0807,1.4,12000,-,3043,int_spl_shell,Yes,,,,,,Super Sea Snail
1524,Super Star,Super Star,,,Fortune,-,No,-,-,210,-,-,-,1x1,No,No,Yes,,,,,,151,Mario,Theme,Toy Shop,yellow,yellow,-,cute,,No,No,-,1,1,-,1,-,-,-,,-,-,スーパースター,superestrella,superestrella,super étoile,super étoile,Superstern,super stella,슈퍼스타,1524,0761,1536,1536,1468,1468,1500,1427,0809,1.0,840,2BDE,2C88,int_smb_star,No,,,starman,Super Star,,Super Star
1525,super toilet,super toilet (Pink),,,Nooklings,B,Yes,"1,980",-,495,396,-,Seat,1x1,No,No,No,,,Sit,-,Sit,151,-,-,-,pink,pink,-,basic,,No,Yes,198,4,2,the coloring,1,-,2,Gold Nugget / Silver Nugget,,-,-,ウォッシュトイレ,superinodoro,superinodoro,super WC,super WC,Luxustoilette,water rosa,비데 변기,1525,0147,1537,1537,1469,1469,0886,1732,0693,1.0,1980,2B91,2C3B,rmk_oth_wc1,No,,,,-,,super toilet
1526,surfboard,surfboard (Stripe),,,Tent Campers,-,Yes,"1,400",-,350,280,-,-,1x1,No,No,No,,,,,,451,-,-,-,blue,aqua,-,sporty,,No,Yes,140,5,5,the body design,1,-,-,-,,-,-,サーフボード,tabla de surf,tabla de surf,planche de surf,planche de surf,Surfbrett,tavola da surf,서핑 보드,1526,0621,1548,1548,1243,1241,1502,1457,0761,1.0,1400,2B85,2C2F,rmk_isl_surfbord,No,,,,surfboard,,surfboard
1527,surveillance camera,surveillance camera,,,Nooklings,-,Yes,"1,800",-,450,360,-,-,1x1,Yes,No,No,,,,,,151,-,-,Trendy / Sci-Fi,gray,gray,-,basic,,No,No,-,1,1,-,1,-,-,-,,-,-,かんしカメラ,cámara de vigilancia,cámara de vigilancia,caméra surveillance,caméra surveillance,Überwachungskamera,telecamera sicurezza,감시 카메라,1527,0379,0356,0354,0272,0270,1595,1571,0070,1.0,1800,2CCE,2D78,int_oth_surveillance,Yes,,,,surveillance camera,surveillance camera,-
1528,sushi bench,sushi bench,,,Filly's RV,-,No,-,-,711,568,-,Seat,2x1,No,No,No,,,Sit,-,Sit,300,-,-,Toy Shop,black,colorful,-,iconic,,No,No,-,1,1,-,1,-,-,-,,-,-,えほうまきベンチ,banco rollo sushi,banco rollo sushi,banc maki,banc maki,Sushi-Bank,panca rotolo sushi,김밥 벤치,1528,0188,0134,0131,0109,0109,1503,0931,0169,1.4,2844,-,3028,int_cvn_chairL,No,,,,,sushi bench,-
1529,sushi container,sushi container,,,Campground Shop,-,No,-,-,300,240,-,-,1x1,No,No,Yes,,,,,,151,-,-,-,red,colorful,-,modern,,No,No,-,1,1,-,1,-,-,-,,-,-,すしおけ,bandeja de sushi,bandeja de sushi,sélection de sushis,sélection de sushis,Sushiplatte,piatto sushi deluxe,초밥 도시락,1529,0782,0142,0139,1401,1399,1507,0980,1256,1.4,1200,-,2F0B,int_oth_sushioke,No,,,,,sushi container,sushi container
1530,sushi menu,sushi menu (Wooden frame),,,Campground Shop,-,No,-,-,750,600,-,-,2x1,Yes,No,No,,,,,,151,-,-,-,brown,brown,-,basic,,No,Yes,300,3,3,the menu border,1,-,-,-,,-,-,かべかけメニュー,menú de pared,menú de pared,menu japonais,menu japonais,Holztafel,menu giapponese,초밥 메뉴,1530,0351,0938,0935,1064,1063,0617,0773,1257,1.4,3000,-,2FA5,rmk_fod_menu_wall,No,,,,,sushi menu,-
1531,sushi platter,sushi platter,,,Nooklings,D,Yes,"1,680",-,420,336,-,-,1x1,No,No,Yes,,,,,,151,-,-,Harmonious,brown,colorful,-,basic,,No,No,-,1,1,-,1,-,-,-,,-,-,ふなもり,plato de sushi,plato de sushi,plateau de sushis,plateau de sushis,Sushi-Boot,vassoio di sushi,생선회,1531,1359,1234,1235,1265,1263,1505,1706,0745,1.0,1680,2E1D,2EC7,int_oth_funamori,Yes,,,,,sushi platter,sushi platter
1532,sushi tray,sushi tray,,,Chip's RV,-,No,-,-,300,240,-,-,1x1,No,No,Yes,,,,,,151,-,-,-,brown,colorful,-,modern,,No,No,-,1,1,-,1,-,-,-,,-,-,すしげた,tabla de sushi,tabla de sushi,planche de sushis,planche de sushis,Sushibrett,vassoietto di sushi,초밥용 나무 접시,1532,0783,1549,1549,1244,1242,1506,1703,1258,1.4,1200,-,2EE5,int_oth_sushigeta,No,,,,,sushi tray,sushi tray
1533,sweets bed,sweets bed,,,GracieGrace,-,No,"80,000",-,"20,000",-,-,Bed,2x2,No,No,No,,,Sleep,-,Sleep,251,sweets,Series,Fairy Tale,white,beige,-,cute,,No,No,-,1,1,-,1,-,-,-,,-,-,おかしのベッド,cama chuches,cama chuches,lit bonbons,lit bonbons,Süßbett,letto dolci,딸기 케이크 침대,1533,0224,0307,0305,0958,0956,1509,0676,0346,1.0,80000,2A27,2AD1,int_swt_bedW,No,,,,-,,sweets bed
1534,sweets bookcase,sweets bookcase,,,GracieGrace,-,No,"90,000",-,"22,500",-,-,-,2x1,No,Yes,No,,,,,,251,sweets,Series,Fairy Tale,beige,beige,-,cute,,No,No,-,1,1,-,1,-,-,-,,-,-,おかしのほんだな,librería chuches,librería chuches,étagère bonbons,étagère bonbons,Süßregal,scansia dolci,웨하스 책장,1534,0225,0853,0851,0621,0618,1514,1138,1069,1.0,90000,2A2E,2AD8,int_swt_shelf,No,,,,,,-
1535,sweets chair,sweets chair,,,GracieGrace,-,No,"120,000",-,"30,000",-,-,Seat,1x1,No,No,No,,,Sit,-,Sit,251,sweets,Series,Fairy Tale,brown,beige,-,cute,,No,No,-,1,1,-,1,-,-,-,,-,-,おかしのイス,silla chuches,silla chuches,chaise bonbons,chaise bonbons,Süßstuhl,sedia dolci,쿠키 의자,1535,0217,1409,1408,0341,0340,1517,1205,1366,1.0,120000,2A2B,2AD5,int_swt_chairS,No,,,,,,-
1536,sweets closet,sweets closet,,,GracieGrace,-,No,"68,000",-,"17,000",-,-,Closet,1x1,No,No,No,,,Storage,Press,Press,251,sweets,Series,Fairy Tale,brown,beige,-,cute,,No,No,-,1,1,-,1,-,-,-,,-,-,おかしのクロゼット,armario chuches,armario chuches,armoire bonbons,armoire bonbons,Süßschrank,armadio dolci,초콜릿 옷장,1536,0218,0055,0055,0032,0032,1515,0060,1261,1.0,68000,2A29,2AD3,int_swt_chestC,No,,,,,,-
1537,sweets dresser,sweets dresser,,,GracieGrace,-,No,"220,000",-,"55,000",-,-,Dresser,2x1,No,No,No,,,Storage,Press,Press,251,sweets,Series,Fairy Tale,brown,beige,-,cute,,No,No,-,1,1,-,1,-,-,-,,-,-,おかしのタンス,cómoda chuches,cómoda chuches,commode bonbons,commode bonbons,Süßkommode,comò dolci,초콜릿 서랍장,1537,0221,0463,0461,0477,0476,1510,0327,1260,1.0,220000,2A28,2AD2,int_swt_chestA,No,,,,,,sweets dresser
1538,sweets lamp,sweets lamp,,,GracieGrace,-,No,"98,000",-,"24,500",-,-,Light,1x1,Yes,No,No,,,Toggle,Light,Press,251,sweets,Series,Fairy Tale,colorful,brown,-,cute,,No,No,-,1,1,-,1,-,-,-,,-,-,おかしのランプ,lámpara chuches,lámpara chuches,lampe bonbons,lampe bonbons,Süßlampe,lampada dolci,아이스크림 램프,1538,0228,0769,0769,0874,0872,1511,0586,0943,1.0,98000,2A2F,2AD9,int_swt_lamp,No,,,,,,-
1539,sweets minilamp,sweets minilamp,,,GracieGrace,-,No,"110,000",-,"27,500",-,-,Light,1x1,No,No,Yes,,,Toggle,Light,Press,251,sweets,Series,Fairy Tale,white,colorful,-,cute,,No,No,-,1,1,-,1,-,-,-,,-,-,おかしのミニランプ,foco chuches,foco chuches,petite lampe bonbons,petite lampe bonbons,Süßminilampe,lume dolci,젤리빈 미니 램프,1539,0227,0650,0651,1211,1209,1512,0730,1189,1.0,110000,2A30,2ADA,int_swt_mini_lamp,No,,,,,,sweets minilamp
1540,sweets minitable,sweets minitable,,,GracieGrace,-,No,"80,000",-,"20,000",-,-,Table,1x1,No,Yes,No,,,,,,251,sweets,Series,Fairy Tale,white,brown,-,cute,,No,No,-,1,1,-,1,-,-,-,,-,-,おかしのミニテーブル,mesita chuches,mesita chuches,petite table bonbons,petite table bonbons,Süßminitisch,tavolino dolci,푸딩 미니 테이블,1540,0226,1035,1034,1212,1210,1513,1463,1553,1.0,80000,2A2D,2AD7,int_swt_tableS,No,,,,,,-
1541,sweets player,sweets player,,,GracieGrace,-,No,"100,000",-,"25,000",-,-,Music Player,1x1,No,No,No,,,Music player,,Music,251,sweets,Series,Fairy Tale,pink,white,-,cute,,No,No,-,1,1,-,1,-,-,-,,-,-,おかしのプレーヤー,tocadiscos chuches,tocadiscos chuches,lecteur bonbons,lecteur bonbons,Süßanlage,giradischi dolci,마카롱 턴테이블,1541,0223,1651,1649,0942,0940,1508,0518,0446,1.0,100000,2A31,2ADB,int_swt_audioO,No,,,,,,-
1542,sweets sofa,sweets sofa,,,GracieGrace,-,No,"80,000",-,"20,000",-,-,Seat,2x1,No,No,No,,,Sit,-,Sit,251,sweets,Series,Fairy Tale,pink,beige,-,cute,,No,No,-,1,1,-,1,-,-,-,,-,-,おかしのソファ,sofá chuches,sofá chuches,canapé bonbons,canapé bonbons,Süßsofa,sofà dolci,롤 케이크 소파,1542,0220,1493,1493,0279,0277,1516,1345,0411,1.0,80000,2A2A,2AD4,int_swt_chairL,No,,,,,,sweets sofa
1543,sweets table,sweets table,,,GracieGrace,-,No,"240,000",-,"60,000",-,-,Table,2x1,No,Yes,No,,,,,,251,sweets,Series,Fairy Tale,brown,beige,-,cute,,No,No,-,1,1,-,1,-,-,-,,-,-,おかしのテーブル,mesa chuches,mesa chuches,table bonbons,table bonbons,Süßtisch,tavolo dolci,쿠키 테이블,1543,0222,0951,0951,1493,1493,1518,1510,1367,1.0,240000,2A2C,2AD6,int_swt_tableL,No,,,,,,sweets table
1544,swinging bench,swinging bench,,,Campground Shop,-,No,-,-,700,560,-,-,2x1,No,No,No,,,,,,151,-,-,Toy Shop,brown,brown,-,basic,,No,No,-,1,1,-,1,-,-,-,,-,-,ベンチブランコ,balancín de jardín,balancín de jardín,balancelle,balancelle,Schwingschaukel,dondolo,벤치 그네,1544,1403,0116,0114,0094,0094,1378,0426,0614,1.4,2800,-,2F27,int_oth_swing,No,,,,swinging bench,swinging bench,swinging bench
1545,sword,sword,,,Nooklings,A,Yes,"1,400",-,350,280,-,-,1x1,No,No,No,,,,,,151,-,-,Harmonious / Antique / Quirky,black,yellow,-,iconic,,No,No,-,1,1,-,1,-,-,-,,-,-,たち,espada,espada,épée,épée,Schwert,spada,도검,1545,0889,0561,0559,0604,0601,1376,1375,0293,1.0,1400,2AFB,2BA5,int_jpn_sword,No,,,,sword,,sword
1546,synthesizer,synthesizer,,,Sprocket's RV,-,No,-,-,900,720,-,Instrument,2x1,No,No,No,,,Press,-,Press,151,-,-,Toy Shop,black,white,-,modern,,No,No,-,1,1,-,1,-,-,-,,-,-,シンセサイザー,teclado electrónico,sintetizador,synthétiseur,synthétiseur,Synthesizer,sintetizzatore,신시사이저,1546,0736,1603,1486,1470,1470,1519,1326,0883,1.4,3600,-,2EE6,int_oth_synthesizer,No,,,,synthesizer,synthesizer,-
1547,table lamp,table lamp,,,Nooklings,D,Yes,640,-,160,128,-,Light,1x1,No,No,Yes,,,Toggle,Light,Press,151,-,-,Sci-Fi,aqua,white,-,basic,,No,No,-,1,1,-,1,-,-,-,,-,-,テーブルランプ,lámpara mesita,lámpara mesita,lampe de table,lampe de table,Tischlampe,lampada,테이블 램프,1547,1009,0798,0798,0883,0881,1561,0557,1423,1.0,640,2BD5,2C7F,int_oth_table_lamp,No,,,,table lamp,,table lamp
1548,table with cloth,table with cloth (White),,,Julia's RV,-,No,-,-,"1,200",960,-,Table,2x2,No,Yes,No,,,,,,151,-,-,-,white,white,-,official,,No,Yes,480,4,1,-,4,the tablecloth,-,-,,-,-,クロスつきテーブル,mesa con mantel,mesa con mantel,table nappée,table nappée,Tischdeckentisch,tavola con tovaglia,사각 테이블,1548,0519,0952,0952,1543,1543,1559,1454,0717,1.4,4800,-,2F2C,rmk_oth_cloth_tableL,No,,,,table with cloth,table with cloth,table with cloth
1549,tabletop game,tabletop game,,,Nooklings,A,Yes,"2,480",-,620,496,-,Table,1x1,No,Yes,No,,,,,,151,-,-,Toy Shop,black,brown,-,rock 'n' roll,,No,No,-,1,1,-,1,-,-,-,,-,-,テーブルきょうたい,juego espacial,juego espacial,table de jeux,table de jeux,Videospieltisch,gioco spaziale,문방구 오락기,1549,1007,0746,0746,1512,1512,1619,0513,0508,1.0,2480,2B60,2C0A,int_oth_game_tableS,No,,,,,,-
1550,tacos,tacos,,,Wendell's RV,-,No,-,-,300,240,-,-,1x1,No,No,Yes,,,,,,151,-,-,-,beige,white,-,basic,,No,No,-,1,1,-,1,-,-,-,,-,-,タコス,platillo de tacos,plato de tacos,plat de tacos,plat de tacos,Taco-Teller,piatto di tacos,타코스,1550,0884,1227,1236,1257,1255,1522,0977,1415,1.4,1200,-,2FDE,int_oth_taco,No,,,,,tacos,-
1551,taiko drum,taiko drum,,,Nooklings,C,Yes,"1,300",-,325,260,-,Instrument,1x1,No,No,No,,,Press,-,Press,151,-,-,Harmonious,brown,beige,-,iconic,,No,No,-,1,1,-,1,-,-,-,,-,-,わだいこ,tambor taiko,tambor taiko,tambour taiko,tambour taiko,Taiko-Trommel,tamburo taiko,북,1551,1736,1579,1579,1595,1595,1527,1436,0669,1.0,1300,2B46,2BF0,int_oth_jdrum,No,,,Japanese drum,-,,taiko drum
1552,tall cactus,tall cactus,,,Garden Shop,-,Yes,"1,700",-,425,340,-,Plant,1x1,No,No,No,,,-,-,-,199,cactus,Set,Rustic,green,brown,-,basic,,No,No,-,1,1,-,1,-,-,-,,-,-,たてながサボテン,cactus alto,cactus alto,grand cactus,grand cactus,Langkaktus,cactus alto,세로로 긴 선인장,1552,0893,0253,0251,0731,0729,0841,0211,0773,1.0,1700,2AE4,2B8E,int_cct_long,No,,,,,,tall cactus
1553,tall display case,tall display case (White pedestal - Rainbow),,,Museum Shop,-,Yes,"2,500",-,625,500,-,Table,2x1,No,No,No,,,,,,199,museum,Set,Trendy,white,aqua,-,official,,No,Yes,250,10,2,the pedestal,5,the painting,-,-,,-,-,たてながてんじケース,expositor de pared,expositor de pared,vitrine murale,vitrine murale,Wandvitrine,espositore grande,세로로 긴 전시 케이스,1553,0894,0610,0608,1725,1725,1643,0431,0774,1.0,2500,2C23,2CCD,rmk_mse_case02,Yes,,,,wide display case,tall display case,tall display case
1554,tall garden rock,tall garden rock,,,Campground Shop,-,No,-,-,900,720,-,-,1x1,No,No,No,,,,,,151,-,-,Harmonious / Rustic / Antique,gray,gray,-,historical,,No,No,-,1,1,-,1,-,-,-,,-,-,たかいにわいし,roca alta,roca alta,grand rocher jardin,grand rocher jardin,Gartenfels,pietra giardino alta,키가 큰 정원 돌,1554,0874,1364,1364,0732,0730,0447,0982,1405,1.4,3600,-,2FD1,int_jpn_rockB,No,,,,tall garden rock,tall garden rock,-
1555,tall lantern,tall lantern,,,Nooklings,B,Yes,"1,980",-,495,396,-,-,1x1,No,No,No,,,,,,151,zen garden,Set,Harmonious / Quirky,gray,gray,-,iconic,,No,No,-,1,1,-,1,-,-,-,,-,-,とうろう,farol alto,farol alto,lanterne haute,lanterne haute,Mega-Laterne,lanterna alta,석등,1555,1042,0619,0617,0930,0928,0910,0621,0762,1.0,1980,2B02,2BAC,int_jgd_lantern,No,,,,tall lantern,,-
1556,tall mini cactus,tall mini cactus,,,Garden Shop,-,Yes,800,-,200,160,-,Plant,1x1,No,No,Yes,,,-,-,-,199,cactus,Set,Rustic,green,brown,-,basic,,No,No,-,1,1,-,1,-,-,-,,-,-,ミニたてながサボテン,minicactus largo,minicactus largo,mini-cactus haut,mini-cactus haut,Mini-Langkaktus,mini cactus lungo,길쭉한 미니 선인장,1556,1536,1070,1069,1086,1085,0934,0783,0167,1.0,800,2CEB,2D95,int_cct_longS,Yes,,,,,tall mini cactus,tall mini cactus
1557,tangerine chair,tangerine chair (Orange),,,Nooklings,D,Yes,"1,300",-,325,260,-,Seat,1x1,No,No,No,,,Sit,-,Sit,151,citrus,Set,Rustic,orange,orange,-,cute,,No,Yes,130,6,6,the type of fruit,1,-,-,-,,-,-,シトラスなイス,silla mandarina,silla mandarina,chaise mandarine,chaise mandarine,Orangenstuhl,sedia mandarino,감귤 의자,1557,0675,1450,1450,0373,0372,1035,1225,0069,1.0,1300,2B13,2BBD,rmk_ctr_chairS,No,,,"orange chair, lime chair",-,,tangerine chair
1558,tape deck,tape deck,,,Nooklings,D,Yes,700,-,175,140,-,Music Player,1x1,No,No,Yes,,,Music player,,Music,151,-,-,-,gray,gray,-,historical,,No,No,-,1,1,-,1,-,-,-,,-,-,ラジカセ,radiocasete,radiocasete,cassettophone,cassettophone,Radiorekorder,radio,카세트라디오,1558,1620,1270,1273,0326,0325,1180,1061,1297,1.0,700,2BA4,2C4E,int_msc_deck,No,,,,tape deck,,-
1559,tapestry,tapestry,,,Gulliver,-,Yes,800,-,200,160,-,-,1x1,Yes,No,No,,,,,,1051,-,-,Antique,red,brown,-,iconic,,No,No,-,1,1,-,1,-,-,-,,-,-,タペストリー,tapiz,tapiz,tapisserie,tapisserie,Wandteppich,arazzo,태피스트리,1559,0905,1582,1582,1601,1601,1641,0031,1418,1.0,800,2C0E,2CB8,int_jhn_tapestry,Yes,,,,tapestry,tapestry,-
1560,tart,tart (Cheese tart),,,Olive's RV,-,No,-,-,400,320,-,-,1x1,No,No,Yes,,,,,,151,-,-,-,yellow,brown,-,basic,,No,Yes,160,6,6,the flavor,1,-,-,-,,-,-,タルト,tartaleta,tarta,tarte,tarte,Tarte,torta alla crema,타르트,1560,0929,1599,1594,1604,1604,1532,1617,1411,1.4,1600,-,2EF0,rmk_oth_tarte,No,,,,,tart,-
1561,tatami bed,tatami bed,,,Nooklings,D,Yes,"2,400",-,600,480,-,Bed,2x1,No,No,No,,,Sleep,-,Sleep,151,-,-,Harmonious,green,brown,-,iconic,,No,No,-,1,1,-,1,-,-,-,,-,-,たたみのベッド,cama tatami,cama tatami,lit tatami,lit tatami,Tatamibett,letto tatami,돗자리 침대,1561,0888,0348,0346,1001,0999,1535,0706,0306,1.0,2400,2C45,2CEF,int_jpn_bedS,Yes,,,,tatami bed,tatami bed,-
1562,Taurus bathtub,Taurus bathtub,,,DLC,-,Yes,"4,800",-,"1,200",960,-,-,2x1,No,No,No,,,,,,300,-,-,-,black,black,-,cute,,No,No,-,1,1,-,1,-,-,-,,-,-,タウラスのバスタブ,bañera Tauro,bañera Tauro,baignoire Taureau,baignoire Taureau,Stier-Badewanne,vasca da bagno Toro,황소자리 욕조,1562,0871,0155,0152,0087,0087,1472,1689,1724,1.0,4800,2E04,2EAE,int_sgn_Taurus,Yes,,,,Taurus bathtub,Taurus bathtub,Taurus bathtub
1563,tea set,tea set,,,Nooklings,C,Yes,300,-,75,60,-,-,1x1,No,No,Yes,,,,,,151,-,-,-,yellow,green,-,iconic,,No,No,-,1,1,-,1,-,-,-,,-,-,ティーセット,juego de té,juego de té,service à thé,service à thé,Tee-Service,set da tè,티 세트,1563,1000,0743,0744,1407,1405,1539,1290,1479,1.0,300,2B7A,2C24,int_oth_teaset,No,,,,tea set,,-
1564,tea table,tea table,,,Nooklings,A,Yes,"1,000",-,250,200,-,Table,1x1,No,Yes,No,,,,,,151,zen,Set,Harmonious,brown,brown,-,historical,,No,No,-,1,1,-,1,-,-,-,,-,-,ちゃぶだい,mesita,mesita,table à thé,table à thé,Teetischchen,tavolo da tè,낮은 밥상,1564,0955,1033,1032,1474,1474,1542,1504,0204,1.0,1000,2AEF,2B99,int_jpn_tableS,No,tea table,tea table,tea table,,,-
1565,tea tansu,tea tansu,,,Nooklings,C,Yes,"1,600",-,400,320,-,-,2x1,No,No,No,,,,,,151,zen,Set,Harmonious / Rustic,brown,brown,-,historical,,No,No,-,1,1,-,1,-,-,-,,-,-,ちゃだんす,tansu de té,tansu de té,meuble à thé,meuble à thé,Tansu-Teeschrank,tansu da tè,찻장,1565,0953,1580,1580,1071,1070,1531,1439,1229,1.0,1600,2AF3,2B9D,int_jpn_cupboard,No,,,,,,tea tansu
1566,tea vase,tea vase,,,Nooklings,C,Yes,"2,400",-,600,480,-,-,1x1,No,No,Yes,,,,,,151,vase,Set,Harmonious / Antique,beige,beige,-,historical,,No,No,-,1,1,-,1,-,-,-,,-,-,ちゃつぼ,jarrón ámbar,jarrón ámbar,pot à thé,pot à thé,Biedermeier-Vase,vaso verde,차 단지,1566,0954,0727,0728,1297,1295,0137,1702,1227,1.0,2400,2B0A,2BB4,int_jar_jar_broun,No,,,,,,tea vase
1567,teacher's chair,teacher's chair,,,Nooklings,D,Yes,"1,440",-,360,288,-,Seat,1x1,No,No,No,,,Sit,-,Sit,151,classroom,Set,Sci-Fi,gray,gray,-,official,,No,No,-,1,1,-,1,-,-,-,,-,-,せんせいのイス,silla profesor,silla profesor,chaise du maître,chaise du maître,Lehrerstuhl,sedia maestro,선생님 의자,1567,0841,1464,1464,0360,0359,0858,1224,0766,1.0,1440,2AB6,2B60,int_scx_chairS,No,,,,,,-
1568,teacher's desk,teacher's desk,,,Nooklings,C,Yes,"1,580",-,395,316,-,Table,2x1,No,Yes,No,,,,,,151,classroom,Set,Sci-Fi,brown,gray,-,official,,No,No,-,1,1,-,1,-,-,-,,-,-,せんせいのデスク,mesa profesor,mesa profesor,bureau du maître,bureau du maître,Lehrertisch,cattedra,선생님 책상,1568,0842,1017,1017,0234,0232,0859,0276,0767,1.0,1580,2AB5,2B5F,int_scx_tableM,No,,,,,,-
1569,telescope,telescope,,,Nooklings,B,Yes,"5,800",-,"1,450","1,160",-,-,1x1,No,No,No,,,,,,151,-,-,Sci-Fi / Toy Shop,white,black,-,sporty,,No,No,-,1,1,-,1,-,-,-,,-,-,ぼうえんきょう,telescopio,telescopio,télescope,télescope,Teleskop,telescopio,망원경,1569,1407,1632,1631,1639,1639,1550,1577,0452,1.0,5800,2BCC,2C76,int_oth_telescope,No,,,,telescope,,-
1570,Ten Billion Barrel,Ten Billion Barrel,,,Whiz ticket,-,No,-,-,256,204,-,-,1x1,No,No,Yes,,,,,,1051,-,-,Sci-Fi / Toy Shop,black,colorful,-,iconic,,No,No,-,1,1,-,1,-,-,-,,-,-,テンビリオン,Ten Billion Barrel,Ten Billion Barrel,Ten Billion Barrel,Ten Billion Barrel,Ten Billion Barrel,Ten Billion Barrel,텐빌리언,1570,1033,1635,1634,1642,1642,1551,1579,1426,1.0,1024,2DBA,2E64,int_oth_tenbillion,Yes,,,,,Ten Billion Barrel,-
1571,tennis racket,tennis racket (Red),,,Campground Shop,-,No,-,-,400,320,-,-,1x1,No,No,Yes,,,,,,151,-,-,-,red,red,-,sporty,,No,Yes,160,7,7,the body color,1,-,-,-,,-,-,テニスラケット,raqueta de tenis,raqueta de tenis,raquette de tennis,raquette de tennis,Tennisschläger,racchetta tennis,테니스 라켓,1571,1019,1275,1278,1345,1343,1552,1057,1420,1.4,1600,-,2F68,rmk_oth_tennis,No,,,,,tennis racket,-
1572,tennis table,tennis table,,,Nooklings,B,Yes,"1,800",-,450,360,-,-,2x1,No,No,No,,,,,,151,-,-,Toy Shop,green,green,-,sporty,,No,No,-,1,1,-,1,-,-,-,,-,-,たっきゅうだい,tenis de mesa,tenis de mesa,set tennis de table,set tennis de table,Tischtennisset,tav. tennis tavolo,탁구대,1572,0890,1637,1636,1412,1411,1566,1453,1416,1.0,1800,2B57,2C01,int_oth_takkyu,No,,,,tennis table,,-
1573,teppanyaki grill,teppanyaki grill (Yakisoba),,,Campground Shop,-,No,-,-,400,320,-,-,1x1,No,No,Yes,,,,,,151,-,-,-,gray,brown,-,basic,,No,Yes,160,4,4,the menu,1,-,-,-,,-,-,てっぱんやきき,plancha de cocina,plancha de cocina,plaque à teppanyaki,plaque à teppanyaki,Elektrogrill,piastra cottura,철판구이 그릴,1573,1018,1219,1223,1246,1244,0349,0967,1244,1.4,1600,-,2F9A,rmk_oth_griddles,No,,,,,teppanyaki grill,teppanyaki grill
1574,Termina's moon,Termina's moon,,,Epona's RV,-,No,-,-,"3,000",-,-,-,2x2,No,No,No,,,,,,300,-,-,Toy Shop,gray,gray,-,iconic,,No,No,-,1,1,-,1,-,-,-,,-,-,タルミナのつき,luna de Términa,luna de Términa,lune de Termina,lune de Termina,Termina-Mond,luna di Termina,테르미나의 달,1574,0932,0874,0870,1017,1015,1554,0732,1422,1.4,12000,-,3089,int_zld_moon,Yes,,,,,,-
1575,theater seat,theater seat (Red),,,Boris's RV,-,No,-,-,400,320,-,Seat,1x1,No,No,No,,,Sit,-,Sit,151,-,-,-,red,black,-,official,,No,Yes,160,7,7,the chair color,1,-,-,-,,-,-,ホールのイス,butaca cine,butaca cine,fauteuil hall,fauteuil hall,Kinositz,poltrona teatro,영화관 의자,1575,1415,0236,0234,0661,0659,0736,1015,1009,1.4,1600,-,2F97,rmk_oth_hallseat,No,,,,,theater seat,-
1576,theremin,theremin,,,Nooklings,B,Yes,"2,000",-,500,400,-,Instrument,1x1,No,No,No,,,Press,-,Press,151,-,-,Sci-Fi,brown,white,-,basic,,No,No,-,1,1,-,1,-,-,-,,-,-,テルミン,teremín,teremín,thérémine,thérémine,Theremin,theremin,테레민,1576,1021,1638,1638,1645,1645,1555,1584,1421,1.0,2000,2C48,2CF2,int_oth_theremin,Yes,,,,theremin,theremin,-
1577,thermohygrometer,thermohygrometer,,,Museum Shop,-,Yes,"1,500",-,375,300,-,-,1x1,No,No,Yes,,,,,,199,museum,Set,Sci-Fi,gray,white,-,official,,No,No,-,1,1,-,1,-,-,-,,-,-,おんしつどきろくけい,termohigrómetro,termohigrómetro,thermo-hygromètre,thermo-hygromètre,Hygrometer,termoigrometro,온습도 기록계,1577,0273,1641,1639,1646,1646,0630,1581,1035,1.0,1500,2C27,2CD1,int_mse_meter,Yes,,,,,thermohygrometer,-
1578,three lamp,three lamp (White),,,Spotlight,-,Yes,"3,000",-,750,600,-,Light,1x1,No,No,Yes,,,Toggle,Light,Press,351,-,-,Trendy,white,white,-,cute,,No,Yes,300,7,7,the number color,1,-,-,-,,-,-,3のランプ,lámpara tres,lámpara tres,lampe 3,lampe 3,„3“-Lampe,lampada a 3,3 램프,1578,0009,0824,0824,0859,0857,0005,0561,0008,1.0,3000,2DFC,2EA6,rmk_nmb_3,Yes,,,,,three lamp,-
1579,throne,throne (Red),,,Spotlight,-,Yes,"800,000",-,"200,000","160,000",-,Seat,1x1,No,No,No,,,Sit,-,Sit,351,-,-,Antique / Fairy Tale,red,yellow,-,historical,,No,Yes,80000,4,4,the seat color,1,-,-,-,,-,-,ぎょくざ,trono,trono,trône,trône,Thron,trono,옥좌,1579,0437,1702,1701,1678,1678,1556,1646,1034,1.0,800000,2BD6,2C80,rmk_oth_king_chairS,No,,,,throne,,-
1580,tiki torch,tiki torch,,,Nooklings,D,Yes,870,-,217,173,-,-,1x1,No,No,No,,,,,,151,mossy garden,Theme,Rustic,red,brown,-,sporty,,No,No,-,1,1,-,1,-,-,-,,-,-,たいまつ,antorcha,antorcha,flambeau,flambeau,Fackel,torcia,횃불,1580,0866,0026,0026,0697,0695,0362,1607,1725,1.0,870,2A8C,2B36,int_gdn_torch,No,,,,tiki torch,,tiki torch
1581,tile screen,tile screen (Blue),,,Saharah's RV,-,No,-,-,800,640,-,-,2x1,No,No,No,,,,,,151,-,-,-,blue,blue,-,basic,,No,Yes,320,2,2,the tile color,1,-,-,-,,-,-,タイルなスクリーン,mampara azulejos,mampara azulejos,paravent mosaïque,paravent mosaïque,Kacheltrennwand,separé in tessuto,타일 스크린,1581,0870,0892,0889,1189,1187,0654,1272,1413,1.4,3200,-,2FEF,rmk_oth_screen_tile,No,,,,,tile screen,tile screen
1582,time clock,time clock,,,Nooklings,D,Yes,"1,800",-,450,360,-,-,1x1,No,No,Yes,,,,,,151,-,-,Sci-Fi,white,black,-,modern,,No,No,-,1,1,-,1,-,-,-,,-,-,タイムレコーダー,reloj de fichar,reloj de fichar,pointeuse,pointeuse,Stechuhr,timbra cartellini,시간기록계,1582,0869,1302,1302,1276,1274,1461,1586,0862,1.0,1800,2C9C,2D46,int_ofc_timeclock,Yes,,,,,time clock,time clock
1583,timpano drum,timpano drum,,,Nooklings,D,Yes,"2,100",-,525,420,-,Instrument,1x1,No,No,No,,,Press,-,Press,151,drum,Set,-,beige,gray,-,basic,,No,No,-,1,1,-,1,-,-,-,,-,-,ティンパニ,timbal,timbal,timpano,timpano,Pauke,timpano,팀파니,1583,1006,1646,1644,1648,1648,1081,1588,1481,1.0,2100,2B3B,2BE5,int_pcs_tinpani,No,,,,timpani drums,,-
1584,tin watering can,tin watering can,,,Campground Shop,-,No,-,-,300,240,-,-,1x1,No,No,Yes,,,,,,151,-,-,-,aqua,aqua,-,historical,,No,No,-,1,1,-,1,-,-,-,,-,-,ブリキのジョウロ,regadera metálica,regadera metálica,arrosoir d'étain,arrosoir d'étain,Blechgießkanne,annaffiatoio latta,양철 물뿌리개,1584,1367,1281,1281,0066,0066,0148,0028,0973,1.4,1200,-,2F05,int_oth_joro,No,,,,,tin watering can,tin watering can
1585,tire stack,tire stack,,,Campground Shop,-,No,-,-,300,240,-,-,1x1,No,No,No,,,,,,151,-,-,-,black,black,-,sporty,,No,No,-,1,1,-,1,-,-,-,,-,-,つまれたタイヤ,pila de llantas,pila de neumáticos,pile de pneus,pile de pneus,Reifenstapel,pila di pneumatici,쌓인 타이어,1585,0995,1204,1207,1233,1231,1200,0987,0908,1.4,1200,-,2F6B,int_oth_tires,No,,,,tire stack,tire stack,tire stack
1586,toaster,toaster (Blank),,,Nooklings,D,Yes,720,-,180,144,-,-,1x1,No,No,Yes,,,,,,151,-,-,-,white,white,-,iconic,,No,Yes,72,4,4,the toast design,1,-,-,-,,-,-,トースター,tostadora,tostadora,grille-pain,grille-pain,Toaster,tostapane,토스터기,1586,1043,1680,1679,0742,0740,1568,1621,1429,1.0,720,2B7F,2C29,rmk_oth_toaster,No,,,,pop-up toaster,,toaster
1587,toilet,toilet (White),,,Nooklings,A,Yes,"1,800",-,450,360,-,Seat,1x1,No,No,No,,,Sit,-,Sit,151,-,-,-,white,white,-,basic,,No,Yes,180,4,2,the coloring,1,-,2,Gold Nugget / Silver Nugget,,-,-,ようしきトイレ,inodoro,inodoro,WC,WC,Toilette,water bianco,양변기,1587,1601,0722,0723,1734,1734,1569,1731,0971,1.0,1800,2B90,2C3A,rmk_oth_wc0,No,,,,toilet,,-
1588,tokonoma,tokonoma,,,Nooklings,C,Yes,"2,300",-,575,460,-,-,2x1,No,No,No,,,,,,151,-,-,Harmonious,brown,white,-,iconic,,No,No,-,1,1,-,1,-,-,-,,-,-,とこのま,papiro nipón,papiro nipón,alcôve,alcôve,Bildnische,tokonoma,족자 장식 벽,1588,1056,1170,1173,0008,0008,0141,1589,1192,1.0,2300,2C10,2CBA,int_oth_alcove,No,,,,tokonoma,,tokonoma
1589,tong-and-tray stand,tong-and-tray stand,,,Bea's RV,-,No,-,-,300,240,-,-,1x1,No,No,No,,,,,,151,-,-,-,brown,white,-,basic,,No,No,-,1,1,-,1,-,-,-,,-,-,トングトレーだい,puesto autoservicio,puesto autoservicio,buffet plateaux,buffet plateaux,Tablettausgabe,mobile da buffet,집게 트레이 스탠드,1589,1087,1257,1260,0223,0221,1520,0795,1226,1.4,1200,-,2F3F,int_oth_tongs,No,,,,,tong-and-tray stand,-
1590,tool cart,tool cart,,,Ike's RV,-,No,-,-,300,240,-,-,1x1,No,Yes,No,,,,,,151,-,-,-,red,gray,-,basic,,No,No,-,1,1,-,1,-,-,-,,-,-,ツールカート,carro herramientas,carro herramientas,servante d'atelier,servante d'atelier,Werkzeugwagen,carrello attrezzi,다용도 카트,1590,0988,0387,0387,1405,1403,1682,0243,0253,1.4,1200,-,2FC8,int_oth_toolcart,No,,,,tool cart,tool cart,-
1591,tool shelf,tool shelf,,,Ike's RV,-,No,-,-,700,560,-,-,2x1,No,No,No,,,,,,151,-,-,-,gray,brown,-,basic,,No,No,-,1,1,-,1,-,-,-,,-,-,こうぐだな,estantería metálica,estantería metálica,étagère à outils,étagère à outils,Werkzeugregal,scaffale attrezzi,공구 선반,1591,0557,0592,0590,0616,0613,1681,1122,0106,1.4,2800,-,2FF3,int_oth_toolshelf,No,,,,tool shelf,tool shelf,tool shelf
1592,tool stand,tool stand,,,Cyrus's RV,-,No,-,-,"3,000",-,-,-,2x1,No,No,No,,,,,,151,-,-,Toy Shop,beige,colorful,-,basic,,No,No,-,1,1,-,1,-,-,-,,-,-,ツールスタンド,equipo de carpintero,equipo de carpintero,meuble rangement R&R,meuble rangement R&R,Werkzeugaufbewahrung,mobile per attrezzi,도구 스탠드,1592,0989,0543,0541,1076,1075,1679,0796,0294,1.4,12000,-,30BF,int_rpc_workshelf,Yes,,,,,,-
1593,toolbox,toolbox (Red),,,Campground Shop,-,No,-,-,400,320,-,-,1x1,No,No,Yes,,,,,,151,-,-,-,red,red,-,basic,,No,Yes,160,4,4,the body color,1,-,-,-,,-,-,こうぐばこ,caja de herramientas,caja de herramientas,caisse à outils,caisse à outils,Werkzeugkasten,cassetta attrezzi,공구 상자,1593,0558,0279,0277,0263,0261,1680,0269,0105,1.4,1600,-,2EE7,rmk_oth_toolbox,No,,,,toolbox,toolbox,toolbox
1594,top,top,,,DLC,-,Yes,"2,000",-,500,400,-,-,1x1,No,No,Yes,,,,,,300,-,-,Harmonious,red,black,-,iconic,,No,No,-,1,1,-,1,-,-,-,,-,-,こま,perinola,perinola,toupie,toupie,Kreisel,trottola,팽이,1594,0597,1185,1188,1661,1661,0797,1647,1519,1.0,2000,2C0F,2CB9,int_oth_koma,No,,,,,,-
1595,towel basket,towel basket,,,Plucky's RV,-,No,-,-,300,240,-,-,1x1,No,No,Yes,,,,,,151,-,-,-,brown,white,-,basic,,No,No,-,1,1,-,1,-,-,-,,-,-,タオルのバスケット,cesta de toallas,cesta de toallas,panier à serviettes,panier à serviettes,Handtuchkorb,cestino asciugamani,수건 바구니,1595,0873,0418,0416,1155,1153,0546,0288,0793,1.4,1200,-,2EE8,int_oth_towelbasket,No,,,,,towel basket,towel basket
1596,towel rack,towel rack,,,Campground Shop,-,No,-,-,300,240,-,-,1x1,No,No,No,,,,,,151,-,-,-,gray,white,-,official,,No,No,-,1,1,-,1,-,-,-,,-,-,ぞうきんかけ,toallero plegable,toallero plegable,porte-serviettes,porte-serviettes,Handtuchständer,portasciugamani,수건 걸이,1596,0847,1648,1646,1294,1292,0547,1037,0792,1.4,1200,-,2F35,int_sch_dusterstand,No,,,,,towel rack,towel rack
1597,Tower of Pisa,Tower of Pisa,,,Spotlight,-,Yes,"9,200",-,"2,300","1,840",-,Model,1x1,No,No,No,,,-,,,351,-,-,Toy Shop,gray,gray,-,historical,,No,No,-,1,1,-,1,-,-,-,,-,-,ピサのしゃとう,Torre de Pisa,Torre de Pisa,Tour de Pise,Tour de Pise,Turm von Pisa,torre di Pisa,피사의 사탑,1597,1292,1675,1671,1664,1664,1592,1612,1588,1.0,9200,2B66,2C10,int_jhn_pisa,No,,,,Tower of Pisa,,Tower of Pisa
1598,toy camera,toy camera (Pink),,,Katie,-,No,-,-,240,192,-,-,1x1,No,No,Yes,,,,,,1280,-,-,Trendy / Toy Shop,pink,pink,-,cute,,No,Yes,96,8,8,the camera color,1,-,-,-,,-,-,トイカメラ,cámara de juguete,cámara de juguete,appareil photo jouet,appareil photo jouet,Spielzeugkamera,fotocamera finta,장난감 카메라,1598,1035,0353,0351,0015,0015,1437,0481,1148,1.0,960,2DBE,2E68,rmk_oth_toycamera,Yes,,,,,toy camera,toy camera
1599,toy piano,toy piano,,,Weber's RV,-,No,-,-,300,240,-,Instrument,1x1,No,No,Yes,,,Press,-,Press,151,-,-,Toy Shop,red,white,-,cute,,No,No,-,1,1,-,1,-,-,-,,-,-,トイピアノ,piano de juguete,piano de juguete,piano jouet,piano jouet,Spielzeugklavier,piano giocattolo,장난감 피아노,1599,1036,1191,1193,1219,1217,1438,0956,1149,1.4,1200,-,2ED6,int_bab_piano,No,,,,,toy piano,toy piano
1600,tractor,tractor (Red),,,Tad's RV,-,No,-,-,"1,400","1,120",-,-,2x2,No,No,No,,,,,,151,-,-,-,red,black,-,basic,,No,Yes,560,4,4,the body color,1,-,-,-,,-,-,トラクター,tractor,tractor,tracteur,tracteur,Traktor,trattore,트랙터,1600,1062,1685,1684,1670,1670,1575,1629,1463,1.4,5600,-,2EF6,rmk_gdn_tractor,No,,,,tractor,tractor,tractor
1601,traffic cone,traffic cone,,,Nooklings,B,Yes,800,-,200,160,-,-,1x1,No,No,No,,,,,,151,construction,Theme,-,red,red,-,rock 'n' roll,,No,No,-,1,1,-,1,-,-,-,,-,-,おもりつきパイロン,cono de tráfico,cono de tráfico,cône bicolore,cône bicolore,Verkehrshütchen,cono da traffico,적색 라바콘,1601,0268,0504,0502,0519,0518,1612,0366,1158,1.0,800,2A6C,2B16,int_cst_weightP,No,,,,cone,,traffic cone
1602,train seat,train seat (Red),,,Rover's RV,-,No,-,-,800,-,-,Seat,2x1,No,No,No,,,Sit,-,Sit,151,-,-,-,red,red,-,modern,,No,Yes,320,6,6,the seat color,1,-,-,-,,-,-,でんしゃのイス,asiento de tren,asiento de tren,banquette de train,banquette de train,U-Bahn-Bank,fila sedili treno,전철 의자,1602,1029,0100,0100,0119,0118,1594,0461,1173,1.4,3200,-,2EEC,rmk_oth_chair_tra,No,,,,transit seat,train seat,train seat
1603,train set,train set,,,Nooklings,D,Yes,"1,600",-,400,320,-,Model,2x2,No,No,No,,,-,,,151,nursery,Theme,Toy Shop,green,brown,-,cute,,No,No,-,1,1,-,1,-,-,-,,-,-,てつどうもけい,tren eléctrico,tren eléctrico,train miniature,train miniature,Modelleisenbahn,pista trenino,철도 모형,1603,1017,1689,1688,1671,1671,0951,0994,1239,1.0,1600,2A94,2B3E,int_bab_railroad,No,,,,train set,,train set
1604,tranquil bridge,tranquil bridge,,,Toby's RV,-,No,-,-,"3,000",-,-,-,2x2,No,No,No,,,,,,300,-,-,Fairy Tale / Toy Shop,red,green,-,cute,,No,No,-,1,1,-,1,-,-,-,,-,-,けろけろけろっぴなはし,puente jardín zen,puente jardín zen,pont étang,pont étang,Teich-Bogenbrücke,ponte ranocchio,케로케로케로피 다리,1604,0540,1256,1259,1280,1278,1543,1020,1347,1.4,12000,-,3075,int_kkk_garden,Yes,,,,Kerokerokeroppi bridge,,-
1605,trash bags,trash bags (White),,,Campground Shop,-,No,-,-,150,120,-,-,1x1,No,No,Yes,,,,,,151,-,-,-,white,white,-,basic,,No,Yes,60,3,3,the bag color,1,-,-,-,,-,-,ごみぶくろ,basura,basura,duo de sacs poubelle,duo de sacs poubelle,Müll,spazzatura,쓰레기봉투,1605,0599,0173,0170,0584,0583,0962,1380,0910,1.4,600,-,2F50,rmk_oth_garbagebag,No,,,,trash bags,trash bags,-
1606,trash bin,trash bin,,,Nooklings,C,Yes,400,-,100,80,-,-,1x1,No,No,No,,,,,,151,-,-,Quirky,red,blue,-,basic,,No,No,-,1,1,-,1,-,-,-,,-,-,ごみばこ,papelera con tapa,papelera con tapa,boîte à ordures,boîte à ordures,Mülleimer,pattumiera,휴지통,1606,0598,1167,1170,0161,0160,0963,0946,1737,1.0,400,2B4E,2BF8,int_oth_trash_d,No,,,,,,trash bin
1607,trash can,trash can,,,Nooklings,D,Yes,"1,400",-,350,280,-,-,1x1,No,No,No,,,,,,151,-,-,Quirky,aqua,gray,-,basic,,No,No,-,1,1,-,1,-,-,-,,-,-,くずかご,papelera,papelera,corbeille,corbeille,Abfalleimer,cestino rifiuti,쓰레기통,1607,0469,1166,1169,0534,0533,0016,0293,0911,1.0,1400,2B4B,2BF5,int_oth_trash_a,No,,,,,,-
1608,treadmill,treadmill,,,Nooklings,D,Yes,"2,400",-,600,480,-,-,2x1,No,No,No,,,,,,151,-,-,Sci-Fi,black,gray,-,sporty,,No,No,-,1,1,-,1,-,-,-,,-,-,ランニングマシーン,cinta de correr,cinta de correr,tapis roulant,tapis roulant,Laufband,tapis roulant,러닝 머신,1608,1641,0426,0424,1599,1599,0845,1440,0356,1.0,2400,2CF1,2D9B,int_fns_running,Yes,,,,treadmill,treadmill,treadmill
1609,treasure chest,treasure chest,,,Souvenir Shop,-,No,-,150,"1,875","1,500",93,-,1x1,No,No,Yes,,,,,,1200,-,-,Toy Shop,yellow,green,-,historical,,No,No,-,1,1,-,1,-,-,-,,-,-,たからばこ,cofre del tesoro,cofre del tesoro,coffre au trésor,coffre au trésor,Schatzkiste,cassa del tesoro,보물 상자,1609,0877,0442,0442,0440,0439,1304,0263,0640,1.0,7500,2B88,2C32,int_isl_treasurebox,No,,,,,,treasure chest
1610,tree standee,tree standee,,,Nooklings,D,Yes,"1,200",-,300,240,-,-,2x1,No,No,No,,,,,,151,-,-,-,green,brown,-,cute,,No,No,-,1,1,-,1,-,-,-,,-,-,ハリボテのき,árbol atrezo,árbol atrezo,arbre en carton,arbre en carton,Pappbaum,sagoma albero,연극용 나무,1610,1228,0035,0035,0018,0018,1066,1103,0995,1.0,1200,2D77,2E21,int_hrb_tree,Yes,,,,tree standee,tree standee,tree standee
1611,tree-stump chair,tree-stump chair,,,DLC,-,Yes,"4,480",-,"1,120",896,-,Seat,1x1,No,Yes,No,,,Sit,-,Sit,300,-,-,Rustic,beige,brown,-,cute,,No,No,-,1,1,-,1,-,-,-,,-,-,きりかぶのスツール,taburete tocón,taburete tocón,pouf tronc d'arbre,pouf tronc d'arbre,Baumstumpfstuhl,sgabello ceppo,그루터기 스툴,1611,0439,1574,1574,1312,1310,0131,1306,0143,1.0,4480,2E1A,2EC4,int_mon_12,Yes,,,,,tree-stump chair,tree-stump chair
1612,trellis,trellis (Blue flower),,,Boots's RV,-,No,-,-,800,640,-,Plant,2x1,No,No,No,,,-,-,-,151,-,-,-,blue,green,-,basic,,No,Yes,320,3,3,the flower color,1,-,-,-,,-,-,あさがおのカーテン,campanilla trepadora,campanilla trepadora,b.-de-jour grimpante,b.-de-jour grimpante,Zaunwinde,parete di campanule,나팔꽃 덩굴,1612,0084,0363,0361,0078,0078,1725,0943,0192,1.4,3200,-,2F10,rmk_oth_asagaoscreen,Yes,,,,,,-
1613,tribal mask,tribal mask,,,Gulliver,-,Yes,"4,400",-,"1,100",880,-,-,1x1,No,No,No,,,,,,1051,-,-,Antique / Quirky,brown,brown,-,iconic,,No,No,-,1,1,-,1,-,-,-,,-,-,まじないのかめん,máscara tribal,máscara tribal,masque tribal,masque tribal,Stammesmaske,maschera tribale,주술 가면,1613,1467,0930,0927,1057,1056,1453,0760,1202,1.0,4400,2D87,2E31,int_jhn_mask,No,,,,,,tribal mask
1614,tricycle,tricycle,,,Nooklings,D,Yes,"1,120",-,280,224,-,-,1x1,No,No,No,,,,,,151,-,-,-,orange,yellow,-,cute,,No,No,-,1,1,-,1,-,-,-,,-,-,さんりんしゃ,triciclo,triciclo,tricycle,tricycle,Dreirad,triciclo,세발자전거,1614,0645,1690,1689,1673,1673,0289,1632,0777,1.0,1120,2C42,2CEC,int_oth_tricycle,Yes,,,,tricycle,tricycle,tricycle
1615,Triforce,Triforce,,,Fortune,-,No,-,-,210,-,-,-,1x1,No,No,Yes,,,,,,151,Nintendo,Set,Toy Shop,yellow,yellow,-,historical,,No,No,-,1,1,-,1,-,-,-,,-,-,トライフォース,Trifuerza,Trifuerza,Triforce,Triforce,Triforce,Triforza,트라이포스,1615,1061,1691,1690,1674,1674,1582,1633,1462,1.0,840,2BEC,2C96,int_nin_force,No,,,,-,,-
1616,Triple Bananas,Triple Bananas,,,Fortune,-,No,-,-,210,-,-,-,2x1,No,No,Yes,,,,,,151,Nintendo,Set,Toy Shop,yellow,yellow,-,cute,,No,No,-,1,1,-,1,-,-,-,,-,-,トリプルバナナ,trío de plátanos,trío de plátanos,triple banane,triple banane,Dreier-Banane,tripla banana,트리플바나나,1616,1083,1696,1695,1675,1675,0288,1634,1477,1.0,840,2BE5,2C8F,int_nin_banana,No,,,banana,,,-
1617,Triple Red Shells,Triple Red Shells,,,Fortune,-,No,-,-,210,-,-,-,2x2,No,No,No,,,,,,151,Nintendo,Set,Toy Shop,red,red,-,cute,,No,No,-,1,1,-,1,-,-,-,,-,-,トリプルあかこうら,trío de cap. rojos,trío de cap. rojos,triple carapa. rouge,triple carapa. rouge,Rotpanzer-Set,triplo guscio rosso,트리플빨강등껍질,1617,1082,1695,1694,1676,1676,1256,1635,1478,1.0,840,2BE6,2C90,int_nin_redshell,No,,,triple shells,,,-
1618,trumpet,trumpet,,,Weber's RV,-,No,-,-,600,480,-,Instrument,1x1,No,No,No,,,Press,-,Press,151,-,-,Toy Shop,yellow,yellow,-,basic,,No,No,-,1,1,-,1,-,-,-,,-,-,トランペット,trompeta,trompeta,trompette,trompette,Trompete,tromba,트럼펫,1618,1079,1699,1698,1677,1677,1587,1645,1464,1.4,2400,-,2FA1,int_oth_trumpet,No,,,,trumpet,trumpet,-
1619,trunk,trunk (Brown),,,Nooklings,A,Yes,"1,000",-,250,200,-,-,1x1,No,No,Yes,,,,,,151,-,-,-,brown,brown,-,historical,,No,Yes,100,3,1,-,3,the trunk color,-,-,,-,-,トランク,maleta,maleta,malle,malle,Pappkoffer,valigia,트렁크,1619,1067,0884,0880,1036,1034,1070,1684,1476,1.0,1000,2C73,2D1D,rmk_oth_suitcaseM,Yes,,,,,trunk,trunk
1620,trunk measure,trunk measure,,,Nooklings,B,Yes,"1,680",-,420,336,-,Seat,1x1,No,No,No,,,Sit,-,Sit,151,dr.'s office,Set,Sci-Fi,brown,brown,-,official,,No,No,-,1,1,-,1,-,-,-,,-,-,ざこうけい,antropómetro,antropómetro,mesureur,mesureur,Rumpfmesser,misuratore torso,앉은키 측정기,1620,0629,0028,0028,1067,1066,1271,0791,0954,1.0,1680,2AC8,2B72,int_hsp_chairS,No,,,,,,trunk measure
1621,tteok plate,tteok plate,,,DLC,-,No,-,-,80,64,-,-,1x1,No,No,Yes,,,,,,300,-,-,Harmonious,red,brown,-,iconic,,No,No,-,1,1,-,1,-,-,-,,-,-,ごうかくきがんもち,surtido tteok,surtido tteok,plat de tteok,plat de tteok,Tteok-Schale,piatto di tteok,합격기원 찹쌀떡,1621,0548,1539,1539,1258,1256,1589,0978,1644,1.0,320,2C1B,2CC5,int_oth_mochi,No,,,,,,tteok plate
1622,tuk-tuk,tuk-tuk,,,Gulliver,-,Yes,"1,200",-,300,240,-,-,2x1,No,No,No,,,,,,1051,-,-,Harmonious,black,blue,-,iconic,,No,No,-,1,1,-,1,-,-,-,,-,-,トゥクトゥク,tuk tuk,tuk tuk,tuk-tuk,tuk-tuk,Auto-Rikscha,tuk tuk,투크투크,1622,1037,1704,1703,1689,1689,0081,1650,1448,1.0,1200,2DC0,2E6A,int_jhn_tukutuku,Yes,,,,,tuk-tuk,tuk-tuk
1623,tulip dresser,tulip dresser (Yellow),,,Leif,-,No,-,-,550,-,-,Dresser,1x1,No,No,No,,,Storage,Press,Press,751,-,-,Rustic / Fairy Tale,yellow,yellow,-,cute,,No,Yes,220,3,3,the flower color,1,-,-,-,,-,-,チューリップのチェスト,cómoda tulipán,cómoda tulipán,commode tulipe,commode tulipe,Tulpenkommode,armadio tulipano,튤립 수납장,1623,0965,0499,0497,0509,0508,1590,0085,1461,1.0,2200,2DED,2E97,rmk_flo_chestF,Yes,,,,,tulip dresser,-
1624,tumbleweed,tumbleweed,,,Nooklings,D,Yes,520,-,130,104,-,-,1x1,No,No,Yes,,,,,,151,western,Theme,Rustic,brown,brown,-,historical,,No,No,-,1,1,-,1,-,-,-,,-,-,ころがるくさ,hierba rodadora,hierba rodadora,boule de ronces,boule de ronces,Steppenläufer,cespuglio secco,둥글린 짚더미,1624,0606,0709,0710,0202,0200,1467,0285,0334,1.0,520,2A5A,2B04,int_wst_tumbleweed,No,,,,,,-
1625,turkey,turkey,,,DLC,-,No,-,-,750,600,-,-,1x1,No,No,Yes,,,,,,300,-,-,-,brown,brown,-,iconic,,No,No,-,1,1,-,1,-,-,-,,-,-,ターキー,pavo,pavo,dinde,dinde,Truthahn,tacchino,칠면조,1625,0857,1179,1182,0566,0565,1588,1432,1271,1.0,3000,2C3C,2CE6,int_oth_turkey,Yes,,,,,turkey,turkey
1626,turntable,turntable,,,Nooklings,A,Yes,"2,580",-,645,516,-,Music Player,1x1,No,No,No,,,Music player,,Music,151,-,-,Antique,brown,brown,-,historical,,No,No,-,1,1,-,1,-,-,-,,-,-,しかくいちくおんき,tocadiscos,tocadiscos,tourne-disque,tourne-disque,Kastengrammofon,giradischi,사각 축음기,1626,0649,1650,1648,1667,1667,0709,0516,0716,1.0,2580,2B9D,2C47,int_msc_recorderS,No,"t
urntable","t
urntable","t
urntable",,,-
1627,TV camera,TV camera,,,Nooklings,C,Yes,"5,600",-,"1,400","1,120",-,-,1x1,No,No,No,,,,,,151,-,-,Trendy / Sci-Fi,gray,gray,-,official,,No,No,-,1,1,-,1,-,-,-,,-,-,テレビカメラ,cámara de televisión,cámara de televisión,caméra de télévision,caméra de télévision,Fernsehkamera,telecamera da studio,TV 카메라,1627,1022,0354,0352,0270,0268,0380,1570,0039,1.0,5600,2CA7,2D51,int_std_tvcamera,Yes,,,,TV camera,TV camera,-
1628,TV with VCR,TV with VCR,,,Nooklings,B,Yes,"2,000",-,500,400,-,-,1x1,No,No,Yes,,,,,,151,-,-,Sci-Fi,gray,black,-,historical,,No,No,-,1,1,-,1,-,-,-,,-,-,ビデオつきテレビ,tele con vídeo,tele con vídeo,télé-magnéto,télé-magnéto,Videofernseher,TV con VCR,비디오 비전,1628,1304,1606,1605,1633,1633,1617,1657,0694,1.0,2000,2B71,2C1B,int_oth_video_tv,No,,TV with a VCR,TV with a VCR,TV with VCR,,TV with VCR
1629,twelve-grape plate,twelve-grape plate,,,Isabelle,-,No,-,-,120,-,-,-,1x1,No,No,Yes,,,,,,499,-,-,-,green,white,-,iconic,,No,No,-,1,1,-,1,-,-,-,,-,-,12つぶのぶどう,plato con doce uvas,plato con doce uvas,assiette de raisins,assiette de raisins,Traubenteller,piatto acini d'uva,포도알 12개,1629,0002,1230,1229,0071,0071,1577,0971,1540,1.0,480,2DCE,2E78,int_oth_grape,yes,,,,twelve-grape dish,twelve-grape plate,-
1630,two lamp,two lamp (White),,,Spotlight,-,Yes,"2,000",-,500,400,-,Light,1x1,No,No,Yes,,,Toggle,Light,Press,351,-,-,Trendy,white,white,-,cute,,No,Yes,200,7,7,the number color,1,-,-,-,,-,-,2のランプ,lámpara dos,lámpara dos,lampe 2,lampe 2,„2“-Lampe,lampada a 2,2 램프,1630,0005,0781,0781,0858,0856,0004,0560,0005,1.0,2000,2DFB,2EA5,rmk_nmb_2,Yes,,,,,two lamp,-
1631,typewriter,typewriter,,,Nooklings,D,Yes,"2,400",-,600,480,-,-,1x1,No,No,Yes,,,,,,151,-,-,-,black,white,-,historical,,No,No,-,1,1,-,1,-,-,-,,-,-,タイプライター,máquina de escribir,máquina de escribir,machine à écrire,machine à écrire,Schreibmaschine,macchina da scrivere,타자기,1631,0864,0911,0908,1024,1022,1358,0739,1414,1.0,2400,2D02,2DAC,int_oth_typewriter,Yes,,,,typewriter,typewriter,-
1632,udon soup,udon soup,,,Sylvana's RV,-,No,-,-,300,240,-,-,1x1,No,No,Yes,,,,,,151,-,-,-,white,red,-,basic,,No,No,-,1,1,-,1,-,-,-,,-,-,うどん,cuenco de udon,bol de udon,bol d'udon,bol d'udon,Udon-Suppe,scodella di udon,가락국수,1632,0158,0527,0208,0175,0173,1596,1155,0052,1.4,1200,-,2FF8,int_oth_udon,No,,,,,udon soup,-
1633,ukulele,ukulele,,,Souvenir Shop,-,No,-,30,375,300,18,Instrument,1x1,No,No,Yes,,,Press,-,Press,451,-,-,-,brown,brown,-,basic,,No,No,-,1,1,-,1,-,-,-,,-,-,ウクレレ,ukelele,ukelele,ukulélé,ukulélé,Ukulele,ukulele,우쿨렐레,1633,0149,1705,1704,1691,1691,1598,1674,1058,1.0,1500,2B43,2BED,int_isl_ukulele,No,,,,ukulele,,ukulele
1634,Ultra Hand,Ultra Hand,,,Crackle ticket,-,No,-,-,256,204,-,-,1x1,No,No,No,,,,,,1051,-,-,Sci-Fi / Toy Shop,blue,blue,-,iconic,,No,No,-,1,1,-,1,-,-,-,,-,-,ウルトラハンド,Ultra Hand,Ultra Hand,Ultra Hand,Ultra Hand,Ultra Hand,Ultra Hand,울트라 핸드,1634,0166,1706,1705,1692,1692,1599,1675,1063,1.0,1024,2DF4,2E9E,int_oth_ultrahand,Yes,,,,,Ultra Hand,-
1635,Ultra Machine,Ultra Machine,,,Pop ticket,-,No,-,-,256,204,-,-,1x1,No,No,Yes,,,,,,1051,-,-,Sci-Fi / Toy Shop,red,white,-,iconic,,No,No,-,1,1,-,1,-,-,-,,-,-,ウルトラマシーン,Ultra Machine,Ultra Machine,Ultra Machine,Ultra Machine,Ultra Machine,Ultra Machine,울트라 머신,1635,0167,1707,1706,1693,1693,1600,1676,1061,1.0,1024,2DF6,2EA0,int_oth_ultramachine,Yes,,,,,Ultra Machine,-
1636,Ultra Scope,Ultra Scope,,,Kaboom ticket,-,No,-,-,256,204,-,-,1x1,No,No,No,,,,,,1051,-,-,Sci-Fi / Toy Shop,white,white,-,iconic,,No,No,-,1,1,-,1,-,-,-,,-,-,ウルトラコープ,Ultra Scope,Ultra Scope,Ultra Scope,Ultra Scope,Ultra Scope,Ultra Scope,울트라 코프,1636,0165,1708,1707,1694,1694,1601,1677,1062,1.0,1024,2DF5,2E9F,int_oth_ultracope,Yes,,,,,Ultra Scope,-
1637,umbrella stand,umbrella stand,,,June's RV,-,No,-,-,300,240,-,-,1x1,No,No,No,,,,,,151,-,-,-,gray,black,-,official,,No,No,-,1,1,-,1,-,-,-,,-,-,フォーマルなかさたて,paragüero,paragüero,porte-parapluie chic,porte-parapluie chic,Schirmständer,portaombrelli,우산 꽂이,1637,1344,1172,1175,1290,1288,1313,1031,1049,1.4,1200,-,2F41,int_ofc_kasatate,No,,,,standard umbrella stand,umbrella stand,umbrella stand
1638,unicycle,unicycle (Red),,,Campground Shop,-,No,-,-,400,320,-,-,1x1,No,No,No,,,,,,151,-,-,Toy Shop,red,black,-,sporty,,No,Yes,160,3,3,the body color,1,-,-,-,,-,-,いちりんしゃ,uniciclo,monociclo,monocycle,monocycle,Einrad,monociclo,외바퀴 자전거,1638,0128,1709,1095,1108,1106,0326,0818,1039,1.4,1600,-,2F34,rmk_oth_unicycle,No,,,,,unicycle,-
1639,unknown machine,unknown machine,,,Spotlight,-,Yes,"4,800",-,"1,200",960,-,-,1x1,No,No,No,,,,,,351,mad scientist,Theme,Sci-Fi / Quirky,gray,gray,-,flashy,,No,No,-,1,1,-,1,-,-,-,,-,-,よくわからないキカイ,psicointerruptor,psicointerruptor,machine inconnue,machine inconnue,Energiemaschine,macchina ignota,잘 모르겠는 기계,1639,1611,1253,1256,1033,1031,0354,0741,1141,1.0,4800,2A9C,2B46,int_mad_mekaC,No,,,,unknown machine,,-
1640,upright piano,upright piano,,,Nooklings,A,Yes,"3,200",-,800,640,-,Instrument,2x1,No,No,No,,,Press,-,Press,151,-,-,-,black,red,-,basic,,No,No,-,1,1,-,1,-,-,-,,-,-,アップライトピアノ,piano de pared,piano de pared,piano droit,piano droit,Klavier,piano verticale,업라이트 피아노,1640,0098,1192,1194,1217,1215,0754,0958,0983,1.0,3200,2B45,2BEF,int_oth_piano_u,No,,,,upright piano,,upright piano
1641,upright vacuum,upright vacuum,,,Nooklings,B,Yes,"1,800",-,450,360,-,-,1x1,No,No,No,,,,,,151,-,-,Sci-Fi,blue,white,-,modern,,No,No,-,1,1,-,1,-,-,-,,-,-,スティックそうじき,aspiradora vertical,aspiradora vertical,aspirateur balai,aspirateur balai,Stabstaubsauger,aspirapol. verticale,스틱 청소기,1641,0790,0104,0104,0069,0069,1450,0095,0850,1.0,1800,2CB2,2D5C,int_oth_cleaner_stick,Yes,,,,upright vacuum,upright vacuum,-
1642,vacuum cleaner,vacuum cleaner,,,Nooklings,C,Yes,"1,200",-,300,240,-,-,1x1,No,No,No,,,,,,151,-,-,Sci-Fi,red,white,-,historical,,No,No,-,1,1,-,1,-,-,-,,-,-,そうじき,aspiradora,aspiradora,aspirateur,aspirateur,Staubsauger,aspirapolvere,청소기,1642,0848,0103,0103,0068,0068,1460,0096,1246,1.0,1200,2BC8,2C72,int_oth_cleaner,No,,,,vacuum cleaner,,vacuum cleaner
1643,vaulting horse,vaulting horse,,,Nooklings,A,Yes,"1,200",-,300,240,-,-,1x1,No,No,No,,,,,,151,-,-,-,brown,beige,-,sporty,,No,No,-,1,1,-,1,-,-,-,,-,-,とびばこ,plinto,plinto,cheval sautoir,cheval sautoir,Sprungkasten,cavallina,뜀틀,1643,1060,1236,1238,0430,0429,1446,0280,0349,1.0,1200,2AC1,2B6B,int_sch_baultingbox,No,,,,,,vaulting horse
1644,veggie basket,veggie basket,,,Isabelle,-,No,-,-,125,-,-,-,1x1,No,No,Yes,,,,,,499,-,-,-,colorful,brown,-,basic,,No,No,-,1,1,-,1,-,-,-,,-,-,やさいのバスケット,cesta verduras,cesta verduras,panier de légumes,panier de légumes,Gemüsekorb,cesto di verdure,채소 바구니,1644,1575,0420,0418,1157,1155,0469,0297,1231,1.0,500,2C07,2CB1,int_oth_vege_basket,No,,,,veggie basket,,veggie basket
1645,ventilation fan,ventilation fan,,,Nooklings,-,Yes,"1,120",-,280,224,-,-,1x1,Yes,No,No,,,,,,151,-,-,Sci-Fi,white,white,-,basic,,No,No,-,1,1,-,1,-,-,-,,-,-,かんきせん,extractor,extractor,aérateur,aérateur,Lüftungsventilator,ventola,환풍기,1645,0378,0617,0615,0003,0003,0873,1717,1711,1.0,1120,2CCB,2D75,int_oth_extractorfan,Yes,,,,ventilation fan,ventilation fan,-
1646,vibraphone,vibraphone,,,Nooklings,D,Yes,"1,900",-,475,380,-,Instrument,2x1,No,No,No,,,Press,-,Press,151,-,-,-,black,brown,-,modern,,No,No,-,1,1,-,1,-,-,-,,-,-,ヴィブラフォン,vibráfono,vibráfono,vibraphone,vibraphone,Vibrafon,vibrafono,비브라폰,1646,0141,1726,1724,1711,1711,1616,1724,0697,1.0,1900,2B47,2BF1,int_oth_vibraphone,No,,,,marimba,,vibraphone
1647,video camera,video camera,,,Murphy's RV,-,No,-,-,500,400,-,-,1x1,No,No,No,,,,,,151,-,-,-,black,black,-,modern,,No,No,-,1,1,-,1,-,-,-,,-,-,ビデオカメラ,cámara de video,cámara de vídeo,caméscope,caméscope,Videokamera,videocamera,비디오카메라,1647,1303,0355,0353,0273,0271,1618,1725,0695,1.4,2000,-,2FC1,int_oth_videocamera,No,,,,video camera,video camera,-
1648,villager statue,villager statue,,,Wisp's RV,-,No,-,-,"2,000",-,-,Doll,1x1,No,No,No,,,,,,151,-,-,Toy Shop,yellow,brown,-,historical,,No,No,-,1,1,-,1,-,-,-,,-,-,むらびとのぞう,estatua de aldeano,estatua de aldeano,statue de villageois,statue de villageois,Bewohnerstatue,statua abitante,마을 주민 동상,1648,1552,0600,0598,1454,1454,0136,1390,0437,1.4,8000,-,2F24,int_oth_murabito,No,,,,,villager statue,-
1649,vintage camera,vintage camera,,,Nooklings,C,Yes,"1,800",-,450,360,-,-,1x1,No,No,No,,,,,,151,-,-,Antique,brown,black,-,historical,,No,No,-,1,1,-,1,-,-,-,,-,-,レトロなカメラ,cámara de época,cámara de época,caméra d'époque,caméra d'époque,Retro-Kamera,fotocamera antica,복고풍 카메라,1649,1674,0352,0350,0271,0269,1210,0480,0652,1.0,1800,2C65,2D0F,int_sdo_camera,Yes,,,,,vintage camera,vintage camera
1650,vintage radio,vintage radio,,,Spotlight,-,Yes,"1,280",-,320,256,-,-,1x1,No,No,Yes,,,,,,351,-,-,Antique,brown,brown,-,historical,,No,No,-,1,1,-,1,-,-,-,,-,-,レトロなラジオ,radio de época,radio de época,radio d'époque,radio d'époque,Retro-Radio,radio vintage,복고풍 라디오,1650,1681,1268,1271,1337,1335,1213,1063,0647,1.0,1280,2DF8,2EA2,int_oth_radio,Yes,,,,antique radio,vintage radio,-
1651,vintage telephone,vintage telephone,,,Nooklings,B,Yes,"1,800",-,450,360,-,-,1x1,No,No,No,,,,,,151,-,-,Antique,brown,brown,-,historical,,No,No,-,1,1,-,1,-,-,-,,-,-,レトロなでんわ,teléfono antiguo,teléfono antiguo,téléphone d'époque,téléphone d'époque,Retro-Telefon,telefono antico,복고풍 전화기,1651,1679,1627,1626,1635,1635,1214,1572,0651,1.0,1800,2C53,2CFD,int_oth_retro_tel,Yes,,,,,vintage telephone,vintage telephone
1652,vintage telescope,vintage telescope,,,Pascal,-,No,-,-,470,376,-,-,1x1,No,No,No,,,,,,351,pirate ship,Theme,Antique,brown,yellow,-,historical,,No,No,-,1,1,-,1,-,-,-,,-,-,レトロなぼうえんきょう,telescopio de época,telescopio de época,télescope d'époque,télescope d'époque,Retro-Teleskop,telescopio antico,복고풍 망원경,1652,1680,1633,1632,1640,1640,1215,1578,0648,1.0,1880,2D91,2E3B,int_pir_telescope,Yes,,,,,vintage telescope,-
1653,violet screen,violet screen (Violet),,,Leif,-,No,-,-,595,-,-,-,2x1,No,No,No,,,,,,1251,-,-,Rustic / Fairy Tale,purple,purple,-,cute,,No,Yes,238,3,3,the flower color,1,-,-,-,,-,-,スミレのスクリーン,biombo violeta,biombo violeta,paravent violette,paravent violette,Veilchenraumteiler,separé violetta,제비꽃 파티션,1653,0824,0202,0199,1196,1194,1609,1278,1187,1.0,2380,2DEE,2E98,rmk_flo_screen,Yes,,,,,violet screen,violet screen
1654,violin,violin,,,Nooklings,B,Yes,"2,200",-,550,440,-,Instrument,1x1,No,No,No,,,Press,-,Press,151,string section,Set,-,brown,brown,-,basic,,No,No,-,1,1,-,1,-,-,-,,-,-,ビオラ,viola,viola,violon,violon,Geige,violino,비올라,1654,1286,1728,1726,1712,1712,0465,1727,0700,1.0,2200,2B3C,2BE6,int_vio_viola,No,,,,fancy violin,,violin
1655,Virgo harp,Virgo harp,,,DLC,-,Yes,"4,800",-,"1,200",960,-,Instrument,1x1,No,No,No,,,Press,-,Press,300,-,-,-,brown,brown,-,cute,,No,No,-,1,1,-,1,-,-,-,,-,-,ヴァルゴのハープ,arpa Virgo,arpa Virgo,harpe Vierge,harpe Vierge,Jungfrau-Harfe,arpa Vergine,처녀자리 하프,1655,0140,0095,0095,0757,0755,0652,0092,1234,1.0,4800,2E08,2EB2,int_sgn_Virgo,Yes,,,,Virgo harp,Virgo harp,-
1656,Virtual Boy,Virtual Boy,,,Fortune,-,No,-,-,210,-,-,-,1x1,No,No,Yes,,,,,,151,Nintendo,Set,Sci-Fi / Toy Shop,red,black,-,rock 'n' roll,,No,No,-,1,1,-,1,-,-,-,,-,-,バーチャルボーイ,Virtual Boy,Virtual Boy,Virtual Boy,Virtual Boy,Virtual Boy,Virtual Boy,버추얼 보이,1656,1129,1730,1728,1714,1714,1620,1729,0606,1.0,840,2CB5,2D5F,int_oth_virtualboy,Yes,,,,,Virtual Boy,Virtual Boy
1657,vision tester,vision tester,,,Nooklings,A,Yes,"2,280",-,570,456,-,-,1x1,No,No,No,,,,,,151,dr.'s office,Set,Sci-Fi,white,white,-,official,,No,No,-,1,1,-,1,-,-,-,,-,-,しりょくそくていき,lámina oculista,lámina oculista,test de vision,test de vision,Augentest,misuratore vista,시력 측정기,1657,0725,0762,0762,1643,1643,0076,0792,0871,1.0,2280,2AC7,2B71,int_hsp_eyesight,No,,,,,,vision tester
1658,volleyball net,volleyball net,,,Nooklings,B,Yes,"1,800",-,450,360,-,-,2x1,No,No,No,,,,,,151,-,-,-,black,gray,-,sporty,,No,No,-,1,1,-,1,-,-,-,,-,-,バレーのネット,red de voleibol,red de voleibol,filet de volleyball,filet de volleyball,Volleyballnetz,rete da pallavolo,배구 네트,1658,1244,1278,1280,0694,0692,1626,1072,0589,1.0,1800,2C4B,2CF5,int_sch_net,Yes,,,,volleyball net,volleyball net,-
1659,wagon wheel,wagon wheel,,,Nooklings,D,Yes,"1,230",-,307,245,-,-,1x1,No,No,No,,,,,,151,western,Theme,Rustic,brown,brown,-,historical,,No,No,-,1,1,-,1,-,-,-,,-,-,ばしゃのしゃりん,rueda carreta,rueda carreta,roue de chariot,roue de chariot,Wagenrad,ruota carro,마차 바퀴,1659,1190,1375,1374,1369,1368,1631,1096,0445,1.0,1230,2A5C,2B06,int_wst_wagonwheel,No,,,,,,-
1660,waiting-room bench,waiting-room bench (Yellow),,,June's RV,-,No,-,-,800,640,-,Seat,2x1,No,No,No,,,Sit,-,Sit,151,-,-,-,yellow,yellow,-,official,,No,Yes,320,6,6,the chair color,1,-,-,-,,-,-,まちあいしつのイス,banco sala de espera,banco sala de espera,banc salle d'attente,banc salle d'attente,Warteraum-Couch,divano sala d'attesa,대기실 의자,1660,1471,0135,0132,0114,0114,1648,0417,0280,1.4,3200,-,2F78,rmk_hsp_chairL,No,,,,,waiting-room bench,waiting-room bench
1661,wall fan,wall fan,,,Nooklings,-,Yes,"1,680",-,420,336,-,-,1x1,Yes,No,No,,,,,,151,-,-,-,white,aqua,-,historical,,No,No,-,1,1,-,1,-,-,-,,-,-,かべかけせんぷうき,ventilador de pared,ventilador de pared,ventilateur mural,ventilateur mural,Wandventilator,ventilatore a muro,벽걸이 선풍기,1661,0344,1725,1723,1707,1707,1642,1715,0622,1.0,1680,2CC7,2D71,int_oth_fan_wall,Yes,,,,wall fan,wall fan,-
1662,wall flowerpot,wall flowerpot,,,Nooklings,-,Yes,800,-,200,160,-,-,1x1,Yes,No,No,,,,,,151,-,-,Rustic,red,yellow,-,cute,,No,No,-,1,1,-,1,-,-,-,,-,-,かべかけフラワー,maceta pared,maceta pared,pot de fleurs mural,pot de fleurs mural,Wandgesteck,cestino fiori a muro,벽걸이 꽃장식,1662,0350,0878,0874,1299,1297,1636,0291,0619,1.0,800,2CC0,2D6A,int_oth_flower_wall,Yes,,,,,wall flowerpot,-
1663,wall-mounted monitor,wall-mounted monitor,,,Spotlight,-,Yes,"3,800",-,950,760,-,-,2x1,Yes,No,No,,,,,,351,sci-fi,Theme,Sci-Fi / Toy Shop,blue,white,-,modern,,No,No,-,1,1,-,1,-,-,-,,-,-,かべかけモニター,monitor de pared,monitor de pared,écran mural,écran mural,Wandmonitor,schermo da parete,벽걸이 모니터,1663,0352,1092,1092,0585,0584,1639,1150,0620,1.0,3800,2DA5,2E4F,int_sff_tv,Yes,,,,,wall-mounted monitor,-
1664,wall-mounted speaker,wall-mounted speaker,,,Nooklings,-,Yes,"1,600",-,400,320,-,-,1x1,Yes,No,No,,,,,,151,-,-,Trendy / Sci-Fi,black,white,-,rock 'n' roll,,No,No,-,1,1,-,1,-,-,-,,-,-,かべかけスピーカー,altavoz de pared,altavoz de pared,enceinte murale,enceinte murale,Lautsprecherbox,cassa audio a muro,벽걸이 스피커,1664,0343,0021,0021,0589,0588,0849,0262,0624,1.0,1600,2CD0,2D7A,int_oth_speaker_wall,Yes,,,,,wall-mounted speaker,-
1665,wall-mounted TV,wall-mounted TV,,,Resetti's RV,-,No,-,-,"1,150",920,-,-,2x1,Yes,No,No,,,,,,151,-,-,-,black,black,-,modern,,No,No,-,1,1,-,1,-,-,-,,-,-,かべかけテレビ,tele plana de pared,tele plana de pared,télé murale,télé murale,Wandfernseher,TV da parete,벽걸이 TV,1665,0346,1622,1621,1623,1623,1635,1659,0618,1.4,4600,-,2F81,int_oth_wall_tv,No,,,,wall-mounted TV (50 in.),wall-mounted TV,-
1666,warming buffet,warming buffet (Terrine),,,Julia's RV,-,No,-,-,700,560,-,-,1x1,No,No,Yes,,,,,,151,-,-,-,colorful,gray,-,official,,No,Yes,280,5,5,the menu,1,-,-,-,,-,-,ビュッフェ,bandeja de bufé,bandeja de bufé,buffet garni,buffet garni,Servierschale,contenitore buffet,뷔페 음식,1666,1310,0140,0137,0220,0218,1386,0370,0677,1.4,2800,-,3004,rmk_oth_buffet,No,,,,,warming buffet,warming buffet
1667,washbasin,washbasin,,,Nooklings,C,Yes,"1,200",-,300,240,-,-,1x1,No,No,No,,,,,,151,dr.'s office,Set,Sci-Fi,gray,gray,-,flashy,,No,No,-,1,1,-,1,-,-,-,,-,-,てあらい,pila hospital,pila hospital,bassine,bassine,Spültisch,bacinella,병원 세면대,1667,0998,1207,1210,0134,0133,1449,0114,0631,1.0,1200,2ACE,2B78,int_hsp_sterilizer,No,,,sink,,,washbasin
1668,wash station,wash station,,,Nooklings,B,Yes,"2,880",-,720,576,-,-,2x1,No,No,No,,,,,,151,spa,Theme,Harmonious,aqua,aqua,-,basic,,No,No,-,1,1,-,1,-,-,-,,washbasin,-,あらいば,pila terma,pila terma,lavabo,lavabo,Wascheinheit,lavabo,목욕탕 수돗가,1668,0106,1208,1211,0932,0930,1652,0635,0498,1.0,2880,2B09,2BB3,int_bth_lavatory,No,,,,,,-
1669,washer/dryer,washer/dryer,,,Nooklings,C,Yes,"1,800",-,450,360,-,-,1x1,No,No,No,,,,,,151,-,-,Sci-Fi,green,green,-,basic,,No,No,-,1,1,-,1,-,-,-,,-,-,にそうしきせんたくき,lavadora combi,lavadora combi,lave/sèche-linge,lave/sèche-linge,Wäschetrockner,asciugatrice,분리형 세탁기,1669,1105,0839,0840,0937,0935,1654,0094,0673,1.0,1800,2B97,2C41,int_oth_washingB,No,,,,,,-
1670,washing machine,washing machine,,,Nooklings,C,Yes,"2,800",-,700,560,-,-,1x1,No,No,No,,,,,,151,-,-,Sci-Fi,white,white,-,modern,,No,No,-,1,1,-,1,-,-,-,,-,-,ななめドラムせんたくき,lavadora moderna,lavadora moderna,machine à laver,machine à laver,Waschmaschine,lavatrice,기울어진 드럼 세탁기,1670,1098,0840,0841,1027,1025,1655,0652,0165,1.0,2800,2C80,2D2A,int_oth_washingD,Yes,,,,,washing machine,washing machine
1671,water bird,water bird,,,Nooklings,B,Yes,"1,400",-,350,280,-,-,1x1,No,No,Yes,,,,,,151,-,-,Toy Shop,colorful,colorful,-,cute,,No,No,-,1,1,-,1,-,-,-,,-,-,みずのみドリ,pájaro balancín,pájaro balancín,oiseau aquatique,oiseau aquatique,Trinkvogel,uccellino bevitore,물 먹는 새,1671,1508,1154,1155,1134,1132,1584,1673,0510,1.0,1400,2BCA,2C74,int_oth_mizunomi,No,,,,water bird,,water bird
1672,water cooler,water cooler,,,Nooklings,D,Yes,"2,200",-,550,440,-,-,1x1,No,No,No,,,,,,151,-,-,Trendy / Sci-Fi,white,aqua,-,basic,,No,No,-,1,1,-,1,-,-,-,,-,-,ウォーターサーバー,surtidor de agua,surtidor de agua,fontaine à eau,fontaine à eau,Wasserspender,distributore d'acqua,정수기,1672,0143,1541,1541,0702,0700,1664,0414,1180,1.0,2200,2CB1,2D5B,int_oth_waterserver,Yes,,,,water cooler,water cooler,water cooler
1673,water pot,water pot (Red),,,Campground Shop,-,No,-,-,400,320,-,-,1x1,No,No,Yes,,,,,,151,-,-,-,red,red,-,basic,,No,Yes,160,6,6,the body color,1,-,-,-,,-,-,みずさし,jarra termo,jarra termo,bouteille thermos,bouteille thermos,Wasserkrug,caraffa,물통,1673,1496,0726,0727,0208,0206,1661,0238,0525,1.4,1600,-,2F83,rmk_fod_jug,Yes,,,,,,water pot
1674,watering trough,watering trough,,,Nooklings,C,Yes,"1,100",-,275,220,-,-,2x1,No,No,No,,,,,,151,western,Theme,Rustic,brown,brown,-,historical,,No,No,-,1,1,-,1,-,-,-,,-,-,うまみずおけ,abrevadero,abrevadero,abreuvoir,abreuvoir,Tränke,abbeveratoio,말구유,1674,0161,0002,0002,0001,0001,1576,0001,0448,1.0,1100,2A59,2B03,int_wst_water,No,,,,,,watering trough
1675,watermelon,watermelon,,,Campground Shop,-,No,-,-,600,480,-,-,1x1,No,No,No,,,,,,151,-,-,-,green,red,-,basic,,No,No,-,1,1,-,1,-,-,-,,-,-,スイカ,sandía,sandía,pastèque,pastèque,Wassermelone,anguria,수박,1675,0753,1382,1381,1200,1198,1663,0027,0796,1.4,2400,-,2FFB,int_oth_watermelon,No,,,,,watermelon,-
1676,watermelon chair,watermelon chair (Red watermelon),,,Nooklings,C,Yes,"1,300",-,325,260,-,Seat,1x1,No,No,No,,,Sit,-,Sit,151,watermelon,Set,Rustic,red,green,-,cute,,No,Yes,130,3,3,the melon color,1,-,-,-,,-,-,スイカのイス,silla sandía,silla sandía,chaise pastèque,chaise pastèque,Melonensitz,sedia anguria,수박 의자,1676,0754,1471,1471,0381,0380,0912,1180,0797,1.0,1300,2B17,2BC1,rmk_wtm_chairS,No,,,"watermelon chair, melon chair",-,,-
1677,watermelon table,watermelon table (Red watermelon),,,Nooklings,A,Yes,"1,800",-,450,360,-,Table,2x2,No,Yes,No,,,,,,151,watermelon,Set,Rustic,red,green,-,cute,,No,Yes,180,3,3,the melon color,1,-,-,-,,-,-,スイカのテーブル,mesa sandía,mesa sandía,table pastèque,table pastèque,Melonentisch,tavolo anguria,수박 테이블,1677,0755,1026,1025,1551,1551,0913,1482,0798,1.0,1800,2B18,2BC2,rmk_wtm_tableL,No,,,,-,,-
1678,wave breaker,wave breaker,,,Souvenir Shop,-,No,-,35,437,349,21,-,2x2,No,No,No,,,,,,451,-,-,-,gray,gray,-,rock 'n' roll,,No,No,-,1,1,-,1,-,-,-,,-,-,しょうはブロック,rompeolas,rompeolas,brise-lames,brise-lames,Wellenbrecher,frangionde,방파제 블록,1678,0714,1367,1366,0211,0209,1675,0484,0586,1.0,1750,2B84,2C2E,int_isl_block,No,,,,wave breaker,,-
1679,wedding cake,wedding cake,,,GracieGrace,-,No,"60,000",-,"15,000",-,-,-,1x1,No,No,No,,,,,,299,-,-,Fairy Tale,pink,pink,-,cute,,No,No,-,1,1,-,1,-,-,-,,-,-,ウェディングケーキ,tarta nupcial,tarta nupcial,gâteau de mariage,gâteau de mariage,Hochzeitstorte,torta nuziale,웨딩 케이크,1679,0142,1598,1599,0722,0720,0602,1619,1067,1.0,60000,2C5A,2D04,int_oth_weddingcake,Yes,,,,wedding cake,wedding cake,-
1680,weeping fig,weeping fig,,,Garden Shop,-,Yes,"1,200",-,300,240,-,Plant,1x1,No,No,No,,,-,-,-,199,house plant,Set,Rustic,green,brown,-,basic,,No,No,-,1,1,-,1,-,-,-,,-,-,ベンジャミン,ficus benjamina,ficus benjamina,figuier pleureur,figuier pleureur,Birkenfeige,fico piangente,벤자민,1680,1402,0626,0626,0679,0677,0143,0446,0613,1.0,1200,2B38,2BE2,int_plt_benjamin,No,,,,,,weeping fig
1681,weight bench,weight bench,,,Nooklings,D,Yes,"3,590",-,897,717,-,-,2x1,No,No,No,,,,,,151,boxing,Theme,-,black,black,-,sporty,,No,No,-,1,1,-,1,-,-,-,,-,-,プレスベンチ,banco de pesas,banco de pesas,banc de muscu,banc de muscu,Hantelbank,panca con pesi,벤치프레스,1681,1385,0125,0122,0103,0103,0551,0920,0615,1.0,3590,2A7B,2B25,int_wrs_bedS,No,,,,weight bench,,weight bench
1682,well,well,,,Nooklings,D,Yes,"2,700",-,675,540,-,-,1x1,No,No,No,,,,,,151,western,Theme,Rustic / Quirky,brown,brown,-,historical,,No,No,-,1,1,-,1,-,-,-,,-,-,いど,pozo,pozo,puits,puits,Brunnen,pozzo,우물,1682,0131,1245,1248,1328,1326,0191,1046,1048,1.0,2700,2A5B,2B05,int_wst_well,No,,,well,,,well
1683,Wendell's painting,Wendell's painting,,,Wendell's RV,-,No,-,-,"3,000",-,-,-,1x1,No,No,No,,,,,,151,-,-,Toy Shop,colorful,brown,-,iconic,,No,No,-,1,1,-,1,-,-,-,,-,-,セイイチのかいが,cuadro de Da Morsi,cuadro de Da Morsi,tableau de Morsicus,tableau de Morsicus,Winci-Gemälde,dipinto di Van Trik,고파유 그림,1683,0827,0518,0516,1574,1574,1705,0405,0102,1.4,12000,-,30CA,int_wrl_easel,Yes,,,,,,-
1684,western fence,western fence,,,Nooklings,B,Yes,880,-,220,176,-,-,1x1,No,No,No,,,,,,151,western,Theme,Rustic,brown,brown,-,historical,,No,No,-,1,1,-,1,-,-,-,,-,-,うまつなぎぼう,valla,valla,barrière western,barrière western,Wildwest-Zaun,steccato west,웨스턴 말뚝,1684,0160,1713,1711,0131,0130,1703,1407,1068,1.0,880,2A55,2AFF,int_wst_fence,No,,,,-,,-
1685,wet-road sign,wet-road sign (Slippery when wet),,,Nooklings,C,Yes,850,-,212,169,-,-,1x1,No,No,No,,,,,,151,construction,Theme,-,yellow,black,-,rock 'n' roll,,No,Yes,85,8,8,the sign type,1,-,-,-,,-,-,けいこくひょうしき,señal suelo mojado,señal suelo mojado,pan. chau. glissante,pan. chau. glissante,Warnschild,segnale pericolo,경고 표지판,1685,0526,1394,1393,1154,1152,1647,1257,0092,1.0,850,2A6E,2B18,rmk_csx_warning,No,,,,-,,wet-road sign
1686,wheat bundle,wheat bundle,,,Isabelle,-,No,-,-,125,-,-,-,1x1,No,No,No,,,,,,499,-,-,Rustic,brown,brown,-,iconic,,No,No,-,1,1,-,1,-,-,-,,-,-,ムギのたば,haz de trigo,haz de trigo,botte de blé,botte de blé,Weizenbündel,fascina,보리 다발,1686,1545,0700,0703,0190,0188,1673,0442,0637,1.0,500,2C03,2CAD,int_oth_malt,No,,,wheat bundle,,,wheat bundle
1687,wheat field,wheat field,,,Nooklings,D,Yes,380,-,95,76,-,-,1x1,No,No,No,,,,,,151,-,-,Rustic,yellow,yellow,-,basic,,No,No,-,1,1,-,1,-,-,-,,-,-,むぎばたけ,trigal,trigal,champ de blé,champ de blé,Weizenfeld,campo di grano,보리밭,1687,1546,1692,1691,0398,0397,1674,0226,0638,1.0,380,2BBD,2C67,int_oth_maltfield,No,,,wheat field,wheat field,,-
1688,whirlpool bath,whirlpool bath (No flowers),,,Souvenir Shop,-,No,-,70,875,700,43,-,2x2,No,No,No,,,,,,451,-,-,Trendy / Sci-Fi,white,aqua,-,ornate,,No,Yes,350,2,2,the water,1,-,-,-,,-,-,ジャグジー,bañera hidromasaje,bañera hidromasaje,bain à remous,bain à remous,Whirlpool,vasca idromassaggio,자쿠지 욕조,1688,0687,0154,0151,0088,0088,1695,1690,1135,1.0,3500,2C96,2D40,rmk_oth_jacuzzi,Yes,,,,whirlpool bath,whirlpool bath,whirlpool bath
1689,white festive tree,white festive tree,,,DLC,-,No,-,-,"1,225",-,-,-,2x2,No,No,No,,,,,,151,-,-,Toy Shop,white,white,-,iconic,,No,No,-,1,1,-,1,-,-,-,,-,-,しろいクリスマスツリー,árbol festivo nevado,árbol festivo nevado,sapin enneigé,sapin enneigé,Schneetannenbaum,albero feste bianco,하얀 크리스마스트리,1689,0727,0037,0037,1385,1383,1351,0007,1613,1.4,4900,-,30B5,int_oth_Xmas_W,Yes,,,,big festive tree,,-
1690,white katana,white katana,,,Nooklings,A,Yes,"36,800",-,"9,200","7,360",-,-,2x1,No,No,Yes,,,,,,151,-,-,Harmonious / Antique / Quirky,white,white,-,iconic,,No,No,-,1,1,-,1,-,-,-,,-,-,しろいにほんとう,katana blanca,katana blanca,katana blanc,katana blanc,Sonnenkatana,katana bianca,흰색 장검,1690,0729,0753,0753,0850,0848,1426,0548,1741,1.0,36800,2AFF,2BA9,int_jpn_swordW,No,,,,,,white katana
1691,white office desk,white office desk (White),,,Cleo's RV,-,No,-,-,800,640,-,Table,2x1,No,Yes,No,,,,,,151,-,-,-,white,white,-,official,,No,Yes,320,3,3,the body color,1,-,-,-,,-,-,オフィスのつくえ,escritorio oficina,escritorio oficina,bureau pro courbe,bureau pro courbe,Schreibtisch,scrivania ufficio,화이트 오피스 책상,1691,0252,0554,0552,0238,0236,1359,1170,1707,1.4,3200,-,2FB8,rmk_ofc_tableM,No,,,,,white office desk,white office desk
1692,white pot,white pot (Zigzag),,,Nooklings,B,Yes,"1,200",-,300,240,-,-,1x1,No,No,Yes,,,,,,151,-,-,-,white,white,-,basic,,No,Yes,120,4,4,the design,1,-,-,-,,-,-,しろいかめ,olla blanca,olla blanca,pot blanc,pot blanc,Weißtopf,vaso bianco,하얀 항아리,1692,0726,1138,1140,1298,1296,1672,1692,1614,1.0,1200,2C0D,2CB7,rmk_oth_kameW,No,F,,,,,-
1693,whiteboard,whiteboard (Blank),,,Nooklings,D,Yes,"1,800",-,450,360,-,-,2x1,No,No,No,,,,,,151,-,-,Sci-Fi,white,gray,-,official,,No,Yes,180,4,4,the marker writing,1,-,-,-,,-,-,ホワイトボード,pizarra blanca,pizarra blanca,tableau blanc,tableau blanc,Whiteboard,lavagna bianca,화이트보드,1693,1441,1214,1218,1573,1573,1696,0638,1708,1.0,1800,2C94,2D3E,rmk_ofc_whiteboard,Yes,,,,whiteboard,whiteboard,-
1694,wide-screen TV,wide-screen TV,,,Nooklings,C,Yes,"2,200",-,550,440,-,-,2x1,No,No,No,,,,,,151,-,-,Sci-Fi,black,brown,-,modern,,No,No,-,1,1,-,1,-,-,-,,-,-,32がたワイドテレビ,tele panorámica,tele panorámica,télé 16/9,télé 16/9,Großbild-Fernseher,TV 16:9,32인치 와이드TV,1694,0006,1618,1617,1613,1613,0529,1652,0009,1.0,2200,2B72,2C1C,int_oth_wide_tv,No,,,,,,wide-screen TV
1695,Wii Balance Board,Wii Balance Board,,,Fortune,-,No,-,-,210,-,-,-,1x1,No,No,No,,,,,,151,Nintendo,Set,Trendy / Toy Shop,white,white,-,sporty,,No,No,-,1,1,-,1,-,-,-,,-,-,バランスWiiボード,Wii Balance Board,Wii Balance Board,Wii Balance Board,Wii Balance Board,Wii Balance Board,Wii Balance Board,Wii 보드 밸런스 시스템,1695,1222,1740,1738,1735,1735,1698,1733,0045,1.0,840,2DD1,2E7B,int_nin_balance,Yes,,,,,Wii Balance Board,Wii Balance Board
1696,Wii Remote cabinet,Wii Remote cabinet,,,Wisp's RV,-,No,-,-,"3,000",-,-,Dresser,1x1,No,No,No,,,Storage,Press,Press,151,-,-,Toy Shop,white,white,-,historical,,No,No,-,1,1,-,1,-,-,-,,-,-,Wiiリモコンタンス,armario mando de Wii,armario mando de Wii,placard Wii Remote,placard télécom. Wii,Wii-FB-Hochschrank,arm. telecomando Wii,Wii 리모컨 캐비닛,1696,0041,0074,0074,1240,1238,1702,0043,0044,1.4,12000,-,3095,int_nin_wii,No,,,Wii locker,,,-
1697,Wii U console,Wii U console (White),,,Fortune,-,No,-,-,"8,100",-,-,-,1x1,No,No,Yes,,,,,,151,-,-,Toy Shop,white,white,-,modern,,No,Yes,3240,2,2,the coloring,1,-,-,-,,-,-,Wii U,consola Wii U,consola Wii U,Wii U,Wii U,Wii U-Konsole,Wii U,Wii U,1697,0038,0507,0505,1736,1736,1700,1734,0041,1.4,32400,-,2F92,rmk_oth_WiiU,No,,,,,Wii U console,Wii U console
1698,Wii U game shelf,Wii U game shelf,,,Desert Island Escape,-,No,-,-,900,-,-,-,2x1,No,No,No,,,,,,551,-,-,Toy Shop,white,colorful,-,modern,,No,No,-,1,1,-,1,-,-,-,,-,-,Wii Uソフトのたな,estante juegos Wii U,estante juegos Wii U,rayon Wii U,rayon Wii U,Wii U-Software-Regal,scaff. giochi Wii U,Wii U 소프트웨어 수납장,1698,0040,0582,0580,1353,1351,1701,1118,0042,1.4,3600,-,3019,int_gms_shelf_W,No,,,,,Wii U game shelf,-
1699,Wii U station,Wii U station,,,Desert Island Escape,-,No,-,-,500,-,-,-,1x1,No,No,No,,,,,,551,-,-,Toy Shop,white,aqua,-,modern,,No,No,-,1,1,-,1,-,-,-,,-,-,Wii Uステーション,terminal Wii U,Wii U Station,Wii U Station,Wii U Station,Wii U Station,Wii U Station,Wii U 스테이션,1699,0039,1640,1739,1737,1737,1699,1735,0043,1.4,2000,-,3017,int_gms_station_W,No,,,,,Wii U station,-
1700,wobbelina,wobbelina (Pink),,,Nooklings,C,Yes,700,-,175,140,-,Doll,1x1,No,No,Yes,,,,,,151,nursery,Theme,Fairy Tale / Toy Shop,pink,pink,-,cute,,No,Yes,70,2,2,the body color,1,-,-,-,,-,-,おきあがりこぼし,muñequita,muñequita,culbutine,culbutine,Stehaufpüppchen,dondolina,오뚝이,1700,0230,1121,1120,0554,0553,1463,0425,1011,1.0,700,2A95,2B3F,rmk_bab_tumbler,No,,,,-,,-
1701,wood display stand,wood display stand (Brown),,,Campground Shop,-,No,-,-,400,320,-,-,1x1,No,Yes,No,,,,,,151,-,-,-,brown,brown,-,official,,No,Yes,160,3,3,the body color,1,-,-,-,,-,-,きのちんれつだい,expositor de madera,expositor de madera,socle expo planches,socle expo planches,Holzauslage,espositore in legno,나무 진열대,1701,0412,0609,0607,1433,1432,0609,0432,0183,1.4,1600,-,2FAE,rmk_shp_tbl_wo,No,,,,,wood display stand,wood display stand
1702,wooden bear,wooden bear,,,Campground Shop,-,No,-,-,300,240,-,Doll,1x1,No,No,Yes,,,,,,151,-,-,Harmonious / Antique / Toy Shop,brown,brown,-,iconic,,No,No,-,1,1,-,1,-,-,-,,-,-,きぼりのくま,oso de madera,oso de madera,ours en bois,ours en bois,Braunbärfigur,orso in legno,목각 곰,1702,0414,1150,1151,1141,1139,0181,0907,0492,1.4,1200,-,2EF7,int_jpn_bear,No,,,,,wooden bear,wooden bear
1703,wooden box,wooden box,,,Nooklings,A,Yes,200,-,50,40,-,Table,1x1,No,Yes,No,,,,,,151,-,-,-,brown,brown,-,basic,,No,No,-,1,1,-,1,-,-,-,,-,-,きばこ,cajón de madera,cajón de madera,boîte en bois,boîte en bois,Holzkiste,cassa di legno,나무 상자,1703,0413,0288,0286,0170,0168,0613,0264,0180,1.0,200,2BD0,2C7A,int_oth_fragile,No,,,,wooden box,,wooden box
1704,wooden bucket,wooden bucket,,,Campground Shop,-,No,-,-,300,240,-,-,1x1,No,No,Yes,,,,,,151,-,-,Rustic / Antique,brown,brown,-,historical,,No,No,-,1,1,-,1,-,-,-,,-,-,もくせいバケツ,balde de madera,cubo de madera,seau en bois,seau en bois,Holzeimer,secchio di legno,나무 양동이,1704,1565,0117,0520,1398,1396,0611,1174,0182,1.4,1200,-,2EDA,int_oth_bucket_wo,No,,,,wooden bucket,wooden bucket,wooden bucket
1705,wooden counter,wooden counter (Dark brown - Blue diamonds),,,Campground Shop,-,No,-,-,800,640,-,Table,2x1,No,Yes,No,,,,,,151,-,-,-,brown,blue,-,basic,,No,Yes,320,8,4,the body color,2,the display,-,-,,-,-,もくせいカウンター,mostrador de madera,mostrador de madera,comptoir en bois,comptoir en bois,Holztheke,bancone di legno,목제 카운터,1705,1563,1106,1105,0517,0516,0618,0136,0501,1.4,3200,-,2F33,rmk_oth_shopcounter,No,,,,,wooden counter,wooden counter
1706,wooden duckboards,wooden duckboards,,,Campground Shop,-,No,-,-,700,560,-,-,2x1,No,No,No,,,,,,151,-,-,Rustic,beige,beige,-,historical,,No,No,-,1,1,-,1,-,-,-,,-,-,すのこ,tarima tablillas,tarima tablillas,caillebotis,caillebotis,Holzabtropfbrett,pedana di legno,나무 발판,1706,0813,1593,1593,0260,0258,0606,0947,0179,1.4,2800,-,2F25,int_oth_sunoko,No,,,,,wooden duckboards,-
1707,wooden stool,wooden stool (None),,,Nooklings,A,Yes,"1,000",-,250,200,-,Seat,1x1,No,Yes,No,,,Sit,-,Sit,151,-,-,Rustic,brown,brown,-,historical,,No,Yes,100,3,1,-,3,the seat,-,-,,-,-,もくせいスツール,taburete de madera,taburete de madera,tabouret en bois,tabouret en bois,Holzschemel,sgabello di legno,목제 스툴,1707,1564,1561,1560,1590,1590,0616,1312,0500,1.0,1000,2C6F,2D19,rmk_oth_stool_wo,Yes,,,,wooden stool,wooden stool,wooden stool
1708,wood-plank table,wood-plank table,,,Campground Shop,-,No,-,-,700,560,-,Table,2x1,No,Yes,No,,,,,,151,-,-,-,brown,brown,-,historical,,No,No,-,1,1,-,1,-,-,-,,-,-,いちまいいたのテーブル,mesa tronco,mesa tronco,table en bois brut,table en bois brut,Baumstammtisch,tavolo legno vivo,원목 테이블,1708,0127,1030,1029,1524,1524,0130,1527,1064,1.4,2800,-,2F7C,int_jpn_platetableM,No,,,,wood-plank table,wood-plank table,wood-plank table
1709,worktable,worktable,,,Campground Shop,-,No,-,-,700,560,-,Table,2x1,No,Yes,No,,,,,,151,-,-,-,brown,brown,-,basic,,No,No,-,1,1,-,1,-,-,-,,-,-,さぎょうだい,mesa de trabajo,mesa de trabajo,établi,établi,Arbeitstisch,banco da lavoro,작업대,1709,0626,0976,0976,0612,0609,0053,0128,1136,1.4,2800,-,2F55,int_oth_workbench,No,,,,project table,worktable,worktable
1710,world map,world map (Color),,,Katie,-,No,-,-,300,240,-,-,2x1,Yes,No,No,,,,,,1280,-,-,-,aqua,aqua,-,iconic,,No,Yes,120,2,2,the map type,1,-,-,-,,-,-,せかいちず,mapamundi,mapamundi,carte du monde,carte du monde,Weltkarte,planisfero,세계 지도,1710,0832,0902,0899,0317,0315,1677,0997,0772,1.0,1200,2DC1,2E6B,rmk_oth_worldmap,Yes,,,,world map,world map,-
1711,writing chair,writing chair (Blank),,,Nooklings,A,Yes,"1,000",-,250,200,-,Seat,1x1,No,No,No,,,Sit,-,Sit,151,homework,Set,Sci-Fi,brown,white,-,official,,No,Yes,100,5,1,-,5,the seat material,-,-,,-,-,べんきょうイス,silla escritorio,silla escritorio,siège secrétaire,siège secrétaire,Sekretärstuhl,sedia scrittoio,책상 의자,1711,1400,1434,1434,1424,1423,1384,1244,1232,1.0,1000,2AD0,2B7A,rmk_std_chairS,No,,,,,,-
1712,writing desk,writing desk,,,Nooklings,D,Yes,"1,900",-,475,380,-,-,2x1,No,No,No,,,,,,151,homework,Set,Sci-Fi,brown,brown,-,official,,No,No,-,1,1,-,1,-,-,-,,-,-,べんきょうづくえ,escritorio,escritorio,secrétaire,secrétaire,Sekretär,scrittoio,공부 책상,1712,1401,0550,0548,1399,1397,1383,1159,0111,1.0,1900,2ACF,2B79,int_std_desk,No,,,,,,writing desk
1713,Wyvern eggs,Wyvern eggs,,,Felyne's RV,-,No,-,-,"3,000",-,-,-,2x2,No,No,No,,,,,,300,-,-,Toy Shop,beige,brown,-,iconic,,No,No,-,1,1,-,1,-,-,-,,-,-,ひりゅうのたまご,nido de wyvern,nido de wyvern,nid wyverne volante,nid wyverne volante,Wyvern-Nest,nido di wyvern,비룡의 알,1713,1321,1136,1137,1128,1126,1717,0842,0696,1.4,12000,-,301F,int_mnh_egges,No,,,,,Wyvern eggs,-
1714,xylophone,xylophone,,,Weber's RV,-,No,-,-,"1,400","1,120",-,Instrument,2x1,No,No,No,,,Press,-,Press,151,-,-,Toy Shop,brown,black,-,basic,,No,No,-,1,1,-,1,-,-,-,,-,-,シロフォン,xilófono,xilófono,xylophone,xylophone,Holz-Xylofon,xilofono,실로폰,1714,0731,1742,1741,1738,1738,0620,1736,0885,1.4,5600,-,2FA0,int_oth_xylophone,No,,,,,xylophone,xylophone
1715,yarn basket,yarn basket,,,Stella's RV,-,No,-,-,300,240,-,-,1x1,No,No,Yes,,,,,,151,-,-,-,brown,colorful,-,basic,,No,No,-,1,1,-,1,-,-,-,,-,-,けいとのカゴ,cesta de ovillos,cesta de ovillos,corbeille à laine,corbeille à laine,Wollkorb,cesto di gomitoli,털실 바구니,1715,0529,0416,0414,0535,0534,1710,0294,1419,1.4,1200,-,2EEA,int_oth_wool,No,,,,,yarn basket,yarn basket
1716,yellow certificate,yellow certificate,,,Nooklings,-,Yes,960,-,240,192,-,-,1x1,Yes,No,No,,,,,,151,-,-,-,white,brown,-,iconic,,No,No,-,1,1,-,1,-,-,-,,-,-,タテがきのしょうじょう,certificado amarillo,certificado amarillo,diplôme jaune,diplôme jaune,Fernost-Urkunde,attestato corso judo,세로로 쓴 표창장,1716,0892,0410,0408,0568,0567,0379,0104,0775,1.0,960,2CCA,2D74,int_oth_awardT,Yes,,,,,yellow certificate,-
1717,Yoshi's Egg,Yoshi's Egg,,,Fortune,-,No,-,-,210,-,-,-,1x1,No,No,No,,,,,,151,Nintendo,Set,Toy Shop,white,green,-,cute,,No,No,-,1,1,-,1,-,-,-,,-,-,ヨッシーのタマゴ,huevo de Yoshi,huevo de Yoshi,œuf de Yoshi,œuf de Yoshi,Yoshi-Ei,uovo di Yoshi,요시의 알,1717,1614,0719,0720,1132,1130,1718,1679,1044,1.0,840,2BE4,2C8E,int_nin_yoshiegg,No,,,Yoshi's egg,,,Yoshi's egg
1718,Yule log,Yule log,,,DLC,-,No,-,-,250,200,-,-,1x1,No,No,Yes,,,,,,300,-,-,Fairy Tale,brown,green,-,cute,,No,No,-,1,1,-,1,-,-,-,,-,-,ブッシュ・ド・ノエル,tronco de chocolate,tronco de chocolate,bûche au chocolat,bûche au chocolat,Bûche de Noël,rotolo dolce,부쉬 드 노엘,1718,1358,1701,1700,0215,0213,0192,1092,0664,1.0,1000,2C4D,2CF7,int_oth_buche,Yes,,,,Yule log,Yule log,Yule log
1719,yut board,yut board,,,Isabelle,-,No,-,-,125,-,-,-,1x1,No,No,No,,,,,,499,-,-,Harmonious / Toy Shop,white,colorful,-,iconic,,No,No,-,1,1,-,1,-,-,-,,-,-,ユンノリセット,tablero de yut,tablero de yut,yut,yut,Yut-Spiel,yut,윷놀이 세트,1719,1600,1552,1552,1741,1741,1720,1737,1081,1.0,500,2C08,2CB2,int_oth_yutnori,No,,,yut,,,-
1720,zen backpack,zen backpack (Red),,,Leopold's RV,-,No,-,-,400,320,-,-,1x1,No,No,Yes,,,,,,151,-,-,-,red,red,-,official,,No,Yes,160,7,7,the body color,1,-,-,-,,-,-,ランドセル,mochila escolar,mochila escolar,cartable japonais,cartable japonais,Schulranzen,zaino giapponese,배낭형 네모 가방,1720,1640,1080,1079,0316,0314,1368,1739,0590,1.4,1600,-,2F70,rmk_sch_satchel,No,,,,,zen backpack,-
1721,zen barrel,zen barrel,,,Campground Shop,-,No,-,-,300,240,-,-,1x1,No,Yes,No,,,,,,151,-,-,Harmonious,brown,green,-,historical,,No,No,-,1,1,-,1,-,-,-,,-,-,わだる,barril japonés,barril japonés,baquet,baquet,Fernost-Fass,botte giapponese,동양풍 나무통,1721,1737,0167,0164,0120,0119,0371,0196,0315,1.4,1200,-,2F8E,int_jpn_barrel,No,,,,,zen barrel,zen barrel
1722,zen chair,zen chair (Light wood - Adzuki bean),,,Sylvana's RV,-,No,-,-,400,320,-,Seat,1x1,No,No,No,,,Sit,-,Sit,151,-,-,-,beige,red,-,basic,,No,Yes,160,12,3,the chair color,4,the cushion color,-,-,,-,-,わふうなカウンターイス,silla zen,silla de bar añeja,chaise de bar zen,chaise de bar zen,Barstuhl,sedia classica,동양풍 카운터 의자,1722,1739,1479,1413,0351,0350,0126,1192,0319,1.4,1600,-,2F74,rmk_jpn_counterchair,No,,,,,zen chair,zen chair
1723,zen cupboard,zen cupboard,,,Snooty's RV,-,No,-,-,700,560,-,Table,2x1,No,Yes,No,,,,,,151,-,-,-,brown,brown,-,historical,,No,No,-,1,1,-,1,-,-,-,,-,-,わふうなローボード,banco TV,banco TV,commode basse zen,commode basse zen,Fernost-Schränkchen,cassapanca giapp.,동양풍 낮은 벽장,1723,1742,0136,0133,0475,0474,0374,0268,0316,1.4,2800,-,2FF6,int_jpn_lowboard,No,,,,,zen cupboard,zen cupboard
1724,zen cushion,zen cushion (Navy blue),,,Snooty's RV,-,No,-,-,400,320,-,-,1x1,No,Yes,No,,,,,,151,-,-,Harmonious,blue,blue,-,basic,,No,Yes,160,5,1,-,5,the fabric,-,-,,-,-,ざぶとん,cojín con borlas,cojín con borlas,zabuton,zabuton,Fernost-Kissen,cuscino giapponese,방석,1724,0635,0446,0446,1742,1742,0372,0397,0584,1.4,1600,-,3012,rmk_jpn_cushion,No,,,,zen cushion,zen cushion,zen cushion
1725,zen desk,zen desk,,,Snooty's RV,-,No,-,-,700,560,-,Table,2x1,No,Yes,No,,,,,,151,-,-,Harmonious / Antique,brown,brown,-,historical,,No,No,-,1,1,-,1,-,-,-,,-,-,ふづくえ,mesa de caligrafía,mesa de caligrafía,écritoire japonais,écritoire japonais,Kalligrafietisch,scrittoio giapponese,오리엔탈 책상,1725,1355,0961,0960,0586,0585,0664,1162,1019,1.4,2800,-,2EF9,int_jpn_fuzukue,No,,,,,zen desk,zen desk
1726,zen low table,zen low table,,,Billy's RV,-,No,-,-,700,560,-,Table,2x1,No,Yes,No,,,,,,151,-,-,-,brown,brown,-,historical,,No,No,-,1,1,-,1,-,-,-,,-,-,わふうなローテーブル,mesita de té,mesita de té,table basse zen,table basse zen,Fernost-Tisch,tavolino giapponese,동양풍 낮은 테이블,1726,1741,1042,1041,1490,1490,0376,1470,0317,1.4,2800,-,2F64,int_jpn_tableM,No,,,,zen low table,zen low table,-
1727,zen phone stand,zen phone stand,,,Billy's RV,-,No,-,-,300,240,-,-,1x1,No,Yes,No,,,,,,151,-,-,-,brown,brown,-,historical,,No,No,-,1,1,-,1,-,-,-,,-,-,わふうなでんわだい,mesita con tapete,mesita con tapete,meuble téléphone zen,meuble téléphone zen,Telefontisch,mobile telefono,동양풍 전화기 선반,1727,1740,1039,1038,1077,1076,1548,0799,0318,1.4,1200,-,2F46,int_jpn_telephonerack,No,,,,,zen phone stand,zen phone stand
1728,zen screen,zen screen,,,Wade's RV,-,No,-,-,700,560,-,-,2x1,No,No,No,,,,,,151,-,-,Harmonious,beige,white,-,historical,,No,No,-,1,1,-,1,-,-,-,,-,-,しょうじのついたて,mampara oriental,mampara oriental,paravent shôji,paravent shôji,Shoji-Trennwand,separé giapponese,창호지 파티션,1728,0713,0895,0892,1192,1190,1392,1270,1230,1.4,2800,-,2F8B,int_jpn_screen,No,,,,,zen screen,-
1729,zen tea set,zen tea set (Bean rice cake),,,Tad's RV,-,No,-,-,400,320,-,-,1x1,No,No,Yes,,,,,,151,-,-,Harmonious,brown,white,-,basic,,No,Yes,160,5,5,the tea snack,1,-,-,-,,-,-,おちゃうけセット,juego de té oriental,tentempié oriental,plateau de thé,plateau de thé,Asia-Tee-Set,tè con dolcetti,동양풍 티 세트,1729,0241,0744,1637,1266,1264,0060,1564,0320,1.4,1600,-,2F0F,rmk_jpn_ochauke,No,,,,,zen tea set,zen tea set
1730,zero lamp,zero lamp (White),,,Spotlight,-,Yes,"10,000",-,"2,500","2,000",-,Light,1x1,No,No,Yes,,,Toggle,Light,Press,351,-,-,Trendy,white,white,-,cute,,No,Yes,1000,7,7,the number color,1,-,-,-,,-,-,0のランプ,lámpara cero,lámpara cero,lampe 0,lampe 0,„0“-Lampe,lampada a 0,0 램프,1730,0001,0768,0768,0856,0854,0002,0558,0002,1.0,10000,2DF9,2EA3,rmk_nmb_0,Yes,,,,,zero lamp,-
1731,zodiac boar,zodiac boar,,,Isabelle,-,No,-,-,120,-,-,Doll,1x1,No,No,Yes,,,,,,499,-,-,Harmonious,brown,blue,-,iconic,,No,No,-,1,1,-,1,-,-,-,,-,-,えとのおきもの・い,figura de jabalí,figura de jabalí,figurine de cochon,figurine de cochon,Schweinefigur,figurina di cinghia.,돼지띠 장식품,1731,0175,0633,0633,0684,0682,1375,0450,0322,1.0,480,2DA4,2E4E,int_eto_12,Yes,,,,zodiac boar figurine,zodiac boar,zodiac boar
1732,zodiac dog,zodiac dog,,,Isabelle,-,No,-,-,120,-,-,Doll,1x1,No,No,Yes,,,,,,499,-,-,Harmonious,black,orange,-,iconic,,No,No,-,1,1,-,1,-,-,-,,-,-,えとのおきもの・いぬ,figura de perro,figura de perro,figurine de chien,figurine de chien,Hundefigur,figurina di cane,개띠 장식품,1732,0176,0637,0637,0683,0681,0626,0448,0078,1.0,480,2DA3,2E4D,int_eto_11,Yes,,,,zodiac dog figuring,zodiac dog,zodiac dog
1733,zodiac dragon,zodiac dragon,,,Isabelle,-,No,-,-,120,-,-,Doll,1x1,No,No,Yes,,,,,,499,-,-,Harmonious,green,purple,-,iconic,,No,No,-,1,1,-,1,-,-,-,,-,-,えとのおきもの・たつ,figura de dragón,figura de dragón,figurine de dragon,figurine de dragon,Drachenfigur,figurina di drago,용띠 장식품,1733,0181,0631,0631,0686,0684,0286,0452,1047,1.0,480,2D9D,2E47,int_eto_05,Yes,,,,zodiac dragon figurine,zodiac dragon,-
1734,zodiac goat,zodiac goat,,,Isabelle,-,No,-,-,120,-,-,Doll,1x1,No,No,Yes,,,,,,499,-,-,Harmonious,yellow,blue,-,iconic,,No,No,-,1,1,-,1,-,-,-,,-,-,えとのおきもの・ひつじ,figura de oveja,figura de oveja,figurine de mouton,figurine de mouton,Schafsfigur,figurina di pecora,양띠 장식품,1734,0185,0636,0636,0688,0686,1302,0455,0969,1.0,480,2DA0,2E4A,int_eto_08,Yes,,,,zodiac goat figurine,zodiac goat,-
1735,zodiac horse,zodiac horse,,,Isabelle,-,No,-,-,120,-,-,Doll,1x1,No,No,Yes,,,,,,499,-,-,Harmonious,red,green,-,iconic,,No,No,-,1,1,-,1,-,-,-,,-,-,えとのおきもの・うま,figura de caballo,figura de caballo,figurine de cheval,figurine de cheval,Pferdefigur,figurina di cavallo,말띠 장식품,1735,0179,0630,0630,0682,0680,1089,0449,0450,1.0,480,2D9F,2E49,int_eto_07,Yes,,,,zodiac horse figurine,zodiac horse,-
1736,zodiac monkey,zodiac monkey,,,Isabelle,-,No,-,-,120,-,-,Doll,1x1,No,No,Yes,,,,,,499,-,-,Harmonious,brown,purple,-,iconic,,No,No,-,1,1,-,1,-,-,-,,-,-,えとのおきもの・さる,figura de mono,figura de mono,figurine de singe,figurine de singe,Affenfigur,figurina di scimmia,원숭이띠 장식품,1736,0180,0635,0635,0691,0689,0031,0456,1065,1.0,480,2DA1,2E4B,int_eto_09,Yes,,,,zodiac monkey figurine,zodiac monkey,-
1737,zodiac ox,zodiac ox,,,Isabelle,-,No,-,-,120,-,-,Doll,1x1,No,No,Yes,,,,,,499,-,-,Harmonious,black,red,-,iconic,,No,No,-,1,1,-,1,-,-,-,,-,-,えとのおきもの・うし,figura de buey,figura de buey,figurine de buffle,figurine de buffle,Büffelfigur,figurina di mucca,소띠 장식품,1737,0178,0629,0629,0681,0679,0197,0454,0780,1.0,480,2D9A,2E44,int_eto_02,Yes,,,,zodiac ox figurine,zodiac ox,zodiac ox
1738,zodiac rabbit,zodiac rabbit,,,Isabelle,-,No,-,-,120,-,-,Doll,1x1,No,No,Yes,,,,,,499,-,-,Harmonious,white,red,-,iconic,,No,No,-,1,1,-,1,-,-,-,,-,-,えとのおきもの・う,figura de liebre,figura de liebre,figurine de lièvre,figurine de lièvre,Hasenfigur,figurina di coniglio,토끼띠 장식품,1738,0177,0634,0634,0687,0685,0553,0451,1428,1.0,480,2D9C,2E46,int_eto_04,Yes,,,,zodiac rabbit figurine,zodiac rabbit,-
1739,zodiac rat,zodiac rat,,,Isabelle,-,No,-,-,120,-,-,Doll,1x1,No,No,Yes,,,,,,499,-,-,Harmonious,white,purple,-,iconic,,No,No,-,1,1,-,1,-,-,-,,-,-,えとのおきもの・ね,figura de rata,figura de rata,figurine de rat,figurine de rat,Rattenfigur,figurina di topo,쥐띠 장식품,1739,0184,0638,0638,0689,0687,1186,0459,1214,1.0,480,2D99,2E43,int_eto_01,Yes,,,,zodiac rat figurine,zodiac rat,zodiac rat
1740,zodiac rooster,zodiac rooster,,,Isabelle,-,No,-,-,120,-,-,Doll,1x1,No,No,Yes,,,,,,499,-,-,Harmonious,white,orange,-,iconic,,No,No,-,1,1,-,1,-,-,-,,-,-,えとのおきもの・とり,figura de gallo,figura de gallo,figurine de coq,figurine de coq,Hahnenfigur,figurina di gallo,닭띠 장식품,1740,0183,0632,0632,0685,0683,0542,0453,0277,1.0,480,2DA2,2E4C,int_eto_10,Yes,,,,zodiac rooster figurine,zodiac rooster,-
1741,zodiac snake,zodiac snake,,,Isabelle,-,No,-,-,120,-,-,Doll,1x1,No,No,Yes,,,,,,499,-,-,Harmonious,white,yellow,-,iconic,,No,No,-,1,1,-,1,-,-,-,,-,-,えとのおきもの・み,figura de serpiente,figura de serpiente,figurine de serpent,figurine de serpent,Schlangenfigur,figurina di serpente,뱀띠 장식품,1741,0186,0639,0639,0690,0688,1327,0457,0594,1.0,480,2D9E,2E48,int_eto_06,Yes,,,,zodiac snake figurine,zodiac snake,-
1742,zodiac tiger,zodiac tiger,,,Isabelle,-,No,-,-,120,-,-,Doll,1x1,No,No,Yes,,,,,,499,-,-,Harmonious,yellow,green,-,iconic,,No,No,-,1,1,-,1,-,-,-,,-,-,えとのおきもの・とら,figura de tigre,figura de tigre,figurine de tigre,figurine de tigre,Tigerfigur,figurina di tigre,호랑이띠 장식품,1742,0182,0640,0640,0692,0690,1557,0458,1680,1.0,480,2D9B,2E45,int_eto_03,Yes,,,,zodiac tiger figurine,zodiac tiger,zodiac tiger
-,good-luck charm,good-luck charm,,,Desert Island Escape,-,No,-,-,"2,500",-,-,-,1x1,Yes,No,No,,,,,,0,-,-,-,black,black,-,-,,No,No,-,1,1,-,1,-,-,-,,-,-,おまもり,amuleto,amuleto,amulette,amulette,Glücksarmband,monile portafortuna,행운 참,-,-,-,-,-,-,-,-,-,1.4,10000,-,22DF,int_oth_amulet,Yes,,,,,,-
-,magic lamp,magic lamp,,,Ground,-,No,-,-,100,-,-,-,1x1,No,No,Yes,,,,,,300,-,-,-,-,-,-,-,,No,No,-,1,1,-,1,-,-,-,Used to summon Wisp for amiibo,-,-,まほうのランプ,lámpara mágica,lámpara mágica,lampe magique,lampe magique,Zauberlampe,lampada magica,마법 램프,-,-,-,-,-,-,-,-,-,1.4,400,-,3726,int_oth_lamp,Yes,,,,,,-
-,Ikada trophy,Ikada trophy,,,Desert Island Escape,-,No,-,-,"2,500",-,-,-,1x1,No,No,Yes,,,,,,151,-,-,-,yellow,brown,-,official,,No,No,-,1,1,-,1,-,-,-,,-,-,いかだのトロフィー,trofeo Ikada,trofeo Ikada,trophée radeau,trophée radeau,Floßtrophäe,trofeo zattera,뗏목 트로피,-,-,-,-,-,-,-,-,-,1.4,10000,-,372A,int_esc_trophy,Yes,,,,,,-
-,T. rex model,T. rex model,,,Cyrus,-,No,-,-,"2,500","2,000",-,Model,1x1,No,No,Yes,,,-,,,1351,-,-,Antique / Quirky,-,-,-,historical,,No,No,-,1,1,-,1,-,-,-,,-,-,Tレックス,tiranosaurio,tiranosaurio,maquette de T. rex,maquette de T. rex,T-Rex-Modell,tirannosauro,티렉스,-,-,-,-,-,-,-,-,-,1.0,66000,2ED3,3173,int_din_trex_m,Yes,,,,,T. rex model,-
-,tricera model,tricera model,,,Cyrus,-,No,-,-,"2,500","2,000",-,Model,1x1,No,No,Yes,,,-,,,1351,-,-,Antique / Quirky,-,-,-,historical,,No,No,-,1,1,-,1,-,-,-,,-,-,トリケラトプス,triceratops,triceratops,maquette tricératops,maquette tricératops,Triceratops-Modell,triceratopo,트리케라톱스,-,-,-,-,-,-,-,-,-,1.0,60000,2ED4,3174,int_din_tri_m,Yes,,,,,tricera model,-
-,mammoth model,mammoth model,,,Cyrus,-,No,-,-,"2,500","2,000",-,Model,1x1,No,No,Yes,,,-,,,1351,-,-,Antique / Quirky,-,-,-,historical,,No,No,-,1,1,-,1,-,-,-,,-,-,マンモス,mamut,mamut,maquette mammouth,maquette mammouth,Mammut-Modell,mammut,매머드,-,-,-,-,-,-,-,-,-,1.0,22000,2ED5,3175,int_din_mam_m,Yes,,,,,mammoth model,-
-,ankylo model,ankylo model,,,Cyrus,-,No,-,-,"2,500","2,000",-,Model,1x1,No,No,Yes,,,-,,,1351,-,-,Antique / Quirky,-,-,-,historical,,No,No,-,1,1,-,1,-,-,-,,-,-,アンキロサウルス,anquilosaurio,anquilosaurio,maquette ankylosaure,maquette ankylosaure,Ankylosaurus-Modell,anchilosauro,안킬로사우루스,-,-,-,-,-,-,-,-,-,1.0,36000,2ED6,3176,int_din_ank_m,Yes,,,,,ankylo model,-
-,apato model,apato model,,,Cyrus,-,No,-,-,"2,500","2,000",-,Model,1x1,No,No,Yes,,,-,,,1351,-,-,Antique / Quirky,-,-,-,historical,,No,No,-,1,1,-,1,-,-,-,,-,-,アパトサウルス,apatosaurio,apatosaurio,maquette apatosaure,maquette apatosaure,Apatosaurus-Modell,brontosauro,아파토사우루스,-,-,-,-,-,-,-,-,-,1.0,54000,2ED7,3177,int_din_apt_m,Yes,,,,,apato model,-
-,dimetrodon model,dimetrodon model,,,Cyrus,-,No,-,-,"2,500","2,000",-,Model,1x1,No,No,Yes,,,-,,,1351,-,-,Antique / Quirky,-,-,-,historical,,No,No,-,1,1,-,1,-,-,-,,-,-,ディメトロドン,dimetrodonte,dimetrodonte,maquette dimétrodon,maquette dimétrodon,Dimetrodon-Modell,dimetrodonte,디메트로돈,-,-,-,-,-,-,-,-,-,1.0,60000,2ED8,3178,int_din_dimet_m,Yes,,,,,dimetrodon model,-
-,iguanodon model,iguanodon model,,,Cyrus,-,No,-,-,"2,500","2,000",-,Model,1x1,No,No,Yes,,,-,,,1351,-,-,Antique / Quirky,-,-,-,historical,,No,No,-,1,1,-,1,-,-,-,,-,-,イグアノドン,iguanodonte,iguanodonte,maquette d'iguanodon,maquette d'iguanodon,Iguanodon-Modell,iguanodonte,이구아노돈,-,-,-,-,-,-,-,-,-,1.0,42000,2ED9,3179,int_din_igano_m,Yes,,,,,iguanodon model,-
-,sabertooth model,sabertooth model,,,Cyrus,-,No,-,-,"2,500","2,000",-,Model,1x1,No,No,Yes,,,-,,,1351,-,-,Antique / Quirky,-,-,-,historical,,No,No,-,1,1,-,1,-,-,-,,-,-,サーベルタイガー,tigre dientes sable,tigre dientes sable,maquette de smilodon,maquette de smilodon,Säbelzahn-Modell,smilodonte,스밀로돈,-,-,-,-,-,-,-,-,-,1.0,18000,2EDA,317A,int_din_saber_m,Yes,,,,,sabertooth model,-
-,pachy model,pachy model,,,Cyrus,-,No,-,-,"2,500","2,000",-,Model,1x1,No,No,Yes,,,-,,,1351,-,-,Antique / Quirky,-,-,-,historical,,No,No,-,1,1,-,1,-,-,-,,-,pachysaurus model,パキケファロサウルス,paquicefalosaurio,paquicefalosaurio,maquette pachycéphal,maquette pachycéphal,Pachysaurus-Modell,pachicefalosauro,파키세팔로사우루스,-,-,-,-,-,-,-,-,-,1.0,42000,2EDB,317B,int_din_pachy_m,Yes,,,,,pachy model,-
-,parasaur model,parasaur model,,,Cyrus,-,No,-,-,"2,500","2,000",-,Model,1x1,No,No,Yes,,,-,,,1351,-,-,Antique / Quirky,-,-,-,historical,,No,No,-,1,1,-,1,-,-,-,,-,-,パラサウロロフス,parasaurio,parasaurio,maquette parasauro,maquette parasauro,Parasaurus-Modell,parasauro,파라사우롤로푸스,-,-,-,-,-,-,-,-,-,1.0,36000,2EDC,317C,int_din_para_m,Yes,,,,,parasaur model,-
-,diplo model,diplo model,,,Cyrus,-,No,-,-,"2,500","2,000",-,Model,1x1,No,No,Yes,,,-,,,1351,-,-,Antique / Quirky,-,-,-,historical,,No,No,-,1,1,-,1,-,-,-,,-,-,セイスモサウルス,diplodocus,diplodocus,maquette séismosaure,maquette séismosaure,Seismosaurus-Modell,seismosauro,세이스모사우루스,-,-,-,-,-,-,-,-,-,1.0,88000,2EDD,317D,int_din_sei_m,Yes,,,,,diplo model,-
-,plesio model,plesio model,,,Cyrus,-,No,-,-,"2,500","2,000",-,Model,1x1,No,No,Yes,,,-,,,1351,-,-,Antique / Quirky,-,-,-,historical,,No,No,-,1,1,-,1,-,-,-,,-,-,フタバスズキリュウ,plesiosaurio,plesiosaurio,maquette plésiosaure,maquette plésiosaure,Plesiosaurus-Modell,plesiosauro,플레시오사우루스,-,-,-,-,-,-,-,-,-,1.0,52000,2EDE,317E,int_din_suz_m,Yes,,,,,plesio model,-
-,stego model,stego model,,,Cyrus,-,No,-,-,"2,500","2,000",-,Model,1x1,No,No,Yes,,,-,,,1351,-,-,Antique / Quirky,-,-,-,historical,,No,No,-,1,1,-,1,-,-,-,,-,-,ステゴサウルス,estegosaurio,estegosaurio,maquette stégosaure,maquette stégosaure,Stegosaurus-Modell,stegosauro,스테고사우루스,-,-,-,-,-,-,-,-,-,1.0,54000,2EDF,317F,int_din_ste_m,Yes,,,,,stego model,-
-,ptera model,ptera model,,,Cyrus,-,No,-,-,"2,500","2,000",-,Model,1x1,No,No,Yes,,,-,,,1351,-,-,Antique / Quirky,-,-,-,historical,,No,No,-,1,1,-,1,-,-,-,,-,-,プテラノドン,pteranodonte,pteranodonte,maquette ptéranodon,maquette ptéranodon,Pteranodon-Modell,pterodattilo,프테라노돈,-,-,-,-,-,-,-,-,-,1.0,52000,2EE0,3180,int_din_pte_m,Yes,,,,,ptera model,-
-,ichthyo model,ichthyo model,,,Cyrus,-,No,-,-,"2,500","2,000",-,Model,1x1,No,No,Yes,,,-,,,1351,-,-,Antique / Quirky,-,-,-,historical,,No,No,-,1,1,-,1,-,-,-,,-,-,イクチオサウルス,ictiosaurio,ictiosaurio,maquette ichtyosaure,maquette ichtyosaure,Ichthyosaurus-Modell,ittiosauro,이크티오사우루스,-,-,-,-,-,-,-,-,-,1.0,18000,2EE1,3181,int_din_iku_m,Yes,,,,,ichthyo model,-
-,raptor model,raptor model,,,Cyrus,-,No,-,-,"2,500","2,000",-,Model,1x1,No,No,Yes,,,-,,,1351,-,-,Antique / Quirky,-,-,-,historical,,No,No,-,1,1,-,1,-,-,-,,-,-,ラプター,velocirraptor,velocirraptor,maquette de raptor,maquette de raptor,Velociraptor-Modell,velociraptor,랩터,-,-,-,-,-,-,-,-,-,1.0,22000,2EE2,3182,int_din_raptor_m,Yes,,,,,raptor model,-
-,styraco model,styraco model,,,Cyrus,-,No,-,-,"2,500","2,000",-,Model,1x1,No,No,Yes,,,-,,,1351,-,-,Antique / Quirky,-,-,-,historical,,No,No,-,1,1,-,1,-,-,-,,-,-,スティラコサウルス,estiracosaurio,estiracosaurio,maquette de styraco,maquette de styraco,Styracosaurus-Modell,stiracosauro,스티라코사우루스,-,-,-,-,-,-,-,-,-,1.0,36000,2EE3,3183,int_din_sty_m,Yes,,,,,styraco model,-
-,spino model,spino model,,,Cyrus,-,No,-,-,"2,500","2,000",-,Model,1x1,No,No,Yes,,,-,,,1351,-,-,Antique / Quirky,-,-,-,historical,,No,No,-,1,1,-,1,-,-,-,,-,-,スピノサウルス,espinosaurio,espinosaurio,maquette spinosaurus,maquette spinosaurus,Spinosaurus-Modell,spinosauro,스피노사우루스,-,-,-,-,-,-,-,-,-,1.0,38000,2EE4,3184,int_din_spi_m,Yes,,,,,spino model,-
-,megacero model,megacero model,,,Cyrus,-,No,-,-,"2,500","2,000",-,Model,1x1,No,No,Yes,,,-,,,1351,-,-,Antique / Quirky,-,-,-,historical,,No,No,-,1,1,-,1,-,-,-,,-,-,ブロントテリウム,brontoterio,brontoterio,maquette de bronto,maquette de bronto,Megacerops-Modell,brontoterio,브론토테륨,-,-,-,-,-,-,-,-,-,1.0,44000,2EE5,3185,int_din_bro_m,Yes,,,,,megacero model,-
-,archelon model,archelon model,,,Cyrus,-,No,-,-,"2,500","2,000",-,Model,1x1,No,No,Yes,,,-,,,1351,-,-,Antique / Quirky,-,-,-,historical,,No,No,-,1,1,-,1,-,-,-,,-,-,アーケロン,archelon,archelon,maquette d'archelon,maquette d'archelon,Archelon-Modell,archelone,아르켈론,-,-,-,-,-,-,-,-,-,1.0,30000,2EE6,3186,int_din_arc_m,Yes,,,,,archelon model,-